dataset,frame_id,factor,value,finite_points,fov_points,fov_pct,eligible_objects,object_points,inside_box_points,macro_box_pct,micro_box_pct,median_shift_px
kitti,000001,yaw_deg,-3.00000000,120268,18637,15.49622510,3,97,0,0.00000000,0.00000000,38.00152157
kitti,000001,yaw_deg,-2.00000000,120268,18627,15.48791033,3,97,13,9.41798942,13.40206186,25.31649560
kitti,000001,yaw_deg,-1.00000000,120268,18635,15.49456214,3,97,54,54.76190476,55.67010309,12.65192125
kitti,000001,yaw_deg,-0.50000000,120268,18633,15.49289919,3,97,76,76.24338624,78.35051546,6.32477437
kitti,000001,yaw_deg,0.00000000,120268,18630,15.49040476,3,97,97,100.00000000,100.00000000,0.00000000
kitti,000001,yaw_deg,0.50000000,120268,18629,15.48957329,3,97,72,77.08994709,74.22680412,6.32418270
kitti,000001,yaw_deg,1.00000000,120268,18630,15.49040476,3,97,41,29.20634921,42.26804124,12.64912395
kitti,000001,yaw_deg,2.00000000,120268,18633,15.49289919,3,97,7,3.33333333,7.21649485,25.30521657
kitti,000001,yaw_deg,3.00000000,120268,18635,15.49456214,3,97,0,0.00000000,0.00000000,37.97782152
kitti,000001,pitch_deg,0.00000000,120268,18630,15.49040476,3,97,97,100.00000000,100.00000000,0.00000000
kitti,000001,pitch_deg,0.50000000,120268,18174,15.11125154,3,97,86,77.24867725,88.65979381,6.32429722
kitti,000001,pitch_deg,1.00000000,120268,17730,14.74207603,3,97,62,47.40740741,63.91752577,12.64903865
kitti,000001,pitch_deg,2.00000000,120268,16815,13.98127515,3,97,12,8.46560847,12.37113402,25.30737723
kitti,000001,pitch_deg,3.00000000,120268,15870,13.19552998,3,97,0,0.00000000,0.00000000,37.98280069
kitti,000001,roll_deg,0.00000000,120268,18630,15.49040476,3,97,97,100.00000000,100.00000000,0.00000000
kitti,000001,roll_deg,1.00000000,120268,18644,15.50204543,3,97,97,100.00000000,100.00000000,0.26917976
kitti,000001,roll_deg,2.00000000,120268,18620,15.48209000,3,97,97,100.00000000,100.00000000,0.53833838
kitti,000001,roll_deg,3.00000000,120268,18663,15.51784348,3,97,96,98.14814815,98.96907216,0.80745541
kitti,000001,ty_m,-0.10000000,120268,18599,15.46462900,3,97,96,99.52380952,98.96907216,1.13884764
kitti,000001,ty_m,-0.05000000,120268,18613,15.47626966,3,97,96,99.52380952,98.96907216,0.56942376
kitti,000001,ty_m,-0.02000000,120268,18624,15.48541590,3,97,97,100.00000000,100.00000000,0.22776949
kitti,000001,ty_m,0.00000000,120268,18630,15.49040476,3,97,97,100.00000000,100.00000000,0.00000000
kitti,000001,ty_m,0.02000000,120268,18637,15.49622510,3,97,97,100.00000000,100.00000000,0.22776947
kitti,000001,ty_m,0.05000000,120268,18650,15.50703429,3,97,96,99.52380952,98.96907216,0.56942365
kitti,000001,ty_m,0.10000000,120268,18659,15.51451758,3,97,94,97.19576720,96.90721649,1.13884719
kitti,000004,yaw_deg,-3.00000000,115976,19049,16.42494999,2,103,18,11.68831169,17.47572816,43.17606401
kitti,000004,yaw_deg,-2.00000000,115976,19067,16.44047044,2,103,47,41.98301698,45.63106796,28.96726039
kitti,000004,yaw_deg,-1.00000000,115976,19080,16.45167966,2,103,80,73.60139860,77.66990291,14.57938586
kitti,000004,yaw_deg,-0.50000000,115976,19076,16.44823067,2,103,95,90.98401598,92.23300971,7.31443115
kitti,000004,yaw_deg,0.00000000,115976,19063,16.43702145,2,103,103,100.00000000,100.00000000,0.00000000
kitti,000004,yaw_deg,0.50000000,115976,19053,16.42839898,2,103,97,91.00899101,94.17475728,7.36555241
kitti,000004,yaw_deg,1.00000000,115976,19032,16.41029178,2,103,82,74.90009990,79.61165049,14.78390979
kitti,000004,yaw_deg,2.00000000,115976,18975,16.36114368,2,103,56,47.82717283,54.36893204,29.78597899
kitti,000004,yaw_deg,3.00000000,115976,18965,16.35252121,2,103,21,13.63636364,20.38834951,45.02052090
kitti,000004,pitch_deg,0.00000000,115976,19063,16.43702145,2,103,103,100.00000000,100.00000000,0.00000000
kitti,000004,pitch_deg,0.50000000,115976,18606,16.04297441,2,103,92,92.85714286,89.32038835,6.35210673
kitti,000004,pitch_deg,1.00000000,115976,18158,15.65668759,2,103,25,17.50749251,24.27184466,12.70982838
kitti,000004,pitch_deg,2.00000000,115976,17240,14.86514451,2,103,0,0.00000000,0.00000000,25.44644782
kitti,000004,pitch_deg,3.00000000,115976,16290,14.04600952,2,103,0,0.00000000,0.00000000,38.21821641
kitti,000004,roll_deg,0.00000000,115976,19063,16.43702145,2,103,103,100.00000000,100.00000000,0.00000000
kitti,000004,roll_deg,1.00000000,115976,19056,16.43098572,2,103,103,100.00000000,100.00000000,5.03782225
kitti,000004,roll_deg,2.00000000,115976,19041,16.41805201,2,103,98,95.47952048,95.14563107,10.07489284
kitti,000004,roll_deg,3.00000000,115976,19076,16.44823067,2,103,66,59.41558442,64.07766990,15.11082774
kitti,000004,ty_m,-0.10000000,115976,19063,16.43702145,2,103,103,100.00000000,100.00000000,1.90685133
kitti,000004,ty_m,-0.05000000,115976,19064,16.43788370,2,103,103,100.00000000,100.00000000,0.95342551
kitti,000004,ty_m,-0.02000000,115976,19065,16.43874595,2,103,103,100.00000000,100.00000000,0.38137016
kitti,000004,ty_m,0.00000000,115976,19063,16.43702145,2,103,103,100.00000000,100.00000000,0.00000000
kitti,000004,ty_m,0.02000000,115976,19073,16.44564393,2,103,103,100.00000000,100.00000000,0.38137011
kitti,000004,ty_m,0.05000000,115976,19075,16.44736842,2,103,103,100.00000000,100.00000000,0.95342519
kitti,000004,ty_m,0.10000000,115976,19069,16.44219494,2,103,103,100.00000000,100.00000000,1.90685007
kitti,000007,yaw_deg,-3.00000000,122798,19515,15.89195264,4,240,46,6.02094241,19.16666667,38.24808542
kitti,000007,yaw_deg,-2.00000000,122798,19508,15.88625222,4,240,105,19.66795260,43.75000000,25.49630084
kitti,000007,yaw_deg,-1.00000000,122798,19363,15.76817212,4,240,177,58.39322127,73.75000000,12.75036177
kitti,000007,yaw_deg,-0.50000000,122798,19351,15.75839997,4,240,222,92.98263985,92.50000000,6.37649866
kitti,000007,yaw_deg,0.00000000,122798,19423,15.81703285,4,240,240,100.00000000,100.00000000,0.00000000
kitti,000007,yaw_deg,0.50000000,122798,19433,15.82517631,4,240,212,78.61835216,88.33333333,6.38080313
kitti,000007,yaw_deg,1.00000000,122798,19388,15.78853076,4,240,172,48.79140259,71.66666667,12.76672724
kitti,000007,yaw_deg,2.00000000,122798,19236,15.66475024,4,240,99,14.14301460,41.25000000,25.55706046
kitti,000007,yaw_deg,3.00000000,122798,19268,15.69080930,4,240,42,5.49738220,17.50000000,38.38287591
kitti,000007,pitch_deg,0.00000000,122798,19423,15.81703285,4,240,240,100.00000000,100.00000000,0.00000000
kitti,000007,pitch_deg,0.50000000,122798,18960,15.43999088,4,240,200,54.46183522,83.33333333,6.38076261
kitti,000007,pitch_deg,1.00000000,122798,18515,15.07760713,4,240,145,33.75392670,60.41666667,12.76693050
kitti,000007,pitch_deg,2.00000000,122798,17586,14.32108015,4,240,68,13.24607330,28.33333333,25.55947496
kitti,000007,pitch_deg,3.00000000,122798,16634,13.54582322,4,240,20,2.61780105,8.33333333,38.38567192
kitti,000007,roll_deg,0.00000000,122798,19423,15.81703285,4,240,240,100.00000000,100.00000000,0.00000000
kitti,000007,roll_deg,1.00000000,122798,19428,15.82110458,4,240,239,99.00000000,99.58333333,0.71216849
kitti,000007,roll_deg,2.00000000,122798,19413,15.80888940,4,240,236,96.00000000,98.33333333,1.42427943
kitti,000007,roll_deg,3.00000000,122798,19456,15.84390625,4,240,231,91.86910995,96.25000000,2.13627841
kitti,000007,ty_m,-0.10000000,122798,19314,15.72826919,4,240,238,99.73821990,99.16666667,3.02830759
kitti,000007,ty_m,-0.05000000,122798,19365,15.76980081,4,240,239,99.86910995,99.58333333,1.51415340
kitti,000007,ty_m,-0.02000000,122798,19402,15.79993159,4,240,240,100.00000000,100.00000000,0.60566126
kitti,000007,ty_m,0.00000000,122798,19423,15.81703285,4,240,240,100.00000000,100.00000000,0.00000000
kitti,000007,ty_m,0.02000000,122798,19436,15.82761934,4,240,240,100.00000000,100.00000000,0.60566114
kitti,000007,ty_m,0.05000000,122798,19445,15.83494845,4,240,239,98.68421053,99.58333333,1.51415261
kitti,000007,ty_m,0.10000000,122798,19449,15.83820583,4,240,234,98.02976026,97.50000000,3.02830443
kitti,000008,yaw_deg,-3.00000000,122555,17099,13.95210314,6,10103,4536,50.42157309,44.89755518,41.92084558
kitti,000008,yaw_deg,-2.00000000,122555,17106,13.95781486,6,10103,4811,65.48883559,47.61951895,28.16542962
kitti,000008,yaw_deg,-1.00000000,122555,17161,14.00269267,6,10103,5048,77.86225042,49.96535682,14.20856572
kitti,000008,yaw_deg,-0.50000000,122555,17198,14.03288320,6,10103,5101,82.88817977,50.48995348,7.13932840
kitti,000008,yaw_deg,0.00000000,122555,17238,14.06552160,6,10103,5108,84.38477297,50.55923983,0.00000000
kitti,000008,yaw_deg,0.50000000,122555,17281,14.10060789,6,10103,5082,82.85185810,50.30189053,7.16968866
kitti,000008,yaw_deg,1.00000000,122555,17316,14.12916650,6,10103,5001,77.95240234,49.50014847,14.34847866
kitti,000008,yaw_deg,2.00000000,122555,17384,14.18465179,6,10103,4748,63.82796451,46.99594180,28.73646702
kitti,000008,yaw_deg,3.00000000,122555,17436,14.22708172,6,10103,4497,52.85790178,44.51153123,43.16595516
kitti,000008,pitch_deg,0.00000000,122555,17238,14.06552160,6,10103,5108,84.38477297,50.55923983,0.00000000
kitti,000008,pitch_deg,0.50000000,122555,16816,13.72118641,6,10103,4909,77.62194628,48.58952786,6.80715014
kitti,000008,pitch_deg,1.00000000,122555,16394,13.37685121,6,10103,4641,68.55421444,45.93685044,13.59400737
kitti,000008,pitch_deg,2.00000000,122555,15521,12.66451797,6,10103,3979,50.38336670,39.38434128,27.10427184
kitti,000008,pitch_deg,3.00000000,122555,14672,11.97176778,6,10103,3348,37.23903445,33.13867168,40.49796254
kitti,000008,roll_deg,0.00000000,122555,17238,14.06552160,6,10103,5108,84.38477297,50.55923983,0.00000000
kitti,000008,roll_deg,1.00000000,122555,17235,14.06307372,6,10103,5091,81.27224090,50.39097298,4.51475362
kitti,000008,roll_deg,2.00000000,122555,17214,14.04593856,6,10103,4990,75.89162739,49.39126992,8.83416029
kitti,000008,roll_deg,3.00000000,122555,17268,14.09000041,6,10103,4812,70.32037127,47.62941700,12.98879478
kitti,000008,ty_m,-0.10000000,122555,17271,14.09244829,6,10103,5137,83.91814258,50.84628328,11.56913689
kitti,000008,ty_m,-0.05000000,122555,17250,14.07531312,6,10103,5128,84.23814714,50.75720083,5.78663231
kitti,000008,ty_m,-0.02000000,122555,17246,14.07204928,6,10103,5117,84.32879486,50.64832228,2.31580980
kitti,000008,ty_m,0.00000000,122555,17238,14.06552160,6,10103,5108,84.38477297,50.55923983,0.00000000
kitti,000008,ty_m,0.02000000,122555,17234,14.06225776,6,10103,5102,84.44876775,50.49985153,2.31490132
kitti,000008,ty_m,0.05000000,122555,17228,14.05736200,6,10103,5090,84.51006720,50.38107493,5.78455114
kitti,000008,ty_m,0.10000000,122555,17205,14.03859492,6,10103,5056,84.48590166,50.04454123,11.55388443
kitti,000009,yaw_deg,-3.00000000,123928,19443,15.68894842,1,219,70,31.96347032,31.96347032,38.36275822
kitti,000009,yaw_deg,-2.00000000,123928,19440,15.68652766,1,219,124,56.62100457,56.62100457,25.54987623
kitti,000009,yaw_deg,-1.00000000,123928,19429,15.67765154,1,219,176,80.36529680,80.36529680,12.76430233
kitti,000009,yaw_deg,-0.50000000,123928,19427,15.67603770,1,219,205,93.60730594,93.60730594,6.38035564
kitti,000009,yaw_deg,0.00000000,123928,19411,15.66312698,1,219,219,100.00000000,100.00000000,0.00000000
kitti,000009,yaw_deg,0.50000000,123928,19412,15.66393390,1,219,203,92.69406393,92.69406393,6.37769534
kitti,000009,yaw_deg,1.00000000,123928,19395,15.65021625,1,219,180,82.19178082,82.19178082,12.75424836
kitti,000009,yaw_deg,2.00000000,123928,19381,15.63891937,1,219,120,54.79452055,54.79452055,25.50914246
kitti,000009,yaw_deg,3.00000000,123928,19381,15.63891937,1,219,66,30.13698630,30.13698630,38.26840803
kitti,000009,pitch_deg,0.00000000,123928,19411,15.66312698,1,219,219,100.00000000,100.00000000,0.00000000
kitti,000009,pitch_deg,0.50000000,123928,18954,15.29436447,1,219,194,88.58447489,88.58447489,6.39164822
kitti,000009,pitch_deg,1.00000000,123928,18513,14.93851268,1,219,163,74.42922374,74.42922374,12.78998075
kitti,000009,pitch_deg,2.00000000,123928,17582,14.18727003,1,219,91,41.55251142,41.55251142,25.61073392
kitti,000009,pitch_deg,3.00000000,123928,16636,13.42392357,1,219,27,12.32876712,12.32876712,38.47037728
kitti,000009,roll_deg,0.00000000,123928,19411,15.66312698,1,219,219,100.00000000,100.00000000,0.00000000
kitti,000009,roll_deg,1.00000000,123928,19417,15.66796850,1,219,219,100.00000000,100.00000000,0.68312705
kitti,000009,roll_deg,2.00000000,123928,19397,15.65183009,1,219,219,100.00000000,100.00000000,1.36620313
kitti,000009,roll_deg,3.00000000,123928,19427,15.67603770,1,219,219,100.00000000,100.00000000,2.04917605
kitti,000009,ty_m,-0.10000000,123928,19423,15.67281002,1,219,214,97.71689498,97.71689498,3.21716066
kitti,000009,ty_m,-0.05000000,123928,19417,15.66796850,1,219,218,99.54337900,99.54337900,1.60857988
kitti,000009,ty_m,-0.02000000,123928,19411,15.66312698,1,219,219,100.00000000,100.00000000,0.64343185
kitti,000009,ty_m,0.00000000,123928,19411,15.66312698,1,219,219,100.00000000,100.00000000,0.00000000
kitti,000009,ty_m,0.02000000,123928,19413,15.66474082,1,219,219,100.00000000,100.00000000,0.64343170
kitti,000009,ty_m,0.05000000,123928,19410,15.66232006,1,219,219,100.00000000,100.00000000,1.60857899
kitti,000009,ty_m,0.10000000,123928,19402,15.65586470,1,219,217,99.08675799,99.08675799,3.21715709
kitti,000010,yaw_deg,-3.00000000,115875,16717,14.42675297,9,3426,1381,36.17750979,40.30939872,40.45359137
kitti,000010,yaw_deg,-2.00000000,115875,16646,14.36548004,9,3426,1629,51.70462754,47.54816112,27.09661835
kitti,000010,yaw_deg,-1.00000000,115875,16555,14.28694714,9,3426,1901,72.17863805,55.48744892,13.61266203
kitti,000010,yaw_deg,-0.50000000,115875,16501,14.24034520,9,3426,2004,82.15801464,58.49387040,6.82025288
kitti,000010,yaw_deg,0.00000000,115875,16464,14.20841424,9,3426,2058,90.75987842,60.07005254,0.00000000
kitti,000010,yaw_deg,0.50000000,115875,16412,14.16353830,9,3426,2068,86.69174648,60.36193812,6.84564861
kitti,000010,yaw_deg,1.00000000,115875,16369,14.12642934,9,3426,2011,71.21902752,58.69819031,13.70395157
kitti,000010,yaw_deg,2.00000000,115875,16299,14.06601942,9,3426,1876,47.99764763,54.75773497,27.48370281
kitti,000010,yaw_deg,3.00000000,115875,16271,14.04185545,9,3426,1725,35.50039128,50.35026270,41.34490886
kitti,000010,pitch_deg,0.00000000,115875,16464,14.20841424,9,3426,2058,90.75987842,60.07005254,0.00000000
kitti,000010,pitch_deg,0.50000000,115875,16017,13.82265372,9,3426,1945,76.46523099,56.77174548,6.49282737
kitti,000010,pitch_deg,1.00000000,115875,15594,13.45760518,9,3426,1823,64.85913492,53.21074139,12.99466280
kitti,000010,pitch_deg,2.00000000,115875,14707,12.69212513,9,3426,1348,43.88700274,39.34617630,26.01628974
kitti,000010,pitch_deg,3.00000000,115875,13819,11.92578209,9,3426,934,28.36157483,27.26211325,39.08045588
kitti,000010,roll_deg,0.00000000,115875,16464,14.20841424,9,3426,2058,90.75987842,60.07005254,0.00000000
kitti,000010,roll_deg,1.00000000,115875,16469,14.21272923,9,3426,2004,85.03886231,58.49387040,3.31248878
kitti,000010,roll_deg,2.00000000,115875,16470,14.21359223,9,3426,1940,80.40849680,56.62580269,6.56991791
kitti,000010,roll_deg,3.00000000,115875,16504,14.24293420,9,3426,1856,77.66605134,54.17396381,9.68504468
kitti,000010,ty_m,-0.10000000,115875,16484,14.22567422,9,3426,2034,90.08302107,59.36952715,6.21458640
kitti,000010,ty_m,-0.05000000,115875,16476,14.21877023,9,3426,2046,90.67882472,59.71978984,3.11622193
kitti,000010,ty_m,-0.02000000,115875,16461,14.20582524,9,3426,2055,90.73961499,59.98248687,1.25094127
kitti,000010,ty_m,0.00000000,115875,16464,14.20841424,9,3426,2058,90.75987842,60.07005254,0.00000000
kitti,000010,ty_m,0.02000000,115875,16457,14.20237325,9,3426,2063,90.79365079,60.21599533,1.25331225
kitti,000010,ty_m,0.05000000,115875,16454,14.19978425,9,3426,2071,90.84768659,60.44950379,3.13327961
kitti,000010,ty_m,0.10000000,115875,16436,14.18425027,9,3426,2084,90.93549477,60.82895505,6.26632026
kitti,000011,yaw_deg,-3.00000000,108004,19832,18.36228288,6,3766,332,7.39011724,8.81571960,46.14064654
kitti,000011,yaw_deg,-2.00000000,108004,19876,18.40302211,6,3766,465,24.85160646,12.34731811,30.54836429
kitti,000011,yaw_deg,-1.00000000,108004,19933,18.45579793,6,3766,637,53.72989769,16.91449814,15.15640190
kitti,000011,yaw_deg,-0.50000000,108004,19955,18.47616755,6,3766,707,72.77853531,18.77323420,7.54968576
kitti,000011,yaw_deg,0.00000000,108004,19946,18.46783452,6,3766,721,84.28416999,19.14498141,0.00000000
kitti,000011,yaw_deg,0.50000000,108004,19946,18.46783452,6,3766,634,71.38712027,16.83483802,7.47301542
kitti,000011,yaw_deg,1.00000000,108004,19952,18.47338987,6,3766,508,52.34506615,13.48911312,14.85767929
kitti,000011,yaw_deg,2.00000000,108004,19963,18.48357468,6,3766,269,25.42754453,7.14285714,29.38181777
kitti,000011,yaw_deg,3.00000000,108004,19948,18.46968631,6,3766,114,10.16342502,3.02708444,43.57814275
kitti,000011,pitch_deg,0.00000000,108004,19946,18.46783452,6,3766,721,84.28416999,19.14498141,0.00000000
kitti,000011,pitch_deg,0.50000000,108004,19497,18.05210918,6,3766,637,71.36860596,16.91449814,6.44643971
kitti,000011,pitch_deg,1.00000000,108004,19060,17.64749454,6,3766,588,65.05419284,15.61338290,12.89364988
kitti,000011,pitch_deg,2.00000000,108004,18145,16.80030369,6,3766,432,42.25224824,11.47105682,25.80819226
kitti,000011,pitch_deg,3.00000000,108004,17230,15.95311285,6,3766,324,27.15422685,8.60329262,38.73170460
kitti,000011,roll_deg,0.00000000,108004,19946,18.46783452,6,3766,721,84.28416999,19.14498141,0.00000000
kitti,000011,roll_deg,1.00000000,108004,19951,18.47246398,6,3766,729,82.92660655,19.35740839,5.22891824
kitti,000011,roll_deg,2.00000000,108004,19925,18.44839080,6,3766,701,74.88642415,18.61391397,10.42475275
kitti,000011,roll_deg,3.00000000,108004,19969,18.48913003,6,3766,688,69.69179416,18.26872013,15.62684057
kitti,000011,ty_m,-0.10000000,108004,19979,18.49838895,6,3766,748,80.90295975,19.86192246,5.50550454
kitti,000011,ty_m,-0.05000000,108004,19957,18.47801933,6,3766,740,83.19308869,19.64949549,2.75275096
kitti,000011,ty_m,-0.02000000,108004,19949,18.47061220,6,3766,729,83.91364297,19.35740839,1.10110007
kitti,000011,ty_m,0.00000000,108004,19946,18.46783452,6,3766,721,84.28416999,19.14498141,0.00000000
kitti,000011,ty_m,0.02000000,108004,19950,18.47153809,6,3766,714,83.53045217,18.95910781,1.09610785
kitti,000011,ty_m,0.05000000,108004,19939,18.46135328,6,3766,699,83.24305546,18.56080722,2.72872635
kitti,000011,ty_m,0.10000000,108004,19926,18.44931669,6,3766,669,80.83173785,17.76420605,5.40987127
kitti,000012,yaw_deg,-3.00000000,120007,18664,15.55242611,2,52,0,0.00000000,0.00000000,39.00856485
kitti,000012,yaw_deg,-2.00000000,120007,18666,15.55409268,2,52,5,6.41025641,9.61538462,26.08005743
kitti,000012,yaw_deg,-1.00000000,120007,18666,15.55409268,2,52,28,46.15384615,53.84615385,13.08008218
kitti,000012,yaw_deg,-0.50000000,120007,18677,15.56325881,2,52,46,84.61538462,88.46153846,6.55060215
kitti,000012,yaw_deg,0.00000000,120007,18705,15.58659078,2,52,52,100.00000000,100.00000000,0.00000000
kitti,000012,yaw_deg,0.50000000,120007,18688,15.57242494,2,52,48,94.87179487,92.30769231,6.57283651
kitti,000012,yaw_deg,1.00000000,120007,18698,15.58075779,2,52,34,71.79487179,65.38461538,13.16903401
kitti,000012,yaw_deg,2.00000000,120007,18699,15.58159107,2,52,5,8.97435897,9.61538462,26.43609540
kitti,000012,yaw_deg,3.00000000,120007,18713,15.59325706,2,52,0,0.00000000,0.00000000,39.81051659
kitti,000012,pitch_deg,0.00000000,120007,18705,15.58659078,2,52,52,100.00000000,100.00000000,0.00000000
kitti,000012,pitch_deg,0.50000000,120007,18235,15.19494696,2,52,48,84.61538462,92.30769231,6.33049814
kitti,000012,pitch_deg,1.00000000,120007,17790,14.82413526,2,52,19,26.92307692,36.53846154,12.66516985
kitti,000012,pitch_deg,2.00000000,120007,16863,14.05168032,2,52,11,14.10256410,21.15384615,25.35100617
kitti,000012,pitch_deg,3.00000000,120007,15901,13.25006041,2,52,0,0.00000000,0.00000000,38.06553191
kitti,000012,roll_deg,0.00000000,120007,18705,15.58659078,2,52,52,100.00000000,100.00000000,0.00000000
kitti,000012,roll_deg,1.00000000,120007,18705,15.58659078,2,52,52,100.00000000,100.00000000,2.45729261
kitti,000012,roll_deg,2.00000000,120007,18676,15.56242553,2,52,41,85.89743590,78.84615385,4.91431060
kitti,000012,roll_deg,3.00000000,120007,18698,15.58075779,2,52,41,85.89743590,78.84615385,7.37086672
kitti,000012,ty_m,-0.10000000,120007,18708,15.58909064,2,52,52,100.00000000,100.00000000,1.15699641
kitti,000012,ty_m,-0.05000000,120007,18710,15.59075721,2,52,52,100.00000000,100.00000000,0.57849815
kitti,000012,ty_m,-0.02000000,120007,18711,15.59159049,2,52,52,100.00000000,100.00000000,0.23139924
kitti,000012,ty_m,0.00000000,120007,18705,15.58659078,2,52,52,100.00000000,100.00000000,0.00000000
kitti,000012,ty_m,0.02000000,120007,18700,15.58242436,2,52,52,100.00000000,100.00000000,0.23139923
kitti,000012,ty_m,0.05000000,120007,18701,15.58325764,2,52,52,100.00000000,100.00000000,0.57849803
kitti,000012,ty_m,0.10000000,120007,18703,15.58492421,2,52,52,100.00000000,100.00000000,1.15699595
kitti,000015,yaw_deg,-3.00000000,122583,18302,14.93029213,5,6434,1816,14.62251007,28.22505440,49.01849933
kitti,000015,yaw_deg,-2.00000000,122583,18327,14.95068647,5,6434,2016,22.51686791,31.33354057,32.96478544
kitti,000015,yaw_deg,-1.00000000,122583,18347,14.96700195,5,6434,2155,56.77999081,33.49393845,16.63141972
kitti,000015,yaw_deg,-0.50000000,122583,18347,14.96700195,5,6434,2207,80.83089197,34.30214486,8.35415751
kitti,000015,yaw_deg,0.00000000,122583,18334,14.95639689,5,6434,2182,79.48801504,33.91358408,0.00000000
kitti,000015,yaw_deg,0.50000000,122583,18379,14.99310671,5,6434,2042,53.52071901,31.73764377,8.42199176
kitti,000015,yaw_deg,1.00000000,122583,18441,15.04368469,5,6434,1881,26.22961070,29.23531240,16.89809465
kitti,000015,yaw_deg,2.00000000,122583,18470,15.06734213,5,6434,1673,11.81106528,26.00248679,33.90007052
kitti,000015,yaw_deg,3.00000000,122583,18540,15.12444629,5,6434,1538,6.51020302,23.90425863,50.73327597
kitti,000015,pitch_deg,0.00000000,122583,18334,14.95639689,5,6434,2182,79.48801504,33.91358408,0.00000000
kitti,000015,pitch_deg,0.50000000,122583,17894,14.59745642,5,6434,2074,76.54559140,32.23500155,6.75949995
kitti,000015,pitch_deg,1.00000000,122583,17487,14.26543648,5,6434,1932,68.44668057,30.02797638,13.50670405
kitti,000015,pitch_deg,2.00000000,122583,16666,13.59568619,5,6434,1656,51.79162406,25.73826546,26.98659686
kitti,000015,pitch_deg,3.00000000,122583,15795,12.88514721,5,6434,1377,31.50609128,21.40192726,40.46355461
kitti,000015,roll_deg,0.00000000,122583,18334,14.95639689,5,6434,2182,79.48801504,33.91358408,0.00000000
kitti,000015,roll_deg,1.00000000,122583,18307,14.93437100,5,6434,2273,79.70195682,35.32794529,7.07984489
kitti,000015,roll_deg,2.00000000,122583,18343,14.96373885,5,6434,2342,77.35385649,36.40037302,14.14970632
kitti,000015,roll_deg,3.00000000,122583,18352,14.97108082,5,6434,2331,74.04988633,36.22940628,21.22343981
kitti,000015,ty_m,-0.10000000,122583,18358,14.97597546,5,6434,2218,83.85595170,34.47311159,15.10217162
kitti,000015,ty_m,-0.05000000,122583,18338,14.95965999,5,6434,2203,81.50616318,34.23997513,7.55069737
kitti,000015,ty_m,-0.02000000,122583,18338,14.95965999,5,6434,2192,80.82608007,34.06900839,3.02018573
kitti,000015,ty_m,0.00000000,122583,18334,14.95639689,5,6434,2182,79.48801504,33.91358408,0.00000000
kitti,000015,ty_m,0.02000000,122583,18335,14.95721266,5,6434,2171,78.66273567,33.74261735,3.01373638
kitti,000015,ty_m,0.05000000,122583,18345,14.96537040,5,6434,2145,74.88445800,33.33851414,7.52729832
kitti,000015,ty_m,0.10000000,122583,18366,14.98250165,5,6434,2089,68.32989359,32.46813802,15.02700842
kitti,000016,yaw_deg,-3.00000000,113070,17840,15.77783674,5,4109,3597,40.35565254,87.53954734,46.66658443
kitti,000016,yaw_deg,-2.00000000,113070,17869,15.80348457,5,4109,3746,56.93907693,91.16573376,31.35347824
kitti,000016,yaw_deg,-1.00000000,113070,17879,15.81232865,5,4109,3854,86.65030344,93.79411049,15.80694264
kitti,000016,yaw_deg,-0.50000000,113070,17881,15.81409746,5,4109,3858,95.17975928,93.89145778,7.93677410
kitti,000016,yaw_deg,0.00000000,113070,17868,15.80260016,5,4109,3819,97.17211117,92.94232173,0.00000000
kitti,000016,yaw_deg,0.50000000,113070,17872,15.80613779,5,4109,3742,85.58377148,91.06838647,7.98652990
kitti,000016,yaw_deg,1.00000000,113070,17871,15.80525338,5,4109,3630,73.66471831,88.34266245,16.00230843
kitti,000016,yaw_deg,2.00000000,113070,17883,15.81586628,5,4109,3411,44.38666206,83.01289852,32.09898436
kitti,000016,yaw_deg,3.00000000,113070,17899,15.83001680,5,4109,3200,32.28137906,77.87782916,48.32426189
kitti,000016,pitch_deg,0.00000000,113070,17868,15.80260016,5,4109,3819,97.17211117,92.94232173,0.00000000
kitti,000016,pitch_deg,0.50000000,113070,17426,15.41169187,5,4109,3739,73.59662432,90.99537600,6.41111434
kitti,000016,pitch_deg,1.00000000,113070,16984,15.02078359,5,4109,3654,50.92341373,88.92674617,12.82388619
kitti,000016,pitch_deg,2.00000000,113070,16079,14.22039445,5,4109,3429,35.71176853,83.45096130,25.65835953
kitti,000016,pitch_deg,3.00000000,113070,15155,13.40320156,5,4109,3036,30.27315369,73.88659041,38.49606061
kitti,000016,roll_deg,0.00000000,113070,17868,15.80260016,5,4109,3819,97.17211117,92.94232173,0.00000000
kitti,000016,roll_deg,1.00000000,113070,17874,15.80790661,5,4109,3860,97.57191614,93.94013142,6.34782743
kitti,000016,roll_deg,2.00000000,113070,17839,15.77695233,5,4109,3875,96.57096968,94.30518374,12.68546402
kitti,000016,roll_deg,3.00000000,113070,17881,15.81409746,5,4109,3806,91.13294806,92.62594305,19.01126074
kitti,000016,ty_m,-0.10000000,113070,17893,15.82471036,5,4109,3861,97.58166748,93.96446824,3.96565205
kitti,000016,ty_m,-0.05000000,113070,17886,15.81851950,5,4109,3841,97.38664066,93.47773181,1.98282535
kitti,000016,ty_m,-0.02000000,113070,17875,15.80879101,5,4109,3828,97.25987323,93.16135313,0.79312998
kitti,000016,ty_m,0.00000000,113070,17868,15.80260016,5,4109,3819,97.17211117,92.94232173,0.00000000
kitti,000016,ty_m,0.02000000,113070,17869,15.80348457,5,4109,3808,97.06484642,92.67461670,0.79286694
kitti,000016,ty_m,0.05000000,113070,17855,15.79110286,5,4109,3784,96.83081424,92.09053298,1.98010743
kitti,000016,ty_m,0.10000000,113070,17841,15.77872115,5,4109,3743,96.43100926,91.09272329,3.95324668
kitti,000019,yaw_deg,-3.00000000,115697,18613,16.08771187,4,8995,5893,38.60719028,65.51417454,46.64665877
kitti,000019,yaw_deg,-2.00000000,115697,18699,16.16204396,4,8995,6154,50.26138906,68.41578655,31.21179728
kitti,000019,yaw_deg,-1.00000000,115697,18740,16.19748135,4,8995,6330,74.09088340,70.37242913,15.68553124
kitti,000019,yaw_deg,-0.50000000,115697,18765,16.21908952,4,8995,6303,86.61562214,70.07226237,7.87344679
kitti,000019,yaw_deg,0.00000000,115697,18792,16.24242634,4,8995,6223,90.92219020,69.18287938,0.00000000
kitti,000019,yaw_deg,0.50000000,115697,18828,16.27354210,4,8995,6113,81.05885212,67.95997777,7.90667930
kitti,000019,yaw_deg,1.00000000,115697,18859,16.30033622,4,8995,5993,66.42469474,66.62590328,15.81963972
kitti,000019,yaw_deg,2.00000000,115697,18912,16.34614554,4,8995,5691,48.10302814,63.26848249,31.64440287
kitti,000019,yaw_deg,3.00000000,115697,18936,16.36688937,4,8995,5394,39.30084319,59.96664814,47.41221315
kitti,000019,pitch_deg,0.00000000,115697,18792,16.24242634,4,8995,6223,90.92219020,69.18287938,0.00000000
kitti,000019,pitch_deg,0.50000000,115697,18358,15.86730857,4,8995,6154,83.13262842,68.41578655,6.67998588
kitti,000019,pitch_deg,1.00000000,115697,17937,15.50342706,4,8995,5999,56.09547826,66.69260700,13.36007335
kitti,000019,pitch_deg,2.00000000,115697,17031,14.72034711,4,8995,5646,39.24935926,62.76820456,26.72084425
kitti,000019,pitch_deg,3.00000000,115697,16112,13.92603093,4,8995,5365,34.01258889,59.64424680,40.12266596
kitti,000019,roll_deg,0.00000000,115697,18792,16.24242634,4,8995,6223,90.92219020,69.18287938,0.00000000
kitti,000019,roll_deg,1.00000000,115697,18775,16.22773278,4,8995,6256,90.92854908,69.54974986,5.84719125
kitti,000019,roll_deg,2.00000000,115697,18748,16.20439597,4,8995,6284,90.61340299,69.86103391,11.68767475
kitti,000019,roll_deg,3.00000000,115697,18782,16.23378307,4,8995,6293,89.18707633,69.96108949,17.51596637
kitti,000019,ty_m,-0.10000000,115697,18837,16.28132104,4,8995,6368,91.39703956,70.79488605,14.19291789
kitti,000019,ty_m,-0.05000000,115697,18823,16.26922046,4,8995,6301,91.17762641,70.05002779,7.09645027
kitti,000019,ty_m,-0.02000000,115697,18809,16.25711989,4,8995,6253,91.02043490,69.51639800,2.83857802
kitti,000019,ty_m,0.00000000,115697,18792,16.24242634,4,8995,6223,90.92219020,69.18287938,0.00000000
kitti,000019,ty_m,0.02000000,115697,18785,16.23637605,4,8995,6193,90.82394551,68.84936076,2.83341618
kitti,000019,ty_m,0.05000000,115697,18766,16.21995384,4,8995,6145,90.66675400,68.31573096,7.06498969
kitti,000019,ty_m,0.10000000,115697,18747,16.20353164,4,8995,6069,90.41786744,67.47081712,14.05461977
kitti,000021,yaw_deg,-3.00000000,125260,19920,15.90292192,8,3903,1720,37.77927976,44.06866513,40.90777169
kitti,000021,yaw_deg,-2.00000000,125260,19860,15.85502156,8,3903,2045,54.98817327,52.39559313,27.38678760
kitti,000021,yaw_deg,-1.00000000,125260,19815,15.81909628,8,3903,2353,70.37910675,60.28695875,13.78559411
kitti,000021,yaw_deg,-0.50000000,125260,19814,15.81829794,8,3903,2514,84.92198676,64.41199078,6.92579755
kitti,000021,yaw_deg,0.00000000,125260,19824,15.82628133,8,3903,2595,88.98247978,66.48731745,0.00000000
kitti,000021,yaw_deg,0.50000000,125260,19818,15.82149130,8,3903,2643,88.59491882,67.71714066,6.97879922
kitti,000021,yaw_deg,1.00000000,125260,19827,15.82867635,8,3903,2622,85.63744216,67.17909301,13.99404027
kitti,000021,yaw_deg,2.00000000,125260,19841,15.83985311,8,3903,2561,73.31998549,65.61619267,28.13973792
kitti,000021,yaw_deg,3.00000000,125260,19863,15.85741657,8,3903,2384,51.39966094,61.08121957,42.45001383
kitti,000021,pitch_deg,0.00000000,125260,19824,15.82628133,8,3903,2595,88.98247978,66.48731745,0.00000000
kitti,000021,pitch_deg,0.50000000,125260,19367,15.46144020,8,3903,2422,80.38860537,62.05482962,6.39452244
kitti,000021,pitch_deg,1.00000000,125260,18931,15.11336420,8,3903,2186,68.66591916,56.00819882,12.79411009
kitti,000021,pitch_deg,2.00000000,125260,17994,14.36532013,8,3903,1729,45.21445830,44.29925698,25.61610343
kitti,000021,pitch_deg,3.00000000,125260,17057,13.61727607,8,3903,1276,27.59699800,32.69280041,38.47818030
kitti,000021,roll_deg,0.00000000,125260,19824,15.82628133,8,3903,2595,88.98247978,66.48731745,0.00000000
kitti,000021,roll_deg,1.00000000,125260,19824,15.82628133,8,3903,2522,86.89851389,64.61696131,3.76527257
kitti,000021,roll_deg,2.00000000,125260,19815,15.81909628,8,3903,2410,85.10169112,61.74737382,7.45957806
kitti,000021,roll_deg,3.00000000,125260,19849,15.84623982,8,3903,2272,79.83355909,58.21163208,11.18821070
kitti,000021,ty_m,-0.10000000,125260,19779,15.79035606,8,3903,2511,87.65788468,64.33512683,3.54827884
kitti,000021,ty_m,-0.05000000,125260,19789,15.79833945,8,3903,2550,88.60343666,65.33435819,1.77681939
kitti,000021,ty_m,-0.02000000,125260,19809,15.81430624,8,3903,2577,88.83086253,66.02613374,0.71110731
kitti,000021,ty_m,0.00000000,125260,19824,15.82628133,8,3903,2595,88.98247978,66.48731745,0.00000000
kitti,000021,ty_m,0.02000000,125260,19838,15.83745809,8,3903,2618,89.17621294,67.07660774,0.71132899
kitti,000021,ty_m,0.05000000,125260,19845,15.84304646,8,3903,2646,89.41206199,67.79400461,1.77832214
kitti,000021,ty_m,0.10000000,125260,19874,15.86619831,8,3903,2691,89.79110512,68.94696387,3.55661819
kitti,000023,yaw_deg,-3.00000000,120412,18578,15.42869481,3,107,0,0.00000000,0.00000000,38.01049234
kitti,000023,yaw_deg,-2.00000000,120412,18581,15.43118626,3,107,17,16.11226611,15.88785047,25.32088675
kitti,000023,yaw_deg,-1.00000000,120412,18584,15.43367771,3,107,56,52.70270270,52.33644860,12.65324257
kitti,000023,yaw_deg,-0.50000000,120412,18595,15.44281301,3,107,82,74.14414414,76.63551402,6.32541323
kitti,000023,yaw_deg,0.00000000,120412,18587,15.43616915,3,107,107,100.00000000,100.00000000,0.00000000
kitti,000023,yaw_deg,0.50000000,120412,18585,15.43450819,3,107,84,75.68260568,78.50467290,6.32443699
kitti,000023,yaw_deg,1.00000000,120412,18583,15.43284722,3,107,50,37.31808732,46.72897196,12.64917854
kitti,000023,yaw_deg,2.00000000,120412,18592,15.44032156,3,107,10,4.50450450,9.34579439,25.30474816
kitti,000023,yaw_deg,3.00000000,120412,18594,15.44198253,3,107,0,0.00000000,0.00000000,37.97848267
kitti,000023,pitch_deg,0.00000000,120412,18587,15.43616915,3,107,107,100.00000000,100.00000000,0.00000000
kitti,000023,pitch_deg,0.50000000,120412,18129,15.05580839,3,107,98,91.08108108,91.58878505,6.32446023
kitti,000023,pitch_deg,1.00000000,120412,17680,14.68292197,3,107,61,42.07207207,57.00934579,12.65079737
kitti,000023,pitch_deg,2.00000000,120412,16770,13.92718334,3,107,12,7.83783784,11.21495327,25.31298886
kitti,000023,pitch_deg,3.00000000,120412,15836,13.15151314,3,107,0,0.00000000,0.00000000,37.99436841
kitti,000023,roll_deg,0.00000000,120412,18587,15.43616915,3,107,107,100.00000000,100.00000000,0.00000000
kitti,000023,roll_deg,1.00000000,120412,18586,15.43533867,3,107,105,96.66666667,98.13084112,0.27832780
kitti,000023,roll_deg,2.00000000,120412,18562,15.41540710,3,107,105,96.66666667,98.13084112,0.55663551
kitti,000023,roll_deg,3.00000000,120412,18614,15.45859217,3,107,105,96.66666667,98.13084112,0.83490194
kitti,000023,ty_m,-0.10000000,120412,18552,15.40710228,3,107,106,98.33333333,99.06542056,1.14169497
kitti,000023,ty_m,-0.05000000,120412,18568,15.42038999,3,107,107,100.00000000,100.00000000,0.57084743
kitti,000023,ty_m,-0.02000000,120412,18580,15.43035578,3,107,107,100.00000000,100.00000000,0.22833896
kitti,000023,ty_m,0.00000000,120412,18587,15.43616915,3,107,107,100.00000000,100.00000000,0.00000000
kitti,000023,ty_m,0.02000000,120412,18592,15.44032156,3,107,107,100.00000000,100.00000000,0.22833894
kitti,000023,ty_m,0.05000000,120412,18606,15.45194831,3,107,107,100.00000000,100.00000000,0.57084732
kitti,000023,ty_m,0.10000000,120412,18616,15.46025313,3,107,105,99.09909910,98.13084112,1.14169452
kitti,000025,yaw_deg,-3.00000000,115780,17549,15.15719468,6,2865,1277,46.59809152,44.57242583,40.57139884
kitti,000025,yaw_deg,-2.00000000,115780,17528,15.13905683,6,2865,1441,57.32690593,50.29668412,27.06965161
kitti,000025,yaw_deg,-1.00000000,115780,17543,15.15201244,6,2865,1598,65.67979808,55.77661431,13.54668300
kitti,000025,yaw_deg,-0.50000000,115780,17538,15.14769390,6,2865,1654,73.33831510,57.73123909,6.77713088
kitti,000025,yaw_deg,0.00000000,115780,17529,15.13992054,6,2865,1684,85.07707859,58.77835951,0.00000000
kitti,000025,yaw_deg,0.50000000,115780,17534,15.14423907,6,2865,1651,62.83336750,57.62652705,6.78767962
kitti,000025,yaw_deg,1.00000000,115780,17540,15.14942132,6,2865,1594,48.05420584,55.63699825,13.58209314
kitti,000025,yaw_deg,2.00000000,115780,17541,15.15028502,6,2865,1428,36.16887792,49.84293194,27.24496615
kitti,000025,yaw_deg,3.00000000,115780,17514,15.12696493,6,2865,1262,26.72213019,44.04886562,41.04233554
kitti,000025,pitch_deg,0.00000000,115780,17529,15.13992054,6,2865,1684,85.07707859,58.77835951,0.00000000
kitti,000025,pitch_deg,0.50000000,115780,17171,14.83071342,6,2865,1636,79.02547694,57.10296684,6.54018489
kitti,000025,pitch_deg,1.00000000,115780,16832,14.53791674,6,2865,1557,65.91373531,54.34554974,13.09038992
kitti,000025,pitch_deg,2.00000000,115780,16151,13.94973225,6,2865,1371,38.89735004,47.85340314,26.22909851
kitti,000025,pitch_deg,3.00000000,115780,15410,13.30972534,6,2865,1095,25.42888845,38.21989529,39.42039424
kitti,000025,roll_deg,0.00000000,115780,17529,15.13992054,6,2865,1684,85.07707859,58.77835951,0.00000000
kitti,000025,roll_deg,1.00000000,115780,17598,15.19951632,6,2865,1667,84.86226940,58.18499127,3.06791523
kitti,000025,roll_deg,2.00000000,115780,17643,15.23838314,6,2865,1649,84.39195183,57.55671902,6.11835805
kitti,000025,roll_deg,3.00000000,115780,17784,15.36016583,6,2865,1611,80.33756192,56.23036649,9.17158324
kitti,000025,ty_m,-0.10000000,115780,17532,15.14251166,6,2865,1671,84.13179778,58.32460733,7.82460295
kitti,000025,ty_m,-0.05000000,115780,17528,15.13905683,6,2865,1676,84.97599191,58.49912740,3.91563315
kitti,000025,ty_m,-0.02000000,115780,17527,15.13819312,6,2865,1681,85.03917109,58.67364747,1.56691988
kitti,000025,ty_m,0.00000000,115780,17529,15.13992054,6,2865,1684,85.07707859,58.77835951,0.00000000
kitti,000025,ty_m,0.02000000,115780,17528,15.13905683,6,2865,1687,85.11498610,58.88307155,1.56773988
kitti,000025,ty_m,0.05000000,115780,17539,15.14855761,6,2865,1691,85.16329760,59.02268761,3.91934812
kitti,000025,ty_m,0.10000000,115780,17545,15.15373985,6,2865,1696,83.83411817,59.19720768,7.83869095
kitti,000031,yaw_deg,-3.00000000,121291,18968,15.63842330,6,3074,2332,55.05460966,75.86206897,41.45565470
kitti,000031,yaw_deg,-2.00000000,121291,18931,15.60791815,6,3074,2648,66.65541751,86.14183474,27.66437791
kitti,000031,yaw_deg,-1.00000000,121291,18905,15.58648210,6,3074,2948,86.49414341,95.90110605,13.85130243
kitti,000031,yaw_deg,-0.50000000,121291,18907,15.58813102,6,3074,3039,94.56347122,98.86141835,6.92967295
kitti,000031,yaw_deg,0.00000000,121291,18896,15.57906193,6,3074,3074,100.00000000,100.00000000,0.00000000
kitti,000031,yaw_deg,0.50000000,121291,18877,15.56339712,6,3074,3040,95.98935598,98.89394925,6.93630806
kitti,000031,yaw_deg,1.00000000,121291,18837,15.53041858,6,3074,2941,86.87488723,95.67338972,13.88732242
kitti,000031,yaw_deg,2.00000000,121291,18783,15.48589755,6,3074,2638,66.96403740,85.81652570,27.86561605
kitti,000031,yaw_deg,3.00000000,121291,18731,15.44302545,6,3074,2343,53.80018983,76.21990891,41.96412540
kitti,000031,pitch_deg,0.00000000,121291,18896,15.57906193,6,3074,3074,100.00000000,100.00000000,0.00000000
kitti,000031,pitch_deg,0.50000000,121291,18446,15.20805336,6,3074,3016,92.44588758,98.11320755,6.52499582
kitti,000031,pitch_deg,1.00000000,121291,18014,14.85188514,6,3074,2909,83.10735665,94.63240078,13.06093429
kitti,000031,pitch_deg,2.00000000,121291,17132,14.12470835,6,3074,2589,63.67844371,84.22251139,26.17292943
kitti,000031,pitch_deg,3.00000000,121291,16202,13.35795731,6,3074,2175,51.16363710,70.75471698,39.33045252
kitti,000031,roll_deg,0.00000000,121291,18896,15.57906193,6,3074,3074,100.00000000,100.00000000,0.00000000
kitti,000031,roll_deg,1.00000000,121291,18907,15.58813102,6,3074,3058,99.74059663,99.47950553,3.63314830
kitti,000031,roll_deg,2.00000000,121291,18913,15.59307780,6,3074,3015,99.02742551,98.08067664,7.26583134
kitti,000031,roll_deg,3.00000000,121291,18966,15.63677437,6,3074,2946,97.69458598,95.83604424,10.89777163
kitti,000031,ty_m,-0.10000000,121291,18870,15.55762587,6,3074,3069,99.24312463,99.83734548,6.78797321
kitti,000031,ty_m,-0.05000000,121291,18878,15.56422158,6,3074,3073,99.94918699,99.96746910,3.39398462
kitti,000031,ty_m,-0.02000000,121291,18891,15.57493961,6,3074,3074,100.00000000,100.00000000,1.35759337
kitti,000031,ty_m,0.00000000,121291,18896,15.57906193,6,3074,3074,100.00000000,100.00000000,0.00000000
kitti,000031,ty_m,0.02000000,121291,18897,15.57988639,6,3074,3074,100.00000000,100.00000000,1.35759274
kitti,000031,ty_m,0.05000000,121291,18893,15.57658854,6,3074,3073,99.96776273,99.96746910,3.39398065
kitti,000031,ty_m,0.10000000,121291,18894,15.57741300,6,3074,3063,99.58892195,99.64216005,6.78795733
kitti,000032,yaw_deg,-3.00000000,118661,19537,16.46455027,10,4987,4036,63.65112409,80.93041909,43.34012063
kitti,000032,yaw_deg,-2.00000000,118661,19540,16.46707848,10,4987,4484,76.45404342,89.91377582,28.96472101
kitti,000032,yaw_deg,-1.00000000,118661,19539,16.46623575,10,4987,4842,91.38033289,97.09244034,14.51198126
kitti,000032,yaw_deg,-0.50000000,118661,19536,16.46370754,10,4987,4946,96.85621144,99.17786244,7.25961301
kitti,000032,yaw_deg,0.00000000,118661,19535,16.46286480,10,4987,4985,99.98520710,99.95989573,0.00000000
kitti,000032,yaw_deg,0.50000000,118661,19547,16.47297764,10,4987,4963,96.02537281,99.51874875,7.26905881
kitti,000032,yaw_deg,1.00000000,118661,19546,16.47213491,10,4987,4873,87.60845700,97.71405655,14.54214912
kitti,000032,yaw_deg,2.00000000,118661,19548,16.47382038,10,4987,4625,69.25688079,92.74112693,29.13540166
kitti,000032,yaw_deg,3.00000000,118661,19552,16.47719133,10,4987,4343,57.11516094,87.08642470,43.75375204
kitti,000032,pitch_deg,0.00000000,118661,19535,16.46286480,10,4987,4985,99.98520710,99.95989573,0.00000000
kitti,000032,pitch_deg,0.50000000,118661,19069,16.07014942,10,4987,4943,93.70158885,99.11770604,6.52033905
kitti,000032,pitch_deg,1.00000000,118661,18626,15.69681698,10,4987,4861,84.08011768,97.47343092,13.05134022
kitti,000032,pitch_deg,2.00000000,118661,17704,14.91981359,10,4987,4589,74.68542596,92.01925005,26.15333910
kitti,000032,pitch_deg,3.00000000,118661,16765,14.12848366,10,4987,3985,54.00192868,79.90776018,39.30350480
kitti,000032,roll_deg,0.00000000,118661,19535,16.46286480,10,4987,4985,99.98520710,99.95989573,0.00000000
kitti,000032,roll_deg,1.00000000,118661,19534,16.46202206,10,4987,4933,99.38543061,98.91718468,4.59699457
kitti,000032,roll_deg,2.00000000,118661,19512,16.44348185,10,4987,4775,97.05488799,95.74894726,9.19391749
kitti,000032,roll_deg,3.00000000,118661,19561,16.48477596,10,4987,4621,95.10546071,92.66091839,13.79041561
kitti,000032,ty_m,-0.10000000,118661,19550,16.47550585,10,4987,4975,99.48809099,99.75937437,7.66382572
kitti,000032,ty_m,-0.05000000,118661,19550,16.47550585,10,4987,4986,99.99260355,99.97994786,3.83191033
kitti,000032,ty_m,-0.02000000,118661,19538,16.46539301,10,4987,4986,99.99260355,99.97994786,1.53276352
kitti,000032,ty_m,0.00000000,118661,19535,16.46286480,10,4987,4985,99.98520710,99.95989573,0.00000000
kitti,000032,ty_m,0.02000000,118661,19534,16.46202206,10,4987,4985,99.98520710,99.95989573,1.53276271
kitti,000032,ty_m,0.05000000,118661,19529,16.45780838,10,4987,4985,99.98520710,99.95989573,3.83190527
kitti,000032,ty_m,0.10000000,118661,19531,16.45949385,10,4987,4982,99.56267189,99.89973932,7.66380547
kitti,000043,yaw_deg,-3.00000000,122591,19565,15.95957289,4,514,0,0.00000000,0.00000000,39.62275033
kitti,000043,yaw_deg,-2.00000000,122591,19572,15.96528293,4,514,36,5.34651742,7.00389105,26.40101486
kitti,000043,yaw_deg,-1.00000000,122591,19623,16.00688468,4,514,337,65.17557461,65.56420233,13.22007245
kitti,000043,yaw_deg,-0.50000000,122591,19619,16.00362180,4,514,473,92.21312007,92.02334630,6.61887822
kitti,000043,yaw_deg,0.00000000,122591,19655,16.03298774,4,514,503,98.02938338,97.85992218,0.00000000
kitti,000043,yaw_deg,0.50000000,122591,19689,16.06072224,4,514,419,80.48828880,81.51750973,6.63949625
kitti,000043,yaw_deg,1.00000000,122591,19713,16.08029953,4,514,252,45.53811802,49.02723735,13.30064318
kitti,000043,yaw_deg,2.00000000,122591,19769,16.12597988,4,514,17,2.68604152,3.30739300,26.69225213
kitti,000043,yaw_deg,3.00000000,122591,19811,16.16024015,4,514,0,0.00000000,0.00000000,40.18430422
kitti,000043,pitch_deg,0.00000000,122591,19655,16.03298774,4,514,503,98.02938338,97.85992218,0.00000000
kitti,000043,pitch_deg,0.50000000,122591,19200,15.66183488,4,514,478,93.10694420,92.99610895,6.44180929
kitti,000043,pitch_deg,1.00000000,122591,18768,15.30944360,4,514,459,89.29757257,89.29961089,12.88831787
kitti,000043,pitch_deg,2.00000000,122591,17846,14.55734923,4,514,400,76.57240040,77.82101167,25.79950498
kitti,000043,pitch_deg,3.00000000,122591,16922,13.80362343,4,514,313,57.11589347,60.89494163,38.74206886
kitti,000043,roll_deg,0.00000000,122591,19655,16.03298774,4,514,503,98.02938338,97.85992218,0.00000000
kitti,000043,roll_deg,1.00000000,122591,19653,16.03135630,4,514,497,97.03058979,96.69260700,2.36427879
kitti,000043,roll_deg,2.00000000,122591,19627,16.01014756,4,514,496,97.04145666,96.49805447,4.72829871
kitti,000043,roll_deg,3.00000000,122591,19671,16.04603927,4,514,482,94.47412532,93.77431907,7.09187924
kitti,000043,ty_m,-0.10000000,122591,19647,16.02646198,4,514,488,95.67138664,94.94163424,5.77768734
kitti,000043,ty_m,-0.05000000,122591,19648,16.02727770,4,514,505,98.45008631,98.24902724,2.88884223
kitti,000043,ty_m,-0.02000000,122591,19650,16.02890914,4,514,505,98.45008631,98.24902724,1.15553655
kitti,000043,ty_m,0.00000000,122591,19655,16.03298774,4,514,503,98.02938338,97.85992218,0.00000000
kitti,000043,ty_m,0.02000000,122591,19653,16.03135630,4,514,502,98.06186607,97.66536965,1.15553609
kitti,000043,ty_m,0.05000000,122591,19659,16.03625062,4,514,490,95.93685349,95.33073930,2.88883936
kitti,000043,ty_m,0.10000000,122591,19671,16.04603927,4,514,460,90.34138094,89.49416342,5.77767584
kitti,000048,yaw_deg,-3.00000000,122675,19795,16.13613206,4,402,0,0.00000000,0.00000000,39.05976542
kitti,000048,yaw_deg,-2.00000000,122675,19848,16.17933564,4,402,61,12.64049944,15.17412935,25.97089716
kitti,000048,yaw_deg,-1.00000000,122675,19870,16.19726921,4,402,310,69.03491484,77.11442786,12.95313773
kitti,000048,yaw_deg,-0.50000000,122675,19824,16.15977175,4,402,380,91.27941677,94.52736318,6.46901831
kitti,000048,yaw_deg,0.00000000,122675,19820,16.15651111,4,402,370,93.25770291,92.03980100,0.00000000
kitti,000048,yaw_deg,0.50000000,122675,19841,16.17362951,4,402,286,73.95672283,71.14427861,6.45494019
kitti,000048,yaw_deg,1.00000000,122675,19852,16.18259629,4,402,142,36.10322093,35.32338308,12.89685057
kitti,000048,yaw_deg,2.00000000,122675,19883,16.20786631,4,402,2,0.44247788,0.49751244,25.74573476
kitti,000048,yaw_deg,3.00000000,122675,19897,16.21927858,4,402,0,0.00000000,0.00000000,38.55488696
kitti,000048,pitch_deg,0.00000000,122675,19820,16.15651111,4,402,370,93.25770291,92.03980100,0.00000000
kitti,000048,pitch_deg,0.50000000,122675,19376,15.79457917,4,402,352,86.75829529,87.56218905,6.37248014
kitti,000048,pitch_deg,1.00000000,122675,18960,15.45547178,4,402,328,79.27916799,81.59203980,12.74826716
kitti,000048,pitch_deg,2.00000000,122675,18133,14.78133279,4,402,272,62.10137578,67.66169154,25.51347619
kitti,000048,pitch_deg,3.00000000,122675,17164,13.99144080,4,402,182,37.82041501,45.27363184,38.30085992
kitti,000048,roll_deg,0.00000000,122675,19820,16.15651111,4,402,370,93.25770291,92.03980100,0.00000000
kitti,000048,roll_deg,1.00000000,122675,19852,16.18259629,4,402,368,92.84707003,91.54228856,1.52444076
kitti,000048,roll_deg,2.00000000,122675,19918,16.23639698,4,402,365,92.24704321,90.79601990,3.04875216
kitti,000048,roll_deg,3.00000000,122675,19940,16.25433055,4,402,359,91.02086628,89.30348259,4.57281785
kitti,000048,ty_m,-0.10000000,122675,19788,16.13042592,4,402,385,96.40636992,95.77114428,4.27562934
kitti,000048,ty_m,-0.05000000,122675,19803,16.14265335,4,402,381,95.61943435,94.77611940,2.13778361
kitti,000048,ty_m,-0.02000000,122675,19809,16.14754432,4,402,378,94.96716093,94.02985075,0.85510599
kitti,000048,ty_m,0.00000000,122675,19820,16.15651111,4,402,370,93.25770291,92.03980100,0.00000000
kitti,000048,ty_m,0.02000000,122675,19827,16.16221724,4,402,363,91.77272034,90.29850746,0.85509605
kitti,000048,ty_m,0.05000000,122675,19858,16.18748726,4,402,353,89.71631943,87.81094527,2.13772149
kitti,000048,ty_m,0.10000000,122675,19898,16.22009374,4,402,326,84.02872176,81.09452736,4.27538086
kitti,000049,yaw_deg,-3.00000000,113691,17790,15.64767660,17,4673,3508,53.90641109,75.06954847,43.78927789
kitti,000049,yaw_deg,-2.00000000,113691,17890,15.73563431,17,4673,3935,66.81371266,84.20714744,29.23091508
kitti,000049,yaw_deg,-1.00000000,113691,17986,15.82007371,17,4673,4376,86.84367907,93.64433982,14.64761344
kitti,000049,yaw_deg,-0.50000000,113691,18033,15.86141383,17,4673,4498,94.92875386,96.25508239,7.32645515
kitti,000049,yaw_deg,0.00000000,113691,18093,15.91418846,17,4673,4521,97.57222166,96.74727156,0.00000000
kitti,000049,yaw_deg,0.50000000,113691,18134,15.95025112,17,4673,4441,94.54273552,95.03530922,7.33627714
kitti,000049,yaw_deg,1.00000000,113691,18174,15.98543420,17,4673,4255,87.82499453,91.05499679,14.66726571
kitti,000049,yaw_deg,2.00000000,113691,18229,16.03381094,17,4673,3825,78.29435860,81.85319923,29.29234547
kitti,000049,yaw_deg,3.00000000,113691,18231,16.03557010,17,4673,3322,67.54367053,71.08923604,43.86916606
kitti,000049,pitch_deg,0.00000000,113691,18093,15.91418846,17,4673,4521,97.57222166,96.74727156,0.00000000
kitti,000049,pitch_deg,0.50000000,113691,17658,15.53157242,17,4673,4442,94.61727534,95.05670875,6.46134251
kitti,000049,pitch_deg,1.00000000,113691,17240,15.16390919,17,4673,4212,86.71802568,90.13481703,12.93114684
kitti,000049,pitch_deg,2.00000000,113691,16356,14.38636304,17,4673,3572,64.47111006,76.43911834,25.89959360
kitti,000049,pitch_deg,3.00000000,113691,15480,13.61585350,17,4673,2788,45.21941339,59.66188744,38.91141405
kitti,000049,roll_deg,0.00000000,113691,18093,15.91418846,17,4673,4521,97.57222166,96.74727156,0.00000000
kitti,000049,roll_deg,1.00000000,113691,18070,15.89395818,17,4673,4367,91.73820749,93.45174406,4.86721201
kitti,000049,roll_deg,2.00000000,113691,18049,15.87548707,17,4673,4258,87.21983273,91.11919538,9.70554201
kitti,000049,roll_deg,3.00000000,113691,18103,15.92298423,17,4673,4094,80.74090292,87.60967259,14.50684213
kitti,000049,ty_m,-0.10000000,113691,18071,15.89483776,17,4673,4541,97.90882357,97.17526214,5.54074359
kitti,000049,ty_m,-0.05000000,113691,18077,15.90011522,17,4673,4539,98.09869731,97.13246309,2.77037047
kitti,000049,ty_m,-0.02000000,113691,18086,15.90803142,17,4673,4532,98.04908710,96.98266638,1.10814787
kitti,000049,ty_m,0.00000000,113691,18093,15.91418846,17,4673,4521,97.57222166,96.74727156,0.00000000
kitti,000049,ty_m,0.02000000,113691,18094,15.91506804,17,4673,4510,97.36129392,96.51187674,1.10814745
kitti,000049,ty_m,0.05000000,113691,18103,15.92298423,17,4673,4501,97.29750937,96.31928098,2.77036782
kitti,000049,ty_m,0.10000000,113691,18114,15.93265958,17,4673,4467,96.78741119,95.59169698,5.54073300
kitti,000061,yaw_deg,-3.00000000,125247,19657,15.69458750,6,1681,796,18.82408081,47.35276621,59.24101591
kitti,000061,yaw_deg,-2.00000000,125247,19690,15.72093543,6,1681,989,35.75533925,58.83402736,39.68479297
kitti,000061,yaw_deg,-1.00000000,125247,19733,15.75526759,6,1681,1221,62.82612609,72.63533611,19.93295755
kitti,000061,yaw_deg,-0.50000000,125247,19765,15.78081711,6,1681,1328,81.98967937,79.00059488,9.98443359
kitti,000061,yaw_deg,0.00000000,125247,19791,15.80157609,6,1681,1348,87.41496599,80.19036288,0.00000000
kitti,000061,yaw_deg,0.50000000,125247,19813,15.81914138,6,1681,1299,80.74289597,77.27543129,9.94618676
kitti,000061,yaw_deg,1.00000000,125247,19825,15.82872244,6,1681,1213,68.03248721,72.15942891,19.76051138
kitti,000061,yaw_deg,2.00000000,125247,19866,15.86145776,6,1681,1022,42.21465679,60.79714456,38.83733704
kitti,000061,yaw_deg,3.00000000,125247,19899,15.88780570,6,1681,818,22.63809955,48.66151101,57.22284040
kitti,000061,pitch_deg,0.00000000,125247,19791,15.80157609,6,1681,1348,87.41496599,80.19036288,0.00000000
kitti,000061,pitch_deg,0.50000000,125247,19329,15.43270497,6,1681,1314,73.93767191,78.16775729,6.44312232
kitti,000061,pitch_deg,1.00000000,125247,18877,15.07181809,6,1681,1237,62.10131408,73.58715051,12.88885230
kitti,000061,pitch_deg,2.00000000,125247,17947,14.32928533,6,1681,1030,29.32575636,61.27305175,25.80374606
kitti,000061,pitch_deg,3.00000000,125247,16996,13.56998571,6,1681,863,23.58417769,51.33848899,38.75999637
kitti,000061,roll_deg,0.00000000,125247,19791,15.80157609,6,1681,1348,87.41496599,80.19036288,0.00000000
kitti,000061,roll_deg,1.00000000,125247,19790,15.80077766,6,1681,1290,79.26249539,76.74003569,9.50796409
kitti,000061,roll_deg,2.00000000,125247,19774,15.78800291,6,1681,1190,73.84690571,70.79119572,19.00724123
kitti,000061,roll_deg,3.00000000,125247,19799,15.80796346,6,1681,1041,55.86634055,61.92742415,28.50024179
kitti,000061,ty_m,-0.10000000,125247,19769,15.78401079,6,1681,1353,86.31828419,80.48780488,5.49443520
kitti,000061,ty_m,-0.05000000,125247,19783,15.79518871,6,1681,1351,86.38718267,80.36882808,2.74849957
kitti,000061,ty_m,-0.02000000,125247,19788,15.79918082,6,1681,1352,87.60801928,80.42831648,1.09946764
kitti,000061,ty_m,0.00000000,125247,19791,15.80157609,6,1681,1348,87.41496599,80.19036288,0.00000000
kitti,000061,ty_m,0.02000000,125247,19792,15.80237451,6,1681,1343,87.22600151,79.89292088,1.09931307
kitti,000061,ty_m,0.05000000,125247,19797,15.80636662,6,1681,1335,86.76765280,79.41701368,2.74734002
kitti,000061,ty_m,0.10000000,125247,19803,15.81115715,6,1681,1324,86.35193095,78.76264128,5.49286100
nuscenes,scene-0103_000,yaw_deg,-3.00000000,34752,3054,8.78798343,4,27,0,0.00000000,0.00000000,80.64712985
nuscenes,scene-0103_000,yaw_deg,-2.00000000,34752,3035,8.73331031,4,27,0,0.00000000,0.00000000,54.18751124
nuscenes,scene-0103_000,yaw_deg,-1.00000000,34752,3009,8.65849448,4,27,11,40.48611111,40.74074074,27.11572886
nuscenes,scene-0103_000,yaw_deg,-0.50000000,34752,3000,8.63259669,4,27,24,86.87500000,88.88888889,13.55893854
nuscenes,scene-0103_000,yaw_deg,0.00000000,34752,2984,8.58655617,4,27,27,100.00000000,100.00000000,0.00000000
nuscenes,scene-0103_000,yaw_deg,0.50000000,34752,2972,8.55202578,4,27,26,95.00000000,96.29629630,13.45034356
nuscenes,scene-0103_000,yaw_deg,1.00000000,34752,2959,8.51461786,4,27,16,51.31944444,59.25925926,26.79548016
nuscenes,scene-0103_000,yaw_deg,2.00000000,34752,2934,8.44267956,4,27,1,3.12500000,3.70370370,53.18326132
nuscenes,scene-0103_000,yaw_deg,3.00000000,34752,2914,8.38512891,4,27,0,0.00000000,0.00000000,79.18880365
nuscenes,scene-0103_001,yaw_deg,-3.00000000,34688,3102,8.94257380,5,42,0,0.00000000,0.00000000,80.40220322
nuscenes,scene-0103_001,yaw_deg,-2.00000000,34688,3083,8.88779982,5,42,0,0.00000000,0.00000000,53.17065660
nuscenes,scene-0103_001,yaw_deg,-1.00000000,34688,3057,8.81284594,5,42,17,46.00000000,40.47619048,26.63076968
nuscenes,scene-0103_001,yaw_deg,-0.50000000,34688,3051,8.79554889,5,42,36,91.90476190,85.71428571,14.44660364
nuscenes,scene-0103_001,yaw_deg,0.00000000,34688,3047,8.78401753,5,42,41,99.04761905,97.61904762,0.00000000
nuscenes,scene-0103_001,yaw_deg,0.50000000,34688,3036,8.75230627,5,42,39,88.66666667,92.85714286,14.77897718
nuscenes,scene-0103_001,yaw_deg,1.00000000,34688,3023,8.71482934,5,42,30,55.33333333,71.42857143,29.69598033
nuscenes,scene-0103_001,yaw_deg,2.00000000,34688,3005,8.66293819,5,42,14,13.33333333,33.33333333,59.20414803
nuscenes,scene-0103_001,yaw_deg,3.00000000,34688,2994,8.63122694,5,42,1,0.95238095,2.38095238,88.09923145
nuscenes,scene-0103_002,yaw_deg,-3.00000000,34752,3093,8.90020718,4,29,0,0.00000000,0.00000000,82.08515529
nuscenes,scene-0103_002,yaw_deg,-2.00000000,34752,3080,8.86279926,4,29,3,6.81818182,10.34482759,54.25981816
nuscenes,scene-0103_002,yaw_deg,-1.00000000,34752,3088,8.88581952,4,29,18,56.07954545,62.06896552,26.90765546
nuscenes,scene-0103_002,yaw_deg,-0.50000000,34752,3092,8.89732965,4,29,27,91.87500000,93.10344828,13.39999720
nuscenes,scene-0103_002,yaw_deg,0.00000000,34752,3084,8.87430939,4,29,29,100.00000000,100.00000000,0.00000000
nuscenes,scene-0103_002,yaw_deg,0.50000000,34752,3078,8.85704420,4,29,23,80.05681818,79.31034483,13.29569109
nuscenes,scene-0103_002,yaw_deg,1.00000000,34752,3071,8.83690147,4,29,14,39.65909091,48.27586207,26.49034680
nuscenes,scene-0103_002,yaw_deg,2.00000000,34752,3050,8.77647330,4,29,1,2.27272727,3.44827586,52.58923493
nuscenes,scene-0103_002,yaw_deg,3.00000000,34752,3033,8.72755525,4,29,0,0.00000000,0.00000000,78.32127579
nuscenes,scene-0103_003,yaw_deg,-3.00000000,34720,3097,8.91993088,5,47,10,16.66666667,21.27659574,76.61082837
nuscenes,scene-0103_003,yaw_deg,-2.00000000,34720,3092,8.90552995,5,47,21,34.38095238,44.68085106,51.60871002
nuscenes,scene-0103_003,yaw_deg,-1.00000000,34720,3097,8.91993088,5,47,41,79.78571429,87.23404255,25.98285438
nuscenes,scene-0103_003,yaw_deg,-0.50000000,34720,3091,8.90264977,5,47,47,100.00000000,100.00000000,13.03753754
nuscenes,scene-0103_003,yaw_deg,0.00000000,34720,3100,8.92857143,5,47,47,100.00000000,100.00000000,0.00000000
nuscenes,scene-0103_003,yaw_deg,0.50000000,34720,3100,8.92857143,5,47,46,97.14285714,97.87234043,13.13281814
nuscenes,scene-0103_003,yaw_deg,1.00000000,34720,3104,8.94009217,5,47,37,74.78571429,78.72340426,26.36405160
nuscenes,scene-0103_003,yaw_deg,2.00000000,34720,3102,8.93433180,5,47,16,28.04761905,34.04255319,53.13469720
nuscenes,scene-0103_003,yaw_deg,3.00000000,34720,3089,8.89688940,5,47,6,10.00000000,12.76595745,80.33863848
nuscenes,scene-0103_004,yaw_deg,-3.00000000,34784,3062,8.80289788,9,126,46,9.64360587,36.50793651,75.13887297
nuscenes,scene-0103_004,yaw_deg,-2.00000000,34784,3075,8.84027139,9,126,49,11.24213836,38.88888889,50.37525308
nuscenes,scene-0103_004,yaw_deg,-1.00000000,34784,3063,8.80577277,9,126,86,50.17474838,68.25396825,25.38963136
nuscenes,scene-0103_004,yaw_deg,-0.50000000,34784,3061,8.80002300,9,126,107,77.07231041,84.92063492,12.74638807
nuscenes,scene-0103_004,yaw_deg,0.00000000,34784,3062,8.80289788,9,126,112,84.17508418,88.88888889,0.00000000
nuscenes,scene-0103_004,yaw_deg,0.50000000,34784,3052,8.77414903,9,126,105,75.86980920,83.33333333,12.77113068
nuscenes,scene-0103_004,yaw_deg,1.00000000,34784,3056,8.78564857,9,126,95,61.61596120,75.39682540,25.53917617
nuscenes,scene-0103_004,yaw_deg,2.00000000,34784,3065,8.81152254,9,126,60,18.88626834,47.61904762,51.41172353
nuscenes,scene-0103_004,yaw_deg,3.00000000,34784,3073,8.83452162,9,126,47,9.85324948,37.30158730,76.87589250
nuscenes,scene-0103_005,yaw_deg,-3.00000000,34720,3055,8.79896313,6,551,114,7.01891716,20.68965517,86.67729426
nuscenes,scene-0103_005,yaw_deg,-2.00000000,34720,3064,8.82488479,6,551,103,21.49706458,18.69328494,58.62673738
nuscenes,scene-0103_005,yaw_deg,-1.00000000,34720,3074,8.85368664,6,551,109,53.97508377,19.78221416,29.42549668
nuscenes,scene-0103_005,yaw_deg,-0.50000000,34720,3077,8.86232719,6,551,116,75.50721729,21.05263158,14.74376449
nuscenes,scene-0103_005,yaw_deg,0.00000000,34720,3083,8.87960829,6,551,119,85.90998043,21.59709619,0.00000000
nuscenes,scene-0103_005,yaw_deg,0.50000000,34720,3089,8.89688940,6,551,116,85.81213307,21.05263158,14.77583291
nuscenes,scene-0103_005,yaw_deg,1.00000000,34720,3087,8.89112903,6,551,103,70.34583884,18.69328494,29.58334739
nuscenes,scene-0103_005,yaw_deg,2.00000000,34720,3109,8.95449309,6,551,76,37.95223042,13.79310345,59.09779748
nuscenes,scene-0103_005,yaw_deg,3.00000000,34720,3122,8.99193548,6,551,61,22.87236356,11.07078040,88.60365426
nuscenes,scene-0103_006,yaw_deg,-3.00000000,34688,3175,9.15302122,5,56,22,30.15037594,39.28571429,68.10478304
nuscenes,scene-0103_006,yaw_deg,-2.00000000,34688,3175,9.15302122,5,56,35,55.31328321,62.50000000,45.50317015
nuscenes,scene-0103_006,yaw_deg,-1.00000000,34688,3177,9.15878690,5,56,43,74.18546366,76.78571429,22.80655387
nuscenes,scene-0103_006,yaw_deg,-0.50000000,34688,3176,9.15590406,5,56,47,82.00000000,83.92857143,11.42744728
nuscenes,scene-0103_006,yaw_deg,0.00000000,34688,3180,9.16743542,5,56,50,88.00000000,89.28571429,0.00000000
nuscenes,scene-0103_006,yaw_deg,0.50000000,34688,3183,9.17608395,5,56,54,96.94736842,96.42857143,11.57558426
nuscenes,scene-0103_006,yaw_deg,1.00000000,34688,3183,9.17608395,5,56,50,87.22807018,89.28571429,23.19382504
nuscenes,scene-0103_006,yaw_deg,2.00000000,34688,3183,9.17608395,5,56,34,55.78446115,60.71428571,46.56652573
nuscenes,scene-0103_006,yaw_deg,3.00000000,34688,3183,9.17608395,5,56,25,40.15037594,44.64285714,70.13490820
nuscenes,scene-0103_007,yaw_deg,-3.00000000,34688,3141,9.05500461,5,132,97,50.32531825,73.48484848,71.54232636
nuscenes,scene-0103_007,yaw_deg,-2.00000000,34688,3139,9.04923893,5,132,110,65.12376238,83.33333333,47.88124265
nuscenes,scene-0103_007,yaw_deg,-1.00000000,34688,3146,9.06941882,5,132,124,78.60396040,93.93939394,24.03966928
nuscenes,scene-0103_007,yaw_deg,-0.50000000,34688,3141,9.05500461,5,132,129,89.50000000,97.72727273,12.04571774
nuscenes,scene-0103_007,yaw_deg,0.00000000,34688,3143,9.06077030,5,132,132,100.00000000,100.00000000,0.00000000
nuscenes,scene-0103_007,yaw_deg,0.50000000,34688,3141,9.05500461,5,132,132,100.00000000,100.00000000,12.09977068
nuscenes,scene-0103_007,yaw_deg,1.00000000,34688,3140,9.05212177,5,132,128,89.98379838,96.96969697,24.25591884
nuscenes,scene-0103_007,yaw_deg,2.00000000,34688,3139,9.04923893,5,132,115,63.19821268,87.12121212,48.68234094
nuscenes,scene-0103_007,yaw_deg,3.00000000,34688,3139,9.04923893,5,132,107,54.70811367,81.06060606,73.10777206
nuscenes,scene-0103_008,yaw_deg,-3.00000000,34720,2994,8.62327189,5,1404,155,34.78868381,11.03988604,85.98111165
nuscenes,scene-0103_008,yaw_deg,-2.00000000,34720,3004,8.65207373,5,1404,148,44.35360432,10.54131054,57.84777638
nuscenes,scene-0103_008,yaw_deg,-1.00000000,34720,2984,8.59447005,5,1404,135,59.01915964,9.61538462,29.19839326
nuscenes,scene-0103_008,yaw_deg,-0.50000000,34720,2972,8.55990783,5,1404,133,78.17347701,9.47293447,14.66995822
nuscenes,scene-0103_008,yaw_deg,0.00000000,34720,2968,8.54838710,5,1404,126,80.91112771,8.97435897,0.00000000
nuscenes,scene-0103_008,yaw_deg,0.50000000,34720,2970,8.55414747,5,1404,117,80.77669903,8.33333333,14.50896772
nuscenes,scene-0103_008,yaw_deg,1.00000000,34720,2972,8.55990783,5,1404,106,76.62733383,7.54985755,28.71961349
nuscenes,scene-0103_008,yaw_deg,2.00000000,34720,2978,8.57718894,5,1404,78,48.59073047,5.55555556,56.91971093
nuscenes,scene-0103_008,yaw_deg,3.00000000,34720,2981,8.58582949,5,1404,53,35.39633344,3.77492877,84.28068655
nuscenes,scene-0103_009,yaw_deg,-3.00000000,34720,3043,8.76440092,5,147,94,54.91522925,63.94557823,83.29451982
nuscenes,scene-0103_009,yaw_deg,-2.00000000,34720,3046,8.77304147,5,147,96,60.44670500,65.30612245,55.99742729
nuscenes,scene-0103_009,yaw_deg,-1.00000000,34720,3046,8.77304147,5,147,105,81.94702442,71.42857143,28.24250339
nuscenes,scene-0103_009,yaw_deg,-0.50000000,34720,3046,8.77304147,5,147,106,89.93464052,72.10884354,14.18412228
nuscenes,scene-0103_009,yaw_deg,0.00000000,34720,3044,8.76728111,5,147,103,91.37254902,70.06802721,0.00000000
nuscenes,scene-0103_009,yaw_deg,0.50000000,34720,3040,8.75576037,5,147,98,90.39215686,66.66666667,14.24647634
nuscenes,scene-0103_009,yaw_deg,1.00000000,34720,3045,8.77016129,5,147,91,84.11076711,61.90476190,28.43112038
nuscenes,scene-0103_009,yaw_deg,2.00000000,34720,3033,8.73559908,5,147,71,59.82809966,48.29931973,56.49685451
nuscenes,scene-0103_009,yaw_deg,3.00000000,34720,3034,8.73847926,5,147,56,52.60415745,38.09523810,77.33063589
nuscenes,scene-0103_010,yaw_deg,-3.00000000,34720,3091,8.90264977,7,363,69,30.95341294,19.00826446,71.88816678
nuscenes,scene-0103_010,yaw_deg,-2.00000000,34720,3108,8.95161290,7,363,84,51.28144591,23.14049587,47.99036122
nuscenes,scene-0103_010,yaw_deg,-1.00000000,34720,3114,8.96889401,7,363,99,75.95851674,27.27272727,24.00090703
nuscenes,scene-0103_010,yaw_deg,-0.50000000,34720,3120,8.98617512,7,363,101,81.54761905,27.82369146,12.00536517
nuscenes,scene-0103_010,yaw_deg,0.00000000,34720,3120,8.98617512,7,363,99,80.35714286,27.27272727,0.00000000
nuscenes,scene-0103_010,yaw_deg,0.50000000,34720,3126,9.00345622,7,363,96,76.13378685,26.44628099,12.03533034
nuscenes,scene-0103_010,yaw_deg,1.00000000,34720,3125,9.00057604,7,363,90,68.70294785,24.79338843,24.09117670
nuscenes,scene-0103_010,yaw_deg,2.00000000,34720,3126,9.00345622,7,363,70,39.99027330,19.28374656,48.13522263
nuscenes,scene-0103_010,yaw_deg,3.00000000,34720,3133,9.02361751,7,363,57,26.02005013,15.70247934,72.40420529
nuscenes,scene-0103_011,yaw_deg,-3.00000000,34688,3098,8.93104244,4,132,68,42.14869281,51.51515152,73.38850924
nuscenes,scene-0103_011,yaw_deg,-2.00000000,34688,3099,8.93392528,4,132,75,46.72794118,56.81818182,49.00489300
nuscenes,scene-0103_011,yaw_deg,-1.00000000,34688,3095,8.92239391,4,132,83,57.58201357,62.87878788,24.56283546
nuscenes,scene-0103_011,yaw_deg,-0.50000000,34688,3099,8.93392528,4,132,88,66.00961538,66.66666667,12.29402113
nuscenes,scene-0103_011,yaw_deg,0.00000000,34688,3097,8.92815959,4,132,92,73.70192308,69.69696970,0.00000000
nuscenes,scene-0103_011,yaw_deg,0.50000000,34688,3098,8.93104244,4,132,93,75.62500000,70.45454545,12.31559118
nuscenes,scene-0103_011,yaw_deg,1.00000000,34688,3099,8.93392528,4,132,88,67.30769231,66.66666667,24.62676184
nuscenes,scene-0103_011,yaw_deg,2.00000000,34688,3103,8.94545664,4,132,77,50.90497738,58.33333333,49.22729383
nuscenes,scene-0103_011,yaw_deg,3.00000000,34688,3103,8.94545664,4,132,66,40.98039216,50.00000000,73.99558161
nuscenes,scene-0103_012,yaw_deg,-3.00000000,34688,3030,8.73500923,4,125,91,49.38564226,72.80000000,75.36841450
nuscenes,scene-0103_012,yaw_deg,-2.00000000,34688,3028,8.72924354,4,125,105,61.32241494,84.00000000,50.14159110
nuscenes,scene-0103_012,yaw_deg,-1.00000000,34688,3031,8.73789207,4,125,121,83.33333333,96.80000000,25.02860202
nuscenes,scene-0103_012,yaw_deg,-0.50000000,34688,3023,8.71482934,4,125,122,87.50000000,97.60000000,12.49961588
nuscenes,scene-0103_012,yaw_deg,0.00000000,34688,3023,8.71482934,4,125,125,100.00000000,100.00000000,0.00000000
nuscenes,scene-0103_012,yaw_deg,0.50000000,34688,3016,8.69464945,4,125,125,100.00000000,100.00000000,12.47633354
nuscenes,scene-0103_012,yaw_deg,1.00000000,34688,3020,8.70618081,4,125,122,95.04470939,97.60000000,24.97530640
nuscenes,scene-0103_012,yaw_deg,2.00000000,34688,3017,8.69753229,4,125,109,65.31296572,87.20000000,49.96191592
nuscenes,scene-0103_012,yaw_deg,3.00000000,34688,3013,8.68600092,4,125,98,54.97193772,78.40000000,74.77877682
nuscenes,scene-0103_013,yaw_deg,-3.00000000,34688,3050,8.79266605,4,182,151,58.86389263,82.96703297,78.27146028
nuscenes,scene-0103_013,yaw_deg,-2.00000000,34688,3030,8.73500923,4,182,164,65.22120787,90.10989011,52.20322656
nuscenes,scene-0103_013,yaw_deg,-1.00000000,34688,3028,8.72924354,4,182,178,85.93750000,97.80219780,26.15755790
nuscenes,scene-0103_013,yaw_deg,-0.50000000,34688,3025,8.72059502,4,182,180,94.27083333,98.90109890,13.07523017
nuscenes,scene-0103_013,yaw_deg,0.00000000,34688,3024,8.71771218,4,182,182,100.00000000,100.00000000,0.00000000
nuscenes,scene-0103_013,yaw_deg,0.50000000,34688,3018,8.70041513,4,182,182,100.00000000,100.00000000,13.07976778
nuscenes,scene-0103_013,yaw_deg,1.00000000,34688,3014,8.68888376,4,182,181,98.43750000,99.45054945,26.15849917
nuscenes,scene-0103_013,yaw_deg,2.00000000,34688,3014,8.68888376,4,182,168,71.44095848,92.30769231,52.29839153
nuscenes,scene-0103_013,yaw_deg,3.00000000,34688,3009,8.67446956,4,182,155,58.63467321,85.16483516,78.33574723
nuscenes,scene-0103_014,yaw_deg,-3.00000000,34720,3027,8.71831797,4,292,264,63.67293012,90.41095890,81.07041574
nuscenes,scene-0103_014,yaw_deg,-2.00000000,34720,3020,8.69815668,4,292,281,75.58132707,96.23287671,54.19673645
nuscenes,scene-0103_014,yaw_deg,-1.00000000,34720,3020,8.69815668,4,292,291,99.03846154,99.65753425,27.16932922
nuscenes,scene-0103_014,yaw_deg,-0.50000000,34720,3020,8.69815668,4,292,292,100.00000000,100.00000000,13.57841224
nuscenes,scene-0103_014,yaw_deg,0.00000000,34720,3013,8.67799539,4,292,292,100.00000000,100.00000000,0.00000000
nuscenes,scene-0103_014,yaw_deg,0.50000000,34720,3012,8.67511521,4,292,292,100.00000000,100.00000000,13.60364264
nuscenes,scene-0103_014,yaw_deg,1.00000000,34720,3006,8.65783410,4,292,286,92.50146800,97.94520548,27.18166586
nuscenes,scene-0103_014,yaw_deg,2.00000000,34720,2995,8.62615207,4,292,267,65.00880799,91.43835616,54.29517126
nuscenes,scene-0103_014,yaw_deg,3.00000000,34720,2998,8.63479263,4,292,252,57.51761597,86.30136986,81.40805256
nuscenes,scene-0103_015,yaw_deg,-3.00000000,34688,2967,8.55339022,7,396,283,30.32672457,71.46464646,81.53405805
nuscenes,scene-0103_015,yaw_deg,-2.00000000,34688,2966,8.55050738,7,396,311,36.31530725,78.53535354,54.75619688
nuscenes,scene-0103_015,yaw_deg,-1.00000000,34688,2941,8.47843635,7,396,335,58.48222545,84.59595960,27.51868978
nuscenes,scene-0103_015,yaw_deg,-0.50000000,34688,2937,8.46690498,7,396,350,77.17831814,88.38383838,13.78155576
nuscenes,scene-0103_015,yaw_deg,0.00000000,34688,2935,8.46113930,7,396,364,87.23066532,91.91919192,0.00000000
nuscenes,scene-0103_015,yaw_deg,0.50000000,34688,2941,8.47843635,7,396,369,86.58223573,93.18181818,13.81330561
nuscenes,scene-0103_015,yaw_deg,1.00000000,34688,2943,8.48420203,7,396,372,74.72982101,93.93939394,27.59314803
nuscenes,scene-0103_015,yaw_deg,2.00000000,34688,2943,8.48420203,7,396,354,43.92918894,89.39393939,55.12340317
nuscenes,scene-0103_015,yaw_deg,3.00000000,34688,2940,8.47555351,7,396,342,37.49064619,86.36363636,82.45474285
nuscenes,scene-0103_016,yaw_deg,-3.00000000,34720,2975,8.56854839,5,409,269,40.73368607,65.77017115,79.51165956
nuscenes,scene-0103_016,yaw_deg,-2.00000000,34720,2967,8.54550691,5,409,285,54.29276896,69.68215159,53.37021337
nuscenes,scene-0103_016,yaw_deg,-1.00000000,34720,2965,8.53974654,5,409,307,79.15931805,75.06112469,26.84733983
nuscenes,scene-0103_016,yaw_deg,-0.50000000,34720,2962,8.53110599,5,409,318,90.09259259,77.75061125,13.45522190
nuscenes,scene-0103_016,yaw_deg,0.00000000,34720,2951,8.49942396,5,409,322,83.16872428,78.72860636,0.00000000
nuscenes,scene-0103_016,yaw_deg,0.50000000,34720,2942,8.47350230,5,409,326,75.83303134,79.70660147,13.49443192
nuscenes,scene-0103_016,yaw_deg,1.00000000,34720,2940,8.46774194,5,409,331,68.57964292,80.92909535,26.92317314
nuscenes,scene-0103_016,yaw_deg,2.00000000,34720,2938,8.46198157,5,409,332,56.20100988,81.17359413,53.87353568
nuscenes,scene-0103_016,yaw_deg,3.00000000,34720,2935,8.45334101,5,409,331,50.24093805,80.92909535,80.97220163
nuscenes,scene-0103_017,yaw_deg,-3.00000000,34720,2950,8.49654378,6,443,229,45.26085225,51.69300226,75.48817104
nuscenes,scene-0103_017,yaw_deg,-2.00000000,34720,2942,8.47350230,6,443,252,57.07885305,56.88487585,51.21093056
nuscenes,scene-0103_017,yaw_deg,-1.00000000,34720,2949,8.49366359,6,443,283,81.42174432,63.88261851,26.40770074
nuscenes,scene-0103_017,yaw_deg,-0.50000000,34720,2951,8.49942396,6,443,292,88.26164875,65.91422122,13.28047447
nuscenes,scene-0103_017,yaw_deg,0.00000000,34720,2940,8.46774194,6,443,304,91.69653524,68.62302483,0.00000000
nuscenes,scene-0103_017,yaw_deg,0.50000000,34720,2946,8.48502304,6,443,311,90.32258065,70.20316027,13.38095133
nuscenes,scene-0103_017,yaw_deg,1.00000000,34720,2928,8.43317972,6,443,311,78.95260852,70.20316027,26.72782685
nuscenes,scene-0103_017,yaw_deg,2.00000000,34720,2904,8.36405530,6,443,306,62.07245641,69.07449210,53.48177460
nuscenes,scene-0103_017,yaw_deg,3.00000000,34720,2902,8.35829493,6,443,305,46.81331346,68.84875847,80.04994421
nuscenes,scene-0103_018,yaw_deg,-3.00000000,34784,2965,8.52403404,6,616,240,56.97064352,38.96103896,73.93547749
nuscenes,scene-0103_018,yaw_deg,-2.00000000,34784,2960,8.50965961,6,616,271,66.57830920,43.99350649,50.17556741
nuscenes,scene-0103_018,yaw_deg,-1.00000000,34784,2949,8.47803588,6,616,303,84.22961339,49.18831169,25.74058406
nuscenes,scene-0103_018,yaw_deg,-0.50000000,34784,2939,8.44928703,6,616,314,88.34876543,50.97402597,13.09469667
nuscenes,scene-0103_018,yaw_deg,0.00000000,34784,2938,8.44641214,6,616,327,88.85030864,53.08441558,0.00000000
nuscenes,scene-0103_018,yaw_deg,0.50000000,34784,2925,8.40903864,6,616,335,86.81657848,54.38311688,13.39219792
nuscenes,scene-0103_018,yaw_deg,1.00000000,34784,2933,8.43203772,6,616,344,77.34965307,55.84415584,26.80093278
nuscenes,scene-0103_018,yaw_deg,2.00000000,34784,2924,8.40616375,6,616,347,73.35480586,56.33116883,53.51317146
nuscenes,scene-0103_018,yaw_deg,3.00000000,34784,2898,8.33141674,6,616,343,59.02611239,55.68181818,80.26117638
nuscenes,scene-0103_019,yaw_deg,-3.00000000,34784,2994,8.60740570,7,697,177,42.82682683,25.39454806,74.06568498
nuscenes,scene-0103_019,yaw_deg,-2.00000000,34784,2982,8.57290708,7,697,211,60.06350497,30.27259684,50.11890091
nuscenes,scene-0103_019,yaw_deg,-1.00000000,34784,2966,8.52690892,7,697,234,75.40405622,33.57245337,25.32560535
nuscenes,scene-0103_019,yaw_deg,-0.50000000,34784,2955,8.49528519,7,697,245,85.83054622,35.15064562,12.75507350
nuscenes,scene-0103_019,yaw_deg,0.00000000,34784,2958,8.50390984,7,697,256,87.86127168,36.72883788,0.00000000
nuscenes,scene-0103_019,yaw_deg,0.50000000,34784,2949,8.47803588,7,697,268,88.19157721,38.45050215,12.92485543
nuscenes,scene-0103_019,yaw_deg,1.00000000,34784,2946,8.46941122,7,697,270,80.42517380,38.73744620,25.93533466
nuscenes,scene-0103_019,yaw_deg,2.00000000,34784,2942,8.45791168,7,697,273,67.27926123,39.16786227,52.22514769
nuscenes,scene-0103_019,yaw_deg,3.00000000,34784,2933,8.43203772,7,697,276,49.46388039,39.59827834,78.89411528
nuscenes,scene-0103_020,yaw_deg,-3.00000000,34752,3019,8.68726980,7,845,157,37.61651559,18.57988166,75.89076668
nuscenes,scene-0103_020,yaw_deg,-2.00000000,34752,3009,8.65849448,7,845,191,59.80102934,22.60355030,51.13032185
nuscenes,scene-0103_020,yaw_deg,-1.00000000,34752,3002,8.63835175,7,845,218,77.19562712,25.79881657,25.91090541
nuscenes,scene-0103_020,yaw_deg,-0.50000000,34752,3001,8.63547422,7,845,231,85.32310352,27.33727811,13.06615939
nuscenes,scene-0103_020,yaw_deg,0.00000000,34752,2990,8.60382136,7,845,238,86.88134861,28.16568047,0.00000000
nuscenes,scene-0103_020,yaw_deg,0.50000000,34752,2982,8.58080110,7,845,245,85.62567538,28.99408284,13.23277517
nuscenes,scene-0103_020,yaw_deg,1.00000000,34752,2973,8.55490331,7,845,247,82.28135581,29.23076923,26.55911266
nuscenes,scene-0103_020,yaw_deg,2.00000000,34752,2965,8.53188306,7,845,244,67.42926217,28.87573964,53.50535991
nuscenes,scene-0103_020,yaw_deg,3.00000000,34752,2960,8.51749540,7,845,228,48.58713985,26.98224852,80.86531275
nuscenes,scene-0103_021,yaw_deg,-3.00000000,34752,3009,8.65849448,8,1108,164,30.28950216,14.80144404,76.66159375
nuscenes,scene-0103_021,yaw_deg,-2.00000000,34752,3008,8.65561694,8,1108,187,44.47646104,16.87725632,51.40935110
nuscenes,scene-0103_021,yaw_deg,-1.00000000,34752,3003,8.64122928,8,1108,211,69.81060606,19.04332130,25.92577295
nuscenes,scene-0103_021,yaw_deg,-0.50000000,34752,3002,8.63835175,8,1108,220,77.40998962,19.85559567,13.01003208
nuscenes,scene-0103_021,yaw_deg,0.00000000,34752,2996,8.62108656,8,1108,227,83.38995847,20.48736462,0.00000000
nuscenes,scene-0103_021,yaw_deg,0.50000000,34752,2999,8.62971915,8,1108,233,84.30822952,21.02888087,13.13303732
nuscenes,scene-0103_021,yaw_deg,1.00000000,34752,2987,8.59518877,8,1108,230,78.44962783,20.75812274,26.35627672
nuscenes,scene-0103_021,yaw_deg,2.00000000,34752,2971,8.54914825,8,1108,226,67.75244610,20.39711191,53.08591383
nuscenes,scene-0103_021,yaw_deg,3.00000000,34752,2960,8.51749540,8,1108,211,52.73485952,19.04332130,79.94952413
nuscenes,scene-0103_022,yaw_deg,-3.00000000,34752,2982,8.58080110,6,225,181,28.06846901,80.44444444,79.77517533
nuscenes,scene-0103_022,yaw_deg,-2.00000000,34752,2979,8.57216851,6,225,197,50.53416245,87.55555556,53.60306317
nuscenes,scene-0103_022,yaw_deg,-1.00000000,34752,2963,8.52612799,6,225,203,69.14981821,90.22222222,26.99444613
nuscenes,scene-0103_022,yaw_deg,-0.50000000,34752,2954,8.50023020,6,225,206,79.99761683,91.55555556,13.54708547
nuscenes,scene-0103_022,yaw_deg,0.00000000,34752,2943,8.46857735,6,225,204,84.62135320,90.66666667,0.00000000
nuscenes,scene-0103_022,yaw_deg,0.50000000,34752,2935,8.44555709,6,225,200,84.24891372,88.88888889,13.59463636
nuscenes,scene-0103_022,yaw_deg,1.00000000,34752,2927,8.42253683,6,225,192,73.81085395,85.33333333,27.24351112
nuscenes,scene-0103_022,yaw_deg,2.00000000,34752,2928,8.42541436,6,225,179,66.37946706,79.55555556,54.63411321
nuscenes,scene-0103_022,yaw_deg,3.00000000,34752,2942,8.46569982,6,225,161,52.17838299,71.55555556,82.21316486
nuscenes,scene-0103_023,yaw_deg,-3.00000000,34720,2985,8.59735023,8,343,219,27.19086022,63.84839650,83.94899874
nuscenes,scene-0103_023,yaw_deg,-2.00000000,34720,2986,8.60023041,8,343,223,40.12160778,65.01457726,56.41720881
nuscenes,scene-0103_023,yaw_deg,-1.00000000,34720,2988,8.60599078,8,343,230,60.74564772,67.05539359,28.44411760
nuscenes,scene-0103_023,yaw_deg,-0.50000000,34720,2988,8.60599078,8,343,234,76.25032002,68.22157434,14.30976542
nuscenes,scene-0103_023,yaw_deg,0.00000000,34720,2992,8.61751152,8,343,233,84.89503328,67.93002915,0.00000000
nuscenes,scene-0103_023,yaw_deg,0.50000000,34720,2985,8.59735023,8,343,223,84.44700461,65.01457726,14.35393683
nuscenes,scene-0103_023,yaw_deg,1.00000000,34720,2988,8.60599078,8,343,206,68.86552739,60.05830904,28.69764939
nuscenes,scene-0103_023,yaw_deg,2.00000000,34720,2987,8.60311060,8,343,180,55.99046339,52.47813411,57.33001373
nuscenes,scene-0103_023,yaw_deg,3.00000000,34720,2979,8.58006912,8,343,155,41.96972606,45.18950437,85.84914158
nuscenes,scene-0103_024,yaw_deg,-3.00000000,34688,2954,8.51591328,9,478,182,28.54265530,38.07531381,86.18071899
nuscenes,scene-0103_024,yaw_deg,-2.00000000,34688,2956,8.52167897,9,478,192,44.68872285,40.16736402,58.02482047
nuscenes,scene-0103_024,yaw_deg,-1.00000000,34688,2956,8.52167897,9,478,200,67.23363538,41.84100418,29.27073539
nuscenes,scene-0103_024,yaw_deg,-0.50000000,34688,2954,8.51591328,9,478,196,75.47355174,41.00418410,14.68131289
nuscenes,scene-0103_024,yaw_deg,0.00000000,34688,2952,8.51014760,9,478,191,84.39572931,39.95815900,0.00000000
nuscenes,scene-0103_024,yaw_deg,0.50000000,34688,2950,8.50438192,9,478,179,82.52425608,37.44769874,14.69117832
nuscenes,scene-0103_024,yaw_deg,1.00000000,34688,2952,8.51014760,9,478,166,74.83660131,34.72803347,29.38718199
nuscenes,scene-0103_024,yaw_deg,2.00000000,34688,2958,8.52744465,9,478,137,59.16389439,28.66108787,58.58442528
nuscenes,scene-0103_024,yaw_deg,3.00000000,34688,2956,8.52167897,9,478,107,40.16063888,22.38493724,86.22594291
nuscenes,scene-0103_025,yaw_deg,-3.00000000,34688,2940,8.47555351,7,726,86,30.97437442,11.84573003,76.86593237
nuscenes,scene-0103_025,yaw_deg,-2.00000000,34688,2933,8.45537362,7,726,90,40.62158622,12.39669421,51.57691500
nuscenes,scene-0103_025,yaw_deg,-1.00000000,34688,2931,8.44960793,7,726,96,55.78951712,13.22314050,25.96257247
nuscenes,scene-0103_025,yaw_deg,-0.50000000,34688,2944,8.48708487,7,726,95,62.76850063,13.08539945,13.04510889
nuscenes,scene-0103_025,yaw_deg,0.00000000,34688,2941,8.47843635,7,726,89,64.95736067,12.25895317,0.00000000
nuscenes,scene-0103_025,yaw_deg,0.50000000,34688,2956,8.52167897,7,726,85,64.15871922,11.70798898,13.03029615
nuscenes,scene-0103_025,yaw_deg,1.00000000,34688,2954,8.51591328,7,726,75,59.03435058,10.33057851,25.67545331
nuscenes,scene-0103_025,yaw_deg,2.00000000,34688,2945,8.48996771,7,726,59,53.66946779,8.12672176,50.81475553
nuscenes,scene-0103_025,yaw_deg,3.00000000,34688,2945,8.48996771,7,726,46,40.19607843,6.33608815,74.94763235
nuscenes,scene-0103_026,yaw_deg,-3.00000000,34688,2887,8.32276292,6,114,65,34.06891212,57.01754386,73.99938449
nuscenes,scene-0103_026,yaw_deg,-2.00000000,34688,2892,8.33717712,6,114,82,51.31049168,71.92982456,49.93299230
nuscenes,scene-0103_026,yaw_deg,-1.00000000,34688,2884,8.31411439,6,114,100,77.07413860,87.71929825,25.11361663
nuscenes,scene-0103_026,yaw_deg,-0.50000000,34688,2884,8.31411439,6,114,104,92.15447154,91.22807018,12.59490825
nuscenes,scene-0103_026,yaw_deg,0.00000000,34688,2882,8.30834871,6,114,105,96.34146341,92.10526316,0.00000000
nuscenes,scene-0103_026,yaw_deg,0.50000000,34688,2888,8.32564576,6,114,103,95.52845528,90.35087719,12.61081351
nuscenes,scene-0103_026,yaw_deg,1.00000000,34688,2887,8.32276292,6,114,99,90.36004646,86.84210526,25.24736101
nuscenes,scene-0103_026,yaw_deg,2.00000000,34688,2886,8.31988007,6,114,79,67.11769261,69.29824561,50.24785530
nuscenes,scene-0103_026,yaw_deg,3.00000000,34688,2882,8.30834871,6,114,60,50.00580720,52.63157895,75.14681458
nuscenes,scene-0103_027,yaw_deg,-3.00000000,34752,2821,8.11751842,5,165,81,36.07830941,49.09090909,74.23736842
nuscenes,scene-0103_027,yaw_deg,-2.00000000,34752,2826,8.13190608,5,165,92,46.63237640,55.75757576,49.41129643
nuscenes,scene-0103_027,yaw_deg,-1.00000000,34752,2838,8.16643646,5,165,107,72.01897927,64.84848485,24.75554206
nuscenes,scene-0103_027,yaw_deg,-0.50000000,34752,2835,8.15780387,5,165,114,83.26555024,69.09090909,12.41315271
nuscenes,scene-0103_027,yaw_deg,0.00000000,34752,2840,8.17219153,5,165,116,85.15151515,70.30303030,0.00000000
nuscenes,scene-0103_027,yaw_deg,0.50000000,34752,2830,8.14341621,5,165,115,81.81818182,69.69696970,12.48650021
nuscenes,scene-0103_027,yaw_deg,1.00000000,34752,2839,8.16931400,5,165,109,69.75151515,66.06060606,25.04898574
nuscenes,scene-0103_027,yaw_deg,2.00000000,34752,2863,8.23837477,5,165,96,56.05948963,58.18181818,50.11913637
nuscenes,scene-0103_027,yaw_deg,3.00000000,34752,2873,8.26715009,5,165,80,43.24066986,48.48484848,75.30977605
nuscenes,scene-0103_028,yaw_deg,-3.00000000,34720,2779,8.00403226,7,282,101,48.46830708,35.81560284,74.65607907
nuscenes,scene-0103_028,yaw_deg,-2.00000000,34720,2786,8.02419355,7,282,119,59.88544335,42.19858156,49.63140007
nuscenes,scene-0103_028,yaw_deg,-1.00000000,34720,2783,8.01555300,7,282,137,78.60371724,48.58156028,24.74655996
nuscenes,scene-0103_028,yaw_deg,-0.50000000,34720,2792,8.04147465,7,282,143,85.59266820,50.70921986,12.33853263
nuscenes,scene-0103_028,yaw_deg,0.00000000,34720,2791,8.03859447,7,282,142,86.01398601,50.35460993,0.00000000
nuscenes,scene-0103_028,yaw_deg,0.50000000,34720,2796,8.05299539,7,282,137,80.84064084,48.58156028,12.29060245
nuscenes,scene-0103_028,yaw_deg,1.00000000,34720,2802,8.07027650,7,282,128,70.71687438,45.39007092,24.52093359
nuscenes,scene-0103_028,yaw_deg,2.00000000,34720,2807,8.08467742,7,282,110,48.74038948,39.00709220,48.95713250
nuscenes,scene-0103_028,yaw_deg,3.00000000,34720,2819,8.11923963,7,282,91,36.25628916,32.26950355,73.18822827
nuscenes,scene-0103_029,yaw_deg,-3.00000000,34720,2760,7.94930876,8,200,128,34.85828196,64.00000000,76.68167234
nuscenes,scene-0103_029,yaw_deg,-2.00000000,34720,2768,7.97235023,8,200,139,38.73817820,69.50000000,51.23096786
nuscenes,scene-0103_029,yaw_deg,-1.00000000,34720,2774,7.98963134,8,200,166,72.87657464,83.00000000,25.66248387
nuscenes,scene-0103_029,yaw_deg,-0.50000000,34720,2784,8.01843318,8,200,175,83.08673469,87.50000000,12.81443308
nuscenes,scene-0103_029,yaw_deg,0.00000000,34720,2785,8.02131336,8,200,173,85.20408163,86.50000000,0.00000000
nuscenes,scene-0103_029,yaw_deg,0.50000000,34720,2793,8.04435484,8,200,168,79.82142857,84.00000000,12.76410797
nuscenes,scene-0103_029,yaw_deg,1.00000000,34720,2799,8.06163594,8,200,158,67.84288253,79.00000000,25.41753284
nuscenes,scene-0103_029,yaw_deg,2.00000000,34720,2805,8.07891705,8,200,132,43.27312061,66.00000000,50.52388820
nuscenes,scene-0103_029,yaw_deg,3.00000000,34720,2814,8.10483871,8,200,108,30.49444023,54.00000000,75.25641006
nuscenes,scene-0103_030,yaw_deg,-3.00000000,34688,2804,8.08348708,7,312,181,57.23648445,58.01282051,77.00259618
nuscenes,scene-0103_030,yaw_deg,-2.00000000,34688,2815,8.11519834,7,312,208,68.55985100,66.66666667,51.15373048
nuscenes,scene-0103_030,yaw_deg,-1.00000000,34688,2817,8.12096402,7,312,230,82.50363147,73.71794872,25.48238046
nuscenes,scene-0103_030,yaw_deg,-0.50000000,34688,2820,8.12961255,7,312,234,89.87185572,75.00000000,12.72636150
nuscenes,scene-0103_030,yaw_deg,0.00000000,34688,2826,8.14690959,7,312,231,91.73469388,74.03846154,0.00000000
nuscenes,scene-0103_030,yaw_deg,0.50000000,34688,2826,8.14690959,7,312,225,90.51020408,72.11538462,12.69331100
nuscenes,scene-0103_030,yaw_deg,1.00000000,34688,2833,8.16708948,7,312,213,79.32900433,68.26923077,25.27049786
nuscenes,scene-0103_030,yaw_deg,2.00000000,34688,2838,8.18150369,7,312,190,66.11525794,60.89743590,50.08818995
nuscenes,scene-0103_030,yaw_deg,3.00000000,34688,2841,8.19015221,7,312,166,57.14084365,53.20512821,74.64116033
nuscenes,scene-0103_031,yaw_deg,-3.00000000,34688,2811,8.10366697,9,515,232,43.72144778,45.04854369,78.68430305
nuscenes,scene-0103_031,yaw_deg,-2.00000000,34688,2809,8.09790129,9,515,266,55.02207247,51.65048544,52.82800466
nuscenes,scene-0103_031,yaw_deg,-1.00000000,34688,2816,8.11808118,9,515,296,72.85814534,57.47572816,26.60661013
nuscenes,scene-0103_031,yaw_deg,-0.50000000,34688,2822,8.13537823,9,515,304,78.71953946,59.02912621,13.33934628
nuscenes,scene-0103_031,yaw_deg,0.00000000,34688,2820,8.12961255,9,515,316,83.77760389,61.35922330,0.00000000
nuscenes,scene-0103_031,yaw_deg,0.50000000,34688,2829,8.15555812,9,515,320,85.22530243,62.13592233,13.34631688
nuscenes,scene-0103_031,yaw_deg,1.00000000,34688,2832,8.16420664,9,515,320,84.92675232,62.13592233,26.55159002
nuscenes,scene-0103_031,yaw_deg,2.00000000,34688,2833,8.16708948,9,515,292,71.50865408,56.69902913,52.64943526
nuscenes,scene-0103_031,yaw_deg,3.00000000,34688,2837,8.17862085,9,515,250,52.58818931,48.54368932,78.10696563
nuscenes,scene-0103_032,yaw_deg,-3.00000000,34752,2843,8.18082413,10,907,243,36.03902818,26.79162073,76.96084984
nuscenes,scene-0103_032,yaw_deg,-2.00000000,34752,2839,8.16931400,10,907,279,52.21693496,30.76074972,51.45658638
nuscenes,scene-0103_032,yaw_deg,-1.00000000,34752,2843,8.18082413,10,907,315,69.13585255,34.72987872,25.90901449
nuscenes,scene-0103_032,yaw_deg,-0.50000000,34752,2847,8.19233425,10,907,323,71.76251040,35.61190739,12.96834246
nuscenes,scene-0103_032,yaw_deg,0.00000000,34752,2837,8.16355893,10,907,324,71.82708726,35.72216097,0.00000000
nuscenes,scene-0103_032,yaw_deg,0.50000000,34752,2839,8.16931400,10,907,330,72.16705778,36.38368247,12.98245244
nuscenes,scene-0103_032,yaw_deg,1.00000000,34752,2831,8.14629374,10,907,329,71.34982698,36.27342889,25.98222480
nuscenes,scene-0103_032,yaw_deg,2.00000000,34752,2823,8.12327348,10,907,312,58.49442356,34.39911797,51.95995364
nuscenes,scene-0103_032,yaw_deg,3.00000000,34752,2821,8.11751842,10,907,284,43.37061574,31.31201764,78.01777844
nuscenes,scene-0103_033,yaw_deg,-3.00000000,34784,2856,8.21067157,8,572,281,58.49070172,49.12587413,78.67123825
nuscenes,scene-0103_033,yaw_deg,-2.00000000,34784,2855,8.20779669,8,572,330,78.84849053,57.69230769,52.51517219
nuscenes,scene-0103_033,yaw_deg,-1.00000000,34784,2857,8.21354646,8,572,361,86.32090356,63.11188811,26.29133242
nuscenes,scene-0103_033,yaw_deg,-0.50000000,34784,2854,8.20492180,8,572,372,89.58626761,65.03496503,13.16077527
nuscenes,scene-0103_033,yaw_deg,0.00000000,34784,2853,8.20204692,8,572,374,88.86883803,65.38461538,0.00000000
nuscenes,scene-0103_033,yaw_deg,0.50000000,34784,2846,8.18192272,8,572,373,85.44307512,65.20979021,13.16804072
nuscenes,scene-0103_033,yaw_deg,1.00000000,34784,2850,8.19342226,8,572,370,79.21471538,64.68531469,26.34647909
nuscenes,scene-0103_033,yaw_deg,2.00000000,34784,2844,8.17617295,8,572,351,60.40511297,61.36363636,52.62254759
nuscenes,scene-0103_033,yaw_deg,3.00000000,34784,2840,8.16467341,8,572,325,44.26695805,56.81818182,78.87859888
nuscenes,scene-0103_034,yaw_deg,-3.00000000,34688,2865,8.25934041,8,1266,343,49.67589155,27.09320695,80.74119894
nuscenes,scene-0103_034,yaw_deg,-2.00000000,34688,2858,8.23916052,8,1266,388,69.22690763,30.64770932,54.27827216
nuscenes,scene-0103_034,yaw_deg,-1.00000000,34688,2856,8.23339483,8,1266,421,81.27008927,33.25434439,27.29804190
nuscenes,scene-0103_034,yaw_deg,-0.50000000,34688,2848,8.21033210,8,1266,429,84.69009729,33.88625592,13.67877788
nuscenes,scene-0103_034,yaw_deg,0.00000000,34688,2844,8.19880074,8,1266,427,84.57332002,33.72827804,0.00000000
nuscenes,scene-0103_034,yaw_deg,0.50000000,34688,2836,8.17573801,8,1266,426,83.60749096,33.64928910,13.64827440
nuscenes,scene-0103_034,yaw_deg,1.00000000,34688,2836,8.17573801,8,1266,427,81.18561783,33.72827804,27.29940445
nuscenes,scene-0103_034,yaw_deg,2.00000000,34688,2830,8.15844096,8,1266,406,64.36660869,32.06951027,54.45533317
nuscenes,scene-0103_034,yaw_deg,3.00000000,34688,2824,8.14114391,8,1266,364,44.19019279,28.75197472,81.45519513
nuscenes,scene-0103_035,yaw_deg,-3.00000000,34720,2854,8.22004608,7,1161,340,53.30516113,29.28509905,83.57393187
nuscenes,scene-0103_035,yaw_deg,-2.00000000,34720,2840,8.17972350,7,1161,362,64.23612918,31.18001723,55.43600267
nuscenes,scene-0103_035,yaw_deg,-1.00000000,34720,2823,8.13076037,7,1161,384,73.36273041,33.07493540,27.78260952
nuscenes,scene-0103_035,yaw_deg,-0.50000000,34720,2810,8.09331797,7,1161,384,76.50130964,33.07493540,13.92479296
nuscenes,scene-0103_035,yaw_deg,0.00000000,34720,2809,8.09043779,7,1161,381,76.30364787,32.81653747,0.00000000
nuscenes,scene-0103_035,yaw_deg,0.50000000,34720,2795,8.05011521,7,1161,373,74.58547175,32.12747631,13.85648630
nuscenes,scene-0103_035,yaw_deg,1.00000000,34720,2785,8.02131336,7,1161,362,71.43610107,31.18001723,27.56830734
nuscenes,scene-0103_035,yaw_deg,2.00000000,34720,2781,8.00979263,7,1161,326,59.91412357,28.07924203,54.62314287
nuscenes,scene-0103_035,yaw_deg,3.00000000,34720,2776,7.99539171,7,1161,276,45.92680989,23.77260982,81.02577902
nuscenes,scene-0103_036,yaw_deg,-3.00000000,34752,2803,8.06572284,7,1020,189,49.16914433,18.52941176,80.70016841
nuscenes,scene-0103_036,yaw_deg,-2.00000000,34752,2798,8.05133517,7,1020,228,60.73942416,22.35294118,54.39923210
nuscenes,scene-0103_036,yaw_deg,-1.00000000,34752,2794,8.03982505,7,1020,260,71.45640492,25.49019608,27.51993195
nuscenes,scene-0103_036,yaw_deg,-0.50000000,34752,2794,8.03982505,7,1020,270,75.72549789,26.47058824,13.78257734
nuscenes,scene-0103_036,yaw_deg,0.00000000,34752,2795,8.04270258,7,1020,277,76.61016949,27.15686275,0.00000000
nuscenes,scene-0103_036,yaw_deg,0.50000000,34752,2804,8.06860037,7,1020,286,75.76770172,28.03921569,13.77754184
nuscenes,scene-0103_036,yaw_deg,1.00000000,34752,2795,8.04270258,7,1020,282,70.41607686,27.64705882,27.48882855
nuscenes,scene-0103_036,yaw_deg,2.00000000,34752,2795,8.04270258,7,1020,280,60.24198483,27.45098039,54.79147640
nuscenes,scene-0103_036,yaw_deg,3.00000000,34752,2786,8.01680479,7,1020,270,48.66203017,26.47058824,81.90605416
nuscenes,scene-0103_037,yaw_deg,-3.00000000,34720,2730,7.86290323,7,1213,272,49.50529752,22.42374279,75.65838043
nuscenes,scene-0103_037,yaw_deg,-2.00000000,34720,2729,7.86002304,7,1213,303,63.01882477,24.97938994,50.98002607
nuscenes,scene-0103_037,yaw_deg,-1.00000000,34720,2722,7.83986175,7,1213,325,71.38777465,26.79307502,25.85478220
nuscenes,scene-0103_037,yaw_deg,-0.50000000,34720,2718,7.82834101,7,1213,332,73.64285714,27.37015664,13.11684551
nuscenes,scene-0103_037,yaw_deg,0.00000000,34720,2721,7.83698157,7,1213,336,74.00396825,27.69991756,0.00000000
nuscenes,scene-0103_037,yaw_deg,0.50000000,34720,2714,7.81682028,7,1213,336,73.00172023,27.69991756,13.11115110
nuscenes,scene-0103_037,yaw_deg,1.00000000,34720,2712,7.81105991,7,1213,331,68.25516068,27.28771641,26.15467806
nuscenes,scene-0103_037,yaw_deg,2.00000000,34720,2707,7.79665899,7,1213,315,58.08233499,25.96867271,52.33176134
nuscenes,scene-0103_037,yaw_deg,3.00000000,34720,2709,7.80241935,7,1213,287,43.30104310,23.66034625,78.53610037
nuscenes,scene-0103_038,yaw_deg,-3.00000000,34752,2724,7.83839779,7,1295,361,41.32642906,27.87644788,84.34650437
nuscenes,scene-0103_038,yaw_deg,-2.00000000,34752,2732,7.86141805,7,1295,387,62.08226772,29.88416988,56.59716353
nuscenes,scene-0103_038,yaw_deg,-1.00000000,34752,2729,7.85278545,7,1295,393,73.60759614,30.34749035,28.57095212
nuscenes,scene-0103_038,yaw_deg,-0.50000000,34752,2731,7.85854052,7,1295,394,76.60797296,30.42471042,14.34566553
nuscenes,scene-0103_038,yaw_deg,0.00000000,34752,2734,7.86717311,7,1295,388,76.83684592,29.96138996,0.00000000
nuscenes,scene-0103_038,yaw_deg,0.50000000,34752,2738,7.87868324,7,1295,388,76.93014420,29.96138996,14.43946053
nuscenes,scene-0103_038,yaw_deg,1.00000000,34752,2735,7.87005064,7,1295,371,74.59529738,28.64864865,28.80530449
nuscenes,scene-0103_038,yaw_deg,2.00000000,34752,2743,7.89307090,7,1295,342,61.36339746,26.40926641,57.58801536
nuscenes,scene-0103_038,yaw_deg,3.00000000,34752,2753,7.92184622,7,1295,305,47.60841613,23.55212355,85.91943894
nuscenes,scene-0103_039,yaw_deg,-3.00000000,34720,2704,7.78801843,5,265,201,72.98632341,75.84905660,80.79612878
nuscenes,scene-0103_039,yaw_deg,-2.00000000,34720,2705,7.79089862,5,265,231,84.59231698,87.16981132,53.84239599
nuscenes,scene-0103_039,yaw_deg,-1.00000000,34720,2703,7.78513825,5,265,257,95.52272727,96.98113208,26.88266633
nuscenes,scene-0103_039,yaw_deg,-0.50000000,34720,2687,7.73905530,5,265,263,98.59090909,99.24528302,13.45243419
nuscenes,scene-0103_039,yaw_deg,0.00000000,34720,2695,7.76209677,5,265,265,100.00000000,100.00000000,0.00000000
nuscenes,scene-0103_039,yaw_deg,0.50000000,34720,2702,7.78225806,5,265,263,97.82300885,99.24528302,13.44604176
nuscenes,scene-0103_039,yaw_deg,1.00000000,34720,2718,7.82834101,5,265,257,96.61504425,96.98113208,26.86415248
nuscenes,scene-0103_039,yaw_deg,2.00000000,34720,2741,7.89458525,5,265,237,80.30309735,89.43396226,53.36130049
nuscenes,scene-0103_039,yaw_deg,3.00000000,34720,2753,7.92914747,5,265,208,65.72807723,78.49056604,79.58863899
nuscenes,scene-1094_000,yaw_deg,-3.00000000,34400,3492,10.15116279,8,624,525,46.68867749,84.13461538,76.08239472
nuscenes,scene-1094_000,yaw_deg,-2.00000000,34400,3515,10.21802326,8,624,581,68.53174570,93.10897436,50.70829319
nuscenes,scene-1094_000,yaw_deg,-1.00000000,34400,3534,10.27325581,8,624,604,84.68073593,96.79487179,25.35166588
nuscenes,scene-1094_000,yaw_deg,-0.50000000,34400,3545,10.30523256,8,624,602,86.72619048,96.47435897,12.67573775
nuscenes,scene-1094_000,yaw_deg,0.00000000,34400,3549,10.31686047,8,624,596,84.22619048,95.51282051,0.00000000
nuscenes,scene-1094_000,yaw_deg,0.50000000,34400,3559,10.34593023,8,624,591,82.96007358,94.71153846,12.67424641
nuscenes,scene-1094_000,yaw_deg,1.00000000,34400,3570,10.37790698,8,624,579,81.22893935,92.78846154,25.34989554
nuscenes,scene-1094_000,yaw_deg,2.00000000,34400,3587,10.42732558,8,624,529,65.46320416,84.77564103,50.70481255
nuscenes,scene-1094_000,yaw_deg,3.00000000,34400,3598,10.45930233,8,624,491,47.34510114,78.68589744,76.08315514
nuscenes,scene-1094_001,yaw_deg,-3.00000000,34688,3498,10.08417897,7,579,482,62.03994418,83.24697755,75.55864339
nuscenes,scene-1094_001,yaw_deg,-2.00000000,34688,3521,10.15048432,7,579,538,87.60465725,92.91882556,50.36607271
nuscenes,scene-1094_001,yaw_deg,-1.00000000,34688,3542,10.21102399,7,579,574,97.73373452,99.13644214,25.17877233
nuscenes,scene-1094_001,yaw_deg,-0.50000000,34688,3552,10.23985240,7,579,576,96.70329670,99.48186528,12.58820970
nuscenes,scene-1094_001,yaw_deg,0.00000000,34688,3555,10.24850092,7,579,572,93.04945055,98.79101900,0.00000000
nuscenes,scene-1094_001,yaw_deg,0.50000000,34688,3562,10.26868081,7,579,567,89.36159079,97.92746114,12.58872069
nuscenes,scene-1094_001,yaw_deg,1.00000000,34688,3560,10.26291513,7,579,559,84.92543171,96.54576857,25.17471475
nuscenes,scene-1094_001,yaw_deg,2.00000000,34688,3567,10.28309502,7,579,521,74.96598639,89.98272884,50.34908139
nuscenes,scene-1094_001,yaw_deg,3.00000000,34688,3571,10.29462638,7,579,463,56.70286063,79.96545769,75.52238664
nuscenes,scene-1094_002,yaw_deg,-3.00000000,34720,3503,10.08928571,10,566,449,44.16057758,79.32862191,75.00084126
nuscenes,scene-1094_002,yaw_deg,-2.00000000,34720,3527,10.15841014,10,566,502,60.46480797,88.69257951,49.99808867
nuscenes,scene-1094_002,yaw_deg,-1.00000000,34720,3544,10.20737327,10,566,550,87.05970552,97.17314488,24.99868218
nuscenes,scene-1094_002,yaw_deg,-0.50000000,34720,3544,10.20737327,10,566,557,91.46742147,98.40989399,12.49873161
nuscenes,scene-1094_002,yaw_deg,0.00000000,34720,3551,10.22753456,10,566,560,94.54545455,98.93992933,0.00000000
nuscenes,scene-1094_002,yaw_deg,0.50000000,34720,3556,10.24193548,10,566,558,93.61011692,98.58657244,12.49891737
nuscenes,scene-1094_002,yaw_deg,1.00000000,34720,3551,10.22753456,10,566,546,83.45986573,96.46643110,24.99995936
nuscenes,scene-1094_002,yaw_deg,2.00000000,34720,3544,10.20737327,10,566,504,62.98741864,89.04593640,50.00966269
nuscenes,scene-1094_002,yaw_deg,3.00000000,34720,3542,10.20161290,10,566,456,49.20927462,80.56537102,75.02398709
nuscenes,scene-1094_003,yaw_deg,-3.00000000,34688,3543,10.21390683,11,970,443,39.01133820,45.67010309,74.47098445
nuscenes,scene-1094_003,yaw_deg,-2.00000000,34688,3559,10.26003229,11,970,496,55.23770319,51.13402062,49.64682069
nuscenes,scene-1094_003,yaw_deg,-1.00000000,34688,3566,10.28021218,11,970,535,72.67860723,55.15463918,24.82696157
nuscenes,scene-1094_003,yaw_deg,-0.50000000,34688,3570,10.29174354,11,970,544,78.70606666,56.08247423,12.41522300
nuscenes,scene-1094_003,yaw_deg,0.00000000,34688,3581,10.32345480,11,970,550,79.30944056,56.70103093,0.00000000
nuscenes,scene-1094_003,yaw_deg,0.50000000,34688,3583,10.32922048,11,970,553,77.79281041,57.01030928,12.42019255
nuscenes,scene-1094_003,yaw_deg,1.00000000,34688,3587,10.34075185,11,970,543,70.16002961,55.97938144,24.84685525
nuscenes,scene-1094_003,yaw_deg,2.00000000,34688,3589,10.34651753,11,970,508,52.54262447,52.37113402,49.72955317
nuscenes,scene-1094_003,yaw_deg,3.00000000,34688,3576,10.30904059,11,970,469,40.63065091,48.35051546,74.70397377
nuscenes,scene-1094_004,yaw_deg,-3.00000000,34720,3561,10.25633641,10,811,436,39.76284651,53.76078915,74.09041682
nuscenes,scene-1094_004,yaw_deg,-2.00000000,34720,3579,10.30817972,10,811,484,53.01686813,59.67940814,49.42259481
nuscenes,scene-1094_004,yaw_deg,-1.00000000,34720,3592,10.34562212,10,811,518,66.59155029,63.87176326,24.73641017
nuscenes,scene-1094_004,yaw_deg,-0.50000000,34720,3588,10.33410138,10,811,530,81.51318945,65.35141800,12.38742464
nuscenes,scene-1094_004,yaw_deg,0.00000000,34720,3602,10.37442396,10,811,538,85.39568345,66.33785450,0.00000000
nuscenes,scene-1094_004,yaw_deg,0.50000000,34720,3599,10.36578341,10,811,536,80.02962315,66.09124538,12.42213680
nuscenes,scene-1094_004,yaw_deg,1.00000000,34720,3593,10.34850230,10,811,516,65.41514635,63.62515413,24.87735720
nuscenes,scene-1094_004,yaw_deg,2.00000000,34720,3558,10.24769585,10,811,490,52.56418472,60.41923551,49.88259075
nuscenes,scene-1094_004,yaw_deg,3.00000000,34720,3531,10.16993088,10,811,463,47.41902756,57.09001233,75.02929595
nuscenes,scene-1094_005,yaw_deg,-3.00000000,34752,3553,10.22387201,10,766,481,41.59624342,62.79373368,74.40032037
nuscenes,scene-1094_005,yaw_deg,-2.00000000,34752,3548,10.20948435,10,766,525,51.43894353,68.53785901,49.72530393
nuscenes,scene-1094_005,yaw_deg,-1.00000000,34752,3543,10.19509669,10,766,563,70.17842419,73.49869452,24.93704069
nuscenes,scene-1094_005,yaw_deg,-0.50000000,34752,3550,10.21523941,10,766,568,77.81638418,74.15143603,12.48806195
nuscenes,scene-1094_005,yaw_deg,0.00000000,34752,3548,10.20948435,10,766,565,78.47457627,73.75979112,0.00000000
nuscenes,scene-1094_005,yaw_deg,0.50000000,34752,3550,10.21523941,10,766,557,73.62990375,72.71540470,12.52018554
nuscenes,scene-1094_005,yaw_deg,1.00000000,34752,3550,10.21523941,10,766,535,59.45696470,69.84334204,25.07248497
nuscenes,scene-1094_005,yaw_deg,2.00000000,34752,3554,10.22674954,10,766,490,45.52577780,63.96866841,50.23029994
nuscenes,scene-1094_005,yaw_deg,3.00000000,34752,3569,10.26991252,10,766,456,39.34687975,59.53002611,75.52171337
nuscenes,scene-1094_006,yaw_deg,-3.00000000,34688,3540,10.20525830,10,657,511,38.32717649,77.77777778,75.46560271
nuscenes,scene-1094_006,yaw_deg,-2.00000000,34688,3554,10.24561808,10,657,542,42.18934911,82.49619482,50.47478420
nuscenes,scene-1094_006,yaw_deg,-1.00000000,34688,3576,10.30904059,10,657,561,55.08199643,85.38812785,25.32016912
nuscenes,scene-1094_006,yaw_deg,-0.50000000,34688,3588,10.34363469,10,657,572,77.91443850,87.06240487,12.68514520
nuscenes,scene-1094_006,yaw_deg,0.00000000,34688,3602,10.38399446,10,657,571,80.47058824,86.91019787,0.00000000
nuscenes,scene-1094_006,yaw_deg,0.50000000,34688,3617,10.42723708,10,657,562,75.04271632,85.54033486,12.72800164
nuscenes,scene-1094_006,yaw_deg,1.00000000,34688,3629,10.46183118,10,657,545,59.63279710,82.95281583,25.50947771
nuscenes,scene-1094_006,yaw_deg,2.00000000,34688,3637,10.48489391,10,657,512,43.91657311,77.92998478,51.20524524
nuscenes,scene-1094_006,yaw_deg,3.00000000,34688,3631,10.46759686,10,657,476,37.70543538,72.45053272,77.08078743
nuscenes,scene-1094_007,yaw_deg,-3.00000000,34720,3643,10.49251152,9,632,547,45.62671100,86.55063291,77.40308240
nuscenes,scene-1094_007,yaw_deg,-2.00000000,34720,3660,10.54147465,9,632,580,50.17168017,91.77215190,51.82203771
nuscenes,scene-1094_007,yaw_deg,-1.00000000,34720,3669,10.56739631,9,632,605,66.62189662,95.72784810,26.06244377
nuscenes,scene-1094_007,yaw_deg,-0.50000000,34720,3671,10.57315668,9,632,614,86.83760684,97.15189873,13.06792215
nuscenes,scene-1094_007,yaw_deg,0.00000000,34720,3678,10.59331797,9,632,609,85.98290598,96.36075949,0.00000000
nuscenes,scene-1094_007,yaw_deg,0.50000000,34720,3676,10.58755760,9,632,603,85.25104525,95.41139241,13.12523615
nuscenes,scene-1094_007,yaw_deg,1.00000000,34720,3678,10.59331797,9,632,578,68.81683828,91.45569620,26.27923163
nuscenes,scene-1094_007,yaw_deg,2.00000000,34720,3681,10.60195853,9,632,533,47.45728584,84.33544304,52.80920640
nuscenes,scene-1094_007,yaw_deg,3.00000000,34720,3682,10.60483871,9,632,500,43.64080762,79.11392405,79.62808459
nuscenes,scene-1094_008,yaw_deg,-3.00000000,34752,3647,10.49436004,8,674,604,49.52236976,89.61424332,81.58052856
nuscenes,scene-1094_008,yaw_deg,-2.00000000,34752,3647,10.49436004,8,674,627,56.35035470,93.02670623,54.72260893
nuscenes,scene-1094_008,yaw_deg,-1.00000000,34752,3648,10.49723757,8,674,632,74.70238095,93.76854599,27.56238992
nuscenes,scene-1094_008,yaw_deg,-0.50000000,34752,3647,10.49436004,8,674,633,88.49206349,93.91691395,13.82756909
nuscenes,scene-1094_008,yaw_deg,0.00000000,34752,3646,10.49148250,8,674,633,92.88194444,93.91691395,0.00000000
nuscenes,scene-1094_008,yaw_deg,0.50000000,34752,3650,10.50299263,8,674,625,88.63968708,92.72997033,13.90207796
nuscenes,scene-1094_008,yaw_deg,1.00000000,34752,3652,10.50874770,8,674,607,75.28611727,90.05934718,27.89182983
nuscenes,scene-1094_008,yaw_deg,2.00000000,34752,3647,10.49436004,8,674,556,44.83731716,82.49258160,55.82408141
nuscenes,scene-1094_008,yaw_deg,3.00000000,34752,3653,10.51162523,8,674,509,32.19637674,75.51928783,83.89495117
nuscenes,scene-1094_009,yaw_deg,-3.00000000,34720,3607,10.38882488,10,646,451,35.46374780,69.81424149,85.06978228
nuscenes,scene-1094_009,yaw_deg,-2.00000000,34720,3615,10.41186636,10,646,452,36.63973929,69.96904025,57.23742633
nuscenes,scene-1094_009,yaw_deg,-1.00000000,34720,3618,10.42050691,10,646,464,64.43597202,71.82662539,28.86299307
nuscenes,scene-1094_009,yaw_deg,-0.50000000,34720,3617,10.41762673,10,646,465,83.52209806,71.98142415,14.49510510
nuscenes,scene-1094_009,yaw_deg,0.00000000,34720,3620,10.42626728,10,646,454,86.34249471,70.27863777,0.00000000
nuscenes,scene-1094_009,yaw_deg,0.50000000,34720,3624,10.43778802,10,646,439,81.64435048,67.95665635,14.55257209
nuscenes,scene-1094_009,yaw_deg,1.00000000,34720,3633,10.46370968,10,646,417,65.33069902,64.55108359,29.14726780
nuscenes,scene-1094_009,yaw_deg,2.00000000,34720,3636,10.47235023,10,646,358,32.86134408,55.41795666,58.29321345
nuscenes,scene-1094_009,yaw_deg,3.00000000,34720,3641,10.48675115,10,646,302,20.52263628,46.74922601,87.38254045
nuscenes,scene-1094_010,yaw_deg,-3.00000000,34688,3550,10.23408672,11,676,344,41.26076962,50.88757396,80.08216607
nuscenes,scene-1094_010,yaw_deg,-2.00000000,34688,3565,10.27732934,11,676,351,46.61473656,51.92307692,53.77926835
nuscenes,scene-1094_010,yaw_deg,-1.00000000,34688,3581,10.32345480,11,676,361,66.88301973,53.40236686,27.09378407
nuscenes,scene-1094_010,yaw_deg,-0.50000000,34688,3584,10.33210332,11,676,362,79.53532602,53.55029586,13.59947044
nuscenes,scene-1094_010,yaw_deg,0.00000000,34688,3592,10.35516605,11,676,357,85.67262122,52.81065089,0.00000000
nuscenes,scene-1094_010,yaw_deg,0.50000000,34688,3594,10.36093173,11,676,344,84.71481126,50.88757396,13.62272914
nuscenes,scene-1094_010,yaw_deg,1.00000000,34688,3600,10.37822878,11,676,324,71.85889939,47.92899408,27.18351551
nuscenes,scene-1094_010,yaw_deg,2.00000000,34688,3609,10.40417435,11,676,270,43.51647834,39.94082840,53.85281594
nuscenes,scene-1094_010,yaw_deg,3.00000000,34688,3618,10.43011993,11,676,217,32.81257870,32.10059172,80.41077625
nuscenes,scene-1094_011,yaw_deg,-3.00000000,34688,3478,10.02652214,9,646,305,54.25340213,47.21362229,74.63127518
nuscenes,scene-1094_011,yaw_deg,-2.00000000,34688,3504,10.10147601,9,646,329,59.89088689,50.92879257,49.93749106
nuscenes,scene-1094_011,yaw_deg,-1.00000000,34688,3530,10.17642989,9,646,349,78.36237544,54.02476780,25.10575446
nuscenes,scene-1094_011,yaw_deg,-0.50000000,34688,3543,10.21390683,9,646,343,88.02576236,53.09597523,12.58841243
nuscenes,scene-1094_011,yaw_deg,0.00000000,34688,3559,10.26003229,9,646,336,89.04445153,52.01238390,0.00000000
nuscenes,scene-1094_011,yaw_deg,0.50000000,34688,3567,10.28309502,9,646,323,85.12511681,50.00000000,12.59333699
nuscenes,scene-1094_011,yaw_deg,1.00000000,34688,3579,10.31768911,9,646,311,78.71340847,48.14241486,25.16522836
nuscenes,scene-1094_011,yaw_deg,2.00000000,34688,3599,10.37534594,9,646,272,56.12942500,42.10526316,50.40951660
nuscenes,scene-1094_011,yaw_deg,3.00000000,34688,3606,10.39552583,9,646,235,44.59512558,36.37770898,75.76144406
nuscenes,scene-1094_012,yaw_deg,-3.00000000,34752,3300,9.49585635,10,647,376,53.94494928,58.11437403,74.91933532
nuscenes,scene-1094_012,yaw_deg,-2.00000000,34752,3325,9.56779466,10,647,401,57.78800963,61.97836167,50.04620270
nuscenes,scene-1094_012,yaw_deg,-1.00000000,34752,3355,9.65412063,10,647,428,72.56561646,66.15146832,25.04307840
nuscenes,scene-1094_012,yaw_deg,-0.50000000,34752,3366,9.68577348,10,647,435,89.38653147,67.23338485,12.55346847
nuscenes,scene-1094_012,yaw_deg,0.00000000,34752,3384,9.73756906,10,647,429,90.84033613,66.30602782,0.00000000
nuscenes,scene-1094_012,yaw_deg,0.50000000,34752,3396,9.77209945,10,647,418,89.13919217,64.60587326,12.55705084
nuscenes,scene-1094_012,yaw_deg,1.00000000,34752,3419,9.83828269,10,647,401,78.83477990,61.97836167,25.10188365
nuscenes,scene-1094_012,yaw_deg,2.00000000,34752,3459,9.95338398,10,647,355,54.64337635,54.86862442,50.18832600
nuscenes,scene-1094_012,yaw_deg,3.00000000,34752,3479,10.01093462,10,647,309,45.02244585,47.75888717,75.54794791
nuscenes,scene-1094_013,yaw_deg,-3.00000000,34752,3120,8.97790055,11,544,409,54.78556658,75.18382353,71.17960118
nuscenes,scene-1094_013,yaw_deg,-2.00000000,34752,3142,9.04120626,11,544,451,69.26324550,82.90441176,47.43909142
nuscenes,scene-1094_013,yaw_deg,-1.00000000,34752,3157,9.08436924,11,544,475,77.04519890,87.31617647,23.71634169
nuscenes,scene-1094_013,yaw_deg,-0.50000000,34752,3171,9.12465470,11,544,486,83.97995705,89.33823529,11.86033213
nuscenes,scene-1094_013,yaw_deg,0.00000000,34752,3177,9.14191989,11,544,482,87.18682892,88.60294118,0.00000000
nuscenes,scene-1094_013,yaw_deg,0.50000000,34752,3181,9.15343002,11,544,477,88.50393701,87.68382353,11.84662685
nuscenes,scene-1094_013,yaw_deg,1.00000000,34752,3187,9.17069521,11,544,464,85.62191090,85.29411765,23.66687725
nuscenes,scene-1094_013,yaw_deg,2.00000000,34752,3203,9.21673573,11,544,416,69.03895536,76.47058824,47.26652228
nuscenes,scene-1094_013,yaw_deg,3.00000000,34752,3223,9.27428637,11,544,358,50.50073286,65.80882353,70.83843785
nuscenes,scene-1094_014,yaw_deg,-3.00000000,34720,2874,8.27764977,8,578,476,73.19934471,82.35294118,75.43066011
nuscenes,scene-1094_014,yaw_deg,-2.00000000,34720,2878,8.28917051,8,578,525,87.28933607,90.83044983,50.08051782
nuscenes,scene-1094_014,yaw_deg,-1.00000000,34720,2883,8.30357143,8,578,565,97.01574249,97.75086505,24.90835594
nuscenes,scene-1094_014,yaw_deg,-0.50000000,34720,2887,8.31509217,8,578,577,99.87373737,99.82698962,12.42246875
nuscenes,scene-1094_014,yaw_deg,0.00000000,34720,2899,8.34965438,8,578,578,100.00000000,100.00000000,0.00000000
nuscenes,scene-1094_014,yaw_deg,0.50000000,34720,2903,8.36117512,8,578,578,100.00000000,100.00000000,12.36152582
nuscenes,scene-1094_014,yaw_deg,1.00000000,34720,2914,8.39285714,8,578,568,97.29955808,98.26989619,24.66454071
nuscenes,scene-1094_014,yaw_deg,2.00000000,34720,2940,8.46774194,8,578,522,81.18543203,90.31141869,49.10783196
nuscenes,scene-1094_014,yaw_deg,3.00000000,34720,2974,8.56566820,8,578,474,64.06608144,82.00692042,73.35071218
nuscenes,scene-1094_015,yaw_deg,-3.00000000,34752,2816,8.10313076,8,771,347,53.47647850,45.00648508,78.77814953
nuscenes,scene-1094_015,yaw_deg,-2.00000000,34752,2819,8.11176335,8,771,397,65.55693479,51.49156939,52.72432587
nuscenes,scene-1094_015,yaw_deg,-1.00000000,34752,2819,8.11176335,8,771,444,73.84647713,57.58754864,26.40808275
nuscenes,scene-1094_015,yaw_deg,-0.50000000,34752,2829,8.14053867,8,771,468,76.04870376,60.70038911,13.27113415
nuscenes,scene-1094_015,yaw_deg,0.00000000,34752,2825,8.12902855,8,771,480,76.68726598,62.25680934,0.00000000
nuscenes,scene-1094_015,yaw_deg,0.50000000,34752,2838,8.16643646,8,771,496,76.74756130,64.33203632,13.23952933
nuscenes,scene-1094_015,yaw_deg,1.00000000,34752,2832,8.14917127,8,771,494,75.03730680,64.07263294,26.39416168
nuscenes,scene-1094_015,yaw_deg,2.00000000,34752,2830,8.14341621,8,771,482,67.62982594,62.51621271,52.46056370
nuscenes,scene-1094_015,yaw_deg,3.00000000,34752,2825,8.12902855,8,771,445,55.38987967,57.71725032,78.22224734
nuscenes,scene-1094_016,yaw_deg,-3.00000000,34816,2810,8.07100184,7,642,100,49.38026858,15.57632399,71.16416827
nuscenes,scene-1094_016,yaw_deg,-2.00000000,34816,2803,8.05089614,7,642,136,72.25673932,21.18380062,47.44939593
nuscenes,scene-1094_016,yaw_deg,-1.00000000,34816,2782,7.99057904,7,642,157,84.92063492,24.45482866,23.63543341
nuscenes,scene-1094_016,yaw_deg,-0.50000000,34816,2782,7.99057904,7,642,165,85.66437316,25.70093458,11.82598879
nuscenes,scene-1094_016,yaw_deg,0.00000000,34816,2790,8.01355699,7,642,176,86.15978616,27.41433022,0.00000000
nuscenes,scene-1094_016,yaw_deg,0.50000000,34816,2791,8.01642923,7,642,182,86.16927367,28.34890966,11.88196613
nuscenes,scene-1094_016,yaw_deg,1.00000000,34816,2802,8.04802390,7,642,172,82.93422705,26.79127726,23.71485722
nuscenes,scene-1094_016,yaw_deg,2.00000000,34816,2825,8.11408548,7,642,161,74.23840199,25.07788162,47.24194525
nuscenes,scene-1094_016,yaw_deg,3.00000000,34816,2830,8.12844669,7,642,143,56.55320557,22.27414330,70.59802127
nuscenes,scene-1094_017,yaw_deg,-3.00000000,34752,2818,8.10888582,6,202,83,52.21485690,41.08910891,73.59843144
nuscenes,scene-1094_017,yaw_deg,-2.00000000,34752,2824,8.12615101,6,202,106,69.13930976,52.47524752,49.06916327
nuscenes,scene-1094_017,yaw_deg,-1.00000000,34752,2807,8.07723297,6,202,125,77.84327782,61.88118812,24.53299551
nuscenes,scene-1094_017,yaw_deg,-0.50000000,34752,2800,8.05709024,6,202,135,83.31001244,66.83168317,12.25511439
nuscenes,scene-1094_017,yaw_deg,0.00000000,34752,2795,8.04270258,6,202,142,85.07462687,70.29702970,0.00000000
nuscenes,scene-1094_017,yaw_deg,0.50000000,34752,2793,8.03694751,6,202,144,85.56047886,71.28712871,12.38415967
nuscenes,scene-1094_017,yaw_deg,1.00000000,34752,2791,8.03119245,6,202,140,84.48383085,69.30693069,24.70052195
nuscenes,scene-1094_017,yaw_deg,2.00000000,34752,2786,8.01680479,6,202,133,79.49567189,65.84158416,49.13967653
nuscenes,scene-1094_017,yaw_deg,3.00000000,34752,2786,8.01680479,6,202,106,57.94685034,52.47524752,73.33594871
nuscenes,scene-1094_018,yaw_deg,-3.00000000,34688,2821,8.13249539,4,128,58,50.39132379,45.31250000,68.80525943
nuscenes,scene-1094_018,yaw_deg,-2.00000000,34688,2804,8.08348708,4,128,73,58.40787120,57.03125000,45.86949228
nuscenes,scene-1094_018,yaw_deg,-1.00000000,34688,2779,8.01141605,4,128,85,64.98211091,66.40625000,25.68430495
nuscenes,scene-1094_018,yaw_deg,-0.50000000,34688,2768,7.97970480,4,128,92,68.75000000,71.87500000,13.08879523
nuscenes,scene-1094_018,yaw_deg,0.00000000,34688,2766,7.97393911,4,128,97,72.36622074,75.78125000,0.00000000
nuscenes,scene-1094_018,yaw_deg,0.50000000,34688,2757,7.94799354,4,128,97,72.67052967,75.78125000,13.09353450
nuscenes,scene-1094_018,yaw_deg,1.00000000,34688,2757,7.94799354,4,128,100,71.28675041,78.12500000,26.09498886
nuscenes,scene-1094_018,yaw_deg,2.00000000,34688,2740,7.89898524,4,128,100,74.11886521,78.12500000,51.83349825
nuscenes,scene-1094_018,yaw_deg,3.00000000,34688,2728,7.86439114,4,128,89,64.79738664,69.53125000,77.23854625
nuscenes,scene-1094_019,yaw_deg,-3.00000000,34688,2874,8.28528598,4,183,71,53.01310447,38.79781421,80.67915893
nuscenes,scene-1094_019,yaw_deg,-2.00000000,34688,2859,8.24204336,4,183,91,66.77141011,49.72677596,54.45834997
nuscenes,scene-1094_019,yaw_deg,-1.00000000,34688,2847,8.20744926,4,183,106,77.70025840,57.92349727,27.26155671
nuscenes,scene-1094_019,yaw_deg,-0.50000000,34688,2842,8.19303506,4,183,111,79.69638243,60.65573770,13.63512592
nuscenes,scene-1094_019,yaw_deg,0.00000000,34688,2829,8.15555812,4,183,113,80.55555556,61.74863388,0.00000000
nuscenes,scene-1094_019,yaw_deg,0.50000000,34688,2823,8.13826107,4,183,112,79.06330749,61.20218579,13.53981746
nuscenes,scene-1094_019,yaw_deg,1.00000000,34688,2814,8.11231550,4,183,108,73.91242156,59.01639344,26.97489655
nuscenes,scene-1094_019,yaw_deg,2.00000000,34688,2804,8.08348708,4,183,103,67.03303802,56.28415301,53.54396014
nuscenes,scene-1094_019,yaw_deg,3.00000000,34688,2785,8.02871310,4,183,89,57.30435585,48.63387978,79.73264127
nuscenes,scene-1094_020,yaw_deg,-3.00000000,34720,2863,8.24596774,4,106,41,33.54054054,38.67924528,68.59853125
nuscenes,scene-1094_020,yaw_deg,-2.00000000,34720,2840,8.17972350,4,106,57,48.22007722,53.77358491,47.75682060
nuscenes,scene-1094_020,yaw_deg,-1.00000000,34720,2821,8.12500000,4,106,79,81.43243243,74.52830189,25.08340836
nuscenes,scene-1094_020,yaw_deg,-0.50000000,34720,2815,8.10771889,4,106,84,85.13513514,79.24528302,12.55610439
nuscenes,scene-1094_020,yaw_deg,0.00000000,34720,2805,8.07891705,4,106,90,89.18918919,84.90566038,0.00000000
nuscenes,scene-1094_020,yaw_deg,0.50000000,34720,2792,8.04147465,4,106,90,89.18918919,84.90566038,13.43320930
nuscenes,scene-1094_020,yaw_deg,1.00000000,34720,2793,8.04435484,4,106,91,86.96911197,85.84905660,26.76496476
nuscenes,scene-1094_020,yaw_deg,2.00000000,34720,2783,8.01555300,4,106,79,69.52509653,74.52830189,53.13691263
nuscenes,scene-1094_020,yaw_deg,3.00000000,34720,2765,7.96370968,4,106,67,51.75675676,63.20754717,79.14068289
nuscenes,scene-1094_021,yaw_deg,-3.00000000,34688,2799,8.06907288,4,173,31,26.33578431,17.91907514,68.51791835
nuscenes,scene-1094_021,yaw_deg,-2.00000000,34688,2774,7.99700185,4,173,54,44.18504902,31.21387283,45.67599643
nuscenes,scene-1094_021,yaw_deg,-1.00000000,34688,2777,8.00565037,4,173,71,56.67892157,41.04046243,22.83232937
nuscenes,scene-1094_021,yaw_deg,-0.50000000,34688,2770,7.98547048,4,173,78,60.78431373,45.08670520,11.41316423
nuscenes,scene-1094_021,yaw_deg,0.00000000,34688,2784,8.02583026,4,173,80,61.76470588,46.24277457,0.00000000
nuscenes,scene-1094_021,yaw_deg,0.50000000,34688,2784,8.02583026,4,173,79,60.73529412,45.66473988,12.50788922
nuscenes,scene-1094_021,yaw_deg,1.00000000,34688,2790,8.04312731,4,173,79,59.03576203,45.66473988,24.95690152
nuscenes,scene-1094_021,yaw_deg,2.00000000,34688,2771,7.98835332,4,173,60,44.21958556,34.68208092,49.68858885
nuscenes,scene-1094_021,yaw_deg,3.00000000,34688,2762,7.96240775,4,173,44,30.76258913,25.43352601,74.23503044
nuscenes,scene-1094_022,yaw_deg,-3.00000000,34656,2919,8.42278393,3,53,28,38.49275362,52.83018868,68.91838932
nuscenes,scene-1094_022,yaw_deg,-2.00000000,34656,2901,8.37084488,3,53,39,53.85507246,73.58490566,46.41518453
nuscenes,scene-1094_022,yaw_deg,-1.00000000,34656,2890,8.33910434,3,53,46,69.10144928,86.79245283,23.29167822
nuscenes,scene-1094_022,yaw_deg,-0.50000000,34656,2882,8.31602031,3,53,51,92.00000000,96.22641509,11.66483174
nuscenes,scene-1094_022,yaw_deg,0.00000000,34656,2873,8.29005078,3,53,52,98.66666667,98.11320755,0.00000000
nuscenes,scene-1094_022,yaw_deg,0.50000000,34656,2866,8.26985226,3,53,48,87.65217391,90.56603774,11.70483968
nuscenes,scene-1094_022,yaw_deg,1.00000000,34656,2865,8.26696676,3,53,46,74.31884058,86.79245283,23.45173637
nuscenes,scene-1094_022,yaw_deg,2.00000000,34656,2861,8.25542475,3,53,39,53.73913043,73.58490566,47.08003802
nuscenes,scene-1094_022,yaw_deg,3.00000000,34656,2854,8.23522622,3,53,30,41.04347826,56.60377358,70.90188325
nuscenes,scene-1094_023,yaw_deg,-3.00000000,34688,3044,8.77536900,3,82,8,14.81481481,9.75609756,68.27135638
nuscenes,scene-1094_023,yaw_deg,-2.00000000,34688,3030,8.73500923,3,82,11,20.37037037,13.41463415,45.44369898
nuscenes,scene-1094_023,yaw_deg,-1.00000000,34688,3004,8.66005535,3,82,20,40.61302682,24.39024390,22.71104662
nuscenes,scene-1094_023,yaw_deg,-0.50000000,34688,2998,8.64275830,3,82,28,57.72669221,34.14634146,11.35755789
nuscenes,scene-1094_023,yaw_deg,0.00000000,34688,2989,8.61681273,3,82,34,72.41379310,41.46341463,0.00000000
nuscenes,scene-1094_023,yaw_deg,0.50000000,34688,2977,8.58221863,3,82,34,69.85951469,41.46341463,11.34944684
nuscenes,scene-1094_023,yaw_deg,1.00000000,34688,2969,8.55915590,3,82,36,64.75095785,43.90243902,22.68544565
nuscenes,scene-1094_023,yaw_deg,2.00000000,34688,2948,8.49861624,3,82,27,28.28863346,32.92682927,45.32430624
nuscenes,scene-1094_023,yaw_deg,3.00000000,34688,2932,8.45249077,3,82,24,22.73307791,29.26829268,67.93092956
nuscenes,scene-1094_024,yaw_deg,-3.00000000,34688,3057,8.81284594,2,45,10,16.66666667,22.22222222,68.34806065
nuscenes,scene-1094_024,yaw_deg,-2.00000000,34688,3030,8.73500923,2,45,20,36.66666667,44.44444444,45.48718050
nuscenes,scene-1094_024,yaw_deg,-1.00000000,34688,3005,8.66293819,2,45,35,73.33333333,77.77777778,22.70812857
nuscenes,scene-1094_024,yaw_deg,-0.50000000,34688,2991,8.62257841,2,45,42,91.66666667,93.33333333,11.34590224
nuscenes,scene-1094_024,yaw_deg,0.00000000,34688,2983,8.59951568,2,45,45,100.00000000,100.00000000,0.00000000
nuscenes,scene-1094_024,yaw_deg,0.50000000,34688,2968,8.55627306,2,45,43,95.00000000,95.55555556,11.33139136
nuscenes,scene-1094_024,yaw_deg,1.00000000,34688,2959,8.53032749,2,45,38,83.33333333,84.44444444,22.65172843
nuscenes,scene-1094_024,yaw_deg,2.00000000,34688,2930,8.44672509,2,45,22,43.33333333,48.88888889,45.26903725
nuscenes,scene-1094_024,yaw_deg,3.00000000,34688,2924,8.42942804,2,45,10,16.66666667,22.22222222,67.86246747
nuscenes,scene-1094_025,yaw_deg,-3.00000000,34720,3023,8.70679724,3,67,14,12.07184628,20.89552239,68.16567592
nuscenes,scene-1094_025,yaw_deg,-2.00000000,34720,2999,8.63767281,3,67,32,32.12197160,47.76119403,45.37101377
nuscenes,scene-1094_025,yaw_deg,-1.00000000,34720,2998,8.63479263,3,67,56,74.10192147,83.58208955,22.65398381
nuscenes,scene-1094_025,yaw_deg,-0.50000000,34720,2995,8.62615207,3,67,64,97.61904762,95.52238806,11.32001612
nuscenes,scene-1094_025,yaw_deg,0.00000000,34720,2993,8.62039171,3,67,67,100.00000000,100.00000000,0.00000000
nuscenes,scene-1094_025,yaw_deg,0.50000000,34720,2984,8.59447005,3,67,63,92.06349206,94.02985075,11.30786326
nuscenes,scene-1094_025,yaw_deg,1.00000000,34720,2974,8.56566820,3,67,57,76.81704261,85.07462687,22.60657126
nuscenes,scene-1094_025,yaw_deg,2.00000000,34720,2956,8.51382488,3,67,36,39.13951546,53.73134328,45.20413486
nuscenes,scene-1094_025,yaw_deg,3.00000000,34720,2923,8.41877880,3,67,15,13.82623225,22.38805970,67.79682625
nuscenes,scene-1094_026,yaw_deg,-3.00000000,34752,3038,8.74194291,5,52,8,8.00000000,15.38461538,68.07992627
nuscenes,scene-1094_026,yaw_deg,-2.00000000,34752,3029,8.71604512,5,52,18,20.00000000,34.61538462,45.31678668
nuscenes,scene-1094_026,yaw_deg,-1.00000000,34752,3005,8.64698435,5,52,41,76.66666667,78.84615385,22.64540059
nuscenes,scene-1094_026,yaw_deg,-0.50000000,34752,3007,8.65273941,5,52,49,94.66666667,94.23076923,11.31913268
nuscenes,scene-1094_026,yaw_deg,0.00000000,34752,3004,8.64410681,5,52,52,100.00000000,100.00000000,0.00000000
nuscenes,scene-1094_026,yaw_deg,0.50000000,34752,3000,8.63259669,5,52,49,95.33333333,94.23076923,11.30906334
nuscenes,scene-1094_026,yaw_deg,1.00000000,34752,2992,8.60957643,5,52,44,79.33333333,84.61538462,22.60734595
nuscenes,scene-1094_026,yaw_deg,2.00000000,34752,2972,8.55202578,5,52,24,26.66666667,46.15384615,45.17870198
nuscenes,scene-1094_026,yaw_deg,3.00000000,34752,2952,8.49447514,5,52,12,10.66666667,23.07692308,67.72828448
nuscenes,scene-1094_027,yaw_deg,-3.00000000,34752,3060,8.80524862,5,75,10,13.95611285,13.33333333,71.42012863
nuscenes,scene-1094_027,yaw_deg,-2.00000000,34752,3051,8.77935083,5,75,25,28.70846395,33.33333333,47.78367669
nuscenes,scene-1094_027,yaw_deg,-1.00000000,34752,3038,8.74194291,5,75,54,72.34225545,72.00000000,23.98267408
nuscenes,scene-1094_027,yaw_deg,-0.50000000,34752,3033,8.72755525,5,75,70,94.63467567,93.33333333,12.01513472
nuscenes,scene-1094_027,yaw_deg,0.00000000,34752,3019,8.68726980,5,75,75,100.00000000,100.00000000,0.00000000
nuscenes,scene-1094_027,yaw_deg,0.50000000,34752,3012,8.66712707,5,75,73,98.62068966,97.33333333,12.06494781
nuscenes,scene-1094_027,yaw_deg,1.00000000,34752,2990,8.60382136,5,75,65,81.42319749,86.66666667,24.18196073
nuscenes,scene-1094_027,yaw_deg,2.00000000,34752,2963,8.52612799,5,75,39,44.77308898,52.00000000,48.58137190
nuscenes,scene-1094_027,yaw_deg,3.00000000,34752,2947,8.48008748,5,75,15,17.84326019,20.00000000,73.16127113
nuscenes,scene-1094_028,yaw_deg,-3.00000000,34752,2978,8.56929098,5,83,18,25.57823129,21.68674699,78.80437304
nuscenes,scene-1094_028,yaw_deg,-2.00000000,34752,2997,8.62396409,5,83,35,45.85034014,42.16867470,52.85099700
nuscenes,scene-1094_028,yaw_deg,-1.00000000,34752,2985,8.58943370,5,83,73,92.29024943,87.95180723,26.54069104
nuscenes,scene-1094_028,yaw_deg,-0.50000000,34752,2984,8.58655617,5,83,81,99.18367347,97.59036145,13.31117572
nuscenes,scene-1094_028,yaw_deg,0.00000000,34752,2981,8.57792357,5,83,83,100.00000000,100.00000000,0.00000000
nuscenes,scene-1094_028,yaw_deg,0.50000000,34752,2975,8.56065838,5,83,82,97.77777778,98.79518072,13.40364597
nuscenes,scene-1094_028,yaw_deg,1.00000000,34752,2967,8.53763812,5,83,77,92.10884354,92.77108434,26.90296076
nuscenes,scene-1094_028,yaw_deg,2.00000000,34752,2951,8.49159761,5,83,66,73.10657596,79.51807229,54.20177773
nuscenes,scene-1094_028,yaw_deg,3.00000000,34752,2955,8.50310773,5,83,51,55.46485261,61.44578313,81.80335512
nuscenes,scene-1094_029,yaw_deg,-3.00000000,34720,3066,8.83064516,5,93,14,28.05491991,15.05376344,71.39069445
nuscenes,scene-1094_029,yaw_deg,-2.00000000,34720,3057,8.80472350,5,93,32,46.81922197,34.40860215,47.45069502
nuscenes,scene-1094_029,yaw_deg,-1.00000000,34720,3048,8.77880184,5,93,46,61.18993135,49.46236559,23.76907301
nuscenes,scene-1094_029,yaw_deg,-0.50000000,34720,3054,8.79608295,5,93,49,64.34782609,52.68817204,11.85783920
nuscenes,scene-1094_029,yaw_deg,0.00000000,34720,3048,8.77880184,5,93,50,65.21739130,53.76344086,0.00000000
nuscenes,scene-1094_029,yaw_deg,0.50000000,34720,3039,8.75288018,5,93,51,65.90389016,54.83870968,12.04158795
nuscenes,scene-1094_029,yaw_deg,1.00000000,34720,3039,8.75288018,5,93,51,65.17162471,54.83870968,24.08934116
nuscenes,scene-1094_029,yaw_deg,2.00000000,34720,3040,8.75576037,5,93,35,40.75514874,37.63440860,48.21246309
nuscenes,scene-1094_029,yaw_deg,3.00000000,34720,3043,8.76440092,5,93,23,23.01296720,24.73118280,72.38768875
nuscenes,scene-1094_030,yaw_deg,-3.00000000,34720,3077,8.86232719,3,82,52,50.59523810,63.41463415,82.02168169
nuscenes,scene-1094_030,yaw_deg,-2.00000000,34720,3082,8.87672811,3,82,68,74.15674603,82.92682927,55.09763004
nuscenes,scene-1094_030,yaw_deg,-1.00000000,34720,3084,8.88248848,3,82,78,92.95634921,95.12195122,27.76622478
nuscenes,scene-1094_030,yaw_deg,-0.50000000,34720,3094,8.91129032,3,82,82,100.00000000,100.00000000,13.93923637
nuscenes,scene-1094_030,yaw_deg,0.00000000,34720,3095,8.91417051,3,82,82,100.00000000,100.00000000,0.00000000
nuscenes,scene-1094_030,yaw_deg,0.50000000,34720,3095,8.91417051,3,82,81,95.83333333,98.78048780,14.05514407
nuscenes,scene-1094_030,yaw_deg,1.00000000,34720,3099,8.92569124,3,82,76,91.36904762,92.68292683,28.22995387
nuscenes,scene-1094_030,yaw_deg,2.00000000,34720,3099,8.92569124,3,82,45,54.66269841,54.87804878,56.95412059
nuscenes,scene-1094_030,yaw_deg,3.00000000,34720,3095,8.91417051,3,82,26,28.22420635,31.70731707,86.20470078
nuscenes,scene-1094_031,yaw_deg,-3.00000000,34752,3059,8.80237109,2,56,42,58.15602837,75.00000000,75.10982438
nuscenes,scene-1094_031,yaw_deg,-2.00000000,34752,3057,8.79661602,2,56,47,72.45862884,83.92857143,49.76499282
nuscenes,scene-1094_031,yaw_deg,-1.00000000,34752,3071,8.83690147,2,56,52,86.76122931,92.85714286,24.73540419
nuscenes,scene-1094_031,yaw_deg,-0.50000000,34752,3079,8.85992173,2,56,56,100.00000000,100.00000000,12.33221111
nuscenes,scene-1094_031,yaw_deg,0.00000000,34752,3088,8.88581952,2,56,56,100.00000000,100.00000000,0.00000000
nuscenes,scene-1094_031,yaw_deg,0.50000000,34752,3089,8.88869705,2,56,54,93.38061466,96.42857143,12.26372913
nuscenes,scene-1094_031,yaw_deg,1.00000000,34752,3099,8.91747238,2,56,50,80.14184397,89.28571429,24.46142760
nuscenes,scene-1094_031,yaw_deg,2.00000000,34752,3093,8.90020718,2,56,38,53.90070922,67.85714286,48.66830716
nuscenes,scene-1094_031,yaw_deg,3.00000000,34752,3084,8.87430939,2,56,28,34.27895981,50.00000000,72.63935431
nuscenes,scene-1094_032,yaw_deg,-3.00000000,34784,3028,8.70515179,2,124,90,45.17704518,72.58064516,82.12531081
nuscenes,scene-1094_032,yaw_deg,-2.00000000,34784,3030,8.71090156,2,124,102,57.02075702,82.25806452,54.91705963
nuscenes,scene-1094_032,yaw_deg,-1.00000000,34784,3029,8.70802668,2,124,113,81.86813187,91.12903226,27.38867147
nuscenes,scene-1094_032,yaw_deg,-0.50000000,34784,3017,8.67352806,2,124,114,89.01098901,91.93548387,13.63769025
nuscenes,scene-1094_032,yaw_deg,0.00000000,34784,2999,8.62178013,2,124,115,96.15384615,92.74193548,0.00000000
nuscenes,scene-1094_032,yaw_deg,0.50000000,34784,2989,8.59303128,2,124,115,96.15384615,92.74193548,13.52788834
nuscenes,scene-1094_032,yaw_deg,1.00000000,34784,2993,8.60453082,2,124,111,87.72893773,89.51612903,26.94937418
nuscenes,scene-1094_032,yaw_deg,2.00000000,34784,3003,8.63327967,2,124,103,70.87912088,83.06451613,53.48631004
nuscenes,scene-1094_032,yaw_deg,3.00000000,34784,2990,8.59590616,2,124,96,47.74114774,77.41935484,79.63634774
nuscenes,scene-1094_033,yaw_deg,-3.00000000,34720,3000,8.64055300,3,361,40,7.66910314,11.08033241,86.65662620
nuscenes,scene-1094_033,yaw_deg,-2.00000000,34720,3005,8.65495392,3,361,55,20.32138299,15.23545706,57.44819143
nuscenes,scene-1094_033,yaw_deg,-1.00000000,34720,3012,8.67511521,3,361,80,61.24453726,22.16066482,28.80767994
nuscenes,scene-1094_033,yaw_deg,-0.50000000,34720,3020,8.69815668,3,361,91,71.51061608,25.20775623,14.42972900
nuscenes,scene-1094_033,yaw_deg,0.00000000,34720,3016,8.68663594,3,361,96,73.86587771,26.59279778,0.00000000
nuscenes,scene-1094_033,yaw_deg,0.50000000,34720,3029,8.72407834,3,361,106,74.85207101,29.36288089,14.30689862
nuscenes,scene-1094_033,yaw_deg,1.00000000,34720,3021,8.70103687,3,361,104,67.20617241,28.80886427,28.48376730
nuscenes,scene-1094_033,yaw_deg,2.00000000,34720,3025,8.71255760,3,361,97,22.60122984,26.86980609,56.46306994
nuscenes,scene-1094_033,yaw_deg,3.00000000,34720,3025,8.71255760,3,361,97,11.42823994,26.86980609,83.96816071
nuscenes,scene-1094_034,yaw_deg,-3.00000000,34720,2856,8.22580645,2,20,0,0.00000000,0.00000000,80.80668897
nuscenes,scene-1094_034,yaw_deg,-2.00000000,34720,2862,8.24308756,2,20,9,44.50549451,45.00000000,54.28158940
nuscenes,scene-1094_034,yaw_deg,-1.00000000,34720,2856,8.22580645,2,20,19,92.85714286,95.00000000,27.35488733
nuscenes,scene-1094_034,yaw_deg,-0.50000000,34720,2852,8.21428571,2,20,20,100.00000000,100.00000000,13.73268142
nuscenes,scene-1094_034,yaw_deg,0.00000000,34720,2856,8.22580645,2,20,20,100.00000000,100.00000000,0.00000000
nuscenes,scene-1094_034,yaw_deg,0.50000000,34720,2850,8.20852535,2,20,20,100.00000000,100.00000000,13.84669902
nuscenes,scene-1094_034,yaw_deg,1.00000000,34720,2861,8.24020737,2,20,19,92.85714286,95.00000000,27.81105277
nuscenes,scene-1094_034,yaw_deg,2.00000000,34720,2862,8.24308756,2,20,10,48.35164835,50.00000000,56.10777339
nuscenes,scene-1094_034,yaw_deg,3.00000000,34720,2860,8.23732719,2,20,1,3.84615385,5.00000000,84.92132288
nuscenes,scene-1094_035,yaw_deg,-3.00000000,34720,2829,8.14804147,1,8,0,0.00000000,0.00000000,67.31921628
nuscenes,scene-1094_035,yaw_deg,-2.00000000,34720,2818,8.11635945,1,8,3,37.50000000,37.50000000,44.83793366
nuscenes,scene-1094_035,yaw_deg,-1.00000000,34720,2810,8.09331797,1,8,6,75.00000000,75.00000000,22.40287083
nuscenes,scene-1094_035,yaw_deg,-0.50000000,34720,2815,8.10771889,1,8,7,87.50000000,87.50000000,11.19828463
nuscenes,scene-1094_035,yaw_deg,0.00000000,34720,2820,8.12211982,1,8,8,100.00000000,100.00000000,0.00000000
nuscenes,scene-1094_035,yaw_deg,0.50000000,34720,2813,8.10195853,1,8,8,100.00000000,100.00000000,11.19372434
nuscenes,scene-1094_035,yaw_deg,1.00000000,34720,2818,8.11635945,1,8,7,87.50000000,87.50000000,22.38462685
nuscenes,scene-1094_035,yaw_deg,2.00000000,34720,2808,8.08755760,1,8,4,50.00000000,50.00000000,44.76951919
nuscenes,scene-1094_035,yaw_deg,3.00000000,34720,2806,8.08179724,1,8,1,12.50000000,12.50000000,67.16223735
nuscenes,scene-1094_036,yaw_deg,-3.00000000,34720,2764,7.96082949,1,17,1,5.88235294,5.88235294,67.20118184
nuscenes,scene-1094_036,yaw_deg,-2.00000000,34720,2764,7.96082949,1,17,7,41.17647059,41.17647059,44.76328069
nuscenes,scene-1094_036,yaw_deg,-1.00000000,34720,2763,7.95794931,1,17,13,76.47058824,76.47058824,22.36726264
nuscenes,scene-1094_036,yaw_deg,-0.50000000,34720,2760,7.94930876,1,17,17,100.00000000,100.00000000,11.18193151
nuscenes,scene-1094_036,yaw_deg,0.00000000,34720,2760,7.94930876,1,17,17,100.00000000,100.00000000,0.00000000
nuscenes,scene-1094_036,yaw_deg,0.50000000,34720,2758,7.94354839,1,17,17,100.00000000,100.00000000,11.18068505
nuscenes,scene-1094_036,yaw_deg,1.00000000,34720,2759,7.94642857,1,17,14,82.35294118,82.35294118,22.36160943
nuscenes,scene-1094_036,yaw_deg,2.00000000,34720,2747,7.91186636,1,17,8,47.05882353,47.05882353,44.72659707
nuscenes,scene-1094_036,yaw_deg,3.00000000,34720,2743,7.90034562,1,17,2,11.76470588,11.76470588,67.10242648
nuscenes,scene-1094_037,yaw_deg,-3.00000000,34752,2742,7.89019337,3,34,2,13.33333333,5.88235294,67.29953731
nuscenes,scene-1094_037,yaw_deg,-2.00000000,34752,2733,7.86429558,3,34,4,22.85714286,11.76470588,44.82117252
nuscenes,scene-1094_037,yaw_deg,-1.00000000,34752,2723,7.83552026,3,34,8,43.80952381,23.52941176,22.39266908
nuscenes,scene-1094_037,yaw_deg,-0.50000000,34752,2720,7.82688766,3,34,11,60.00000000,32.35294118,11.19272805
nuscenes,scene-1094_037,yaw_deg,0.00000000,34752,2715,7.81250000,3,34,12,66.66666667,35.29411765,0.00000000
nuscenes,scene-1094_037,yaw_deg,0.50000000,34752,2713,7.80674494,3,34,12,61.51515152,35.29411765,11.18725486
nuscenes,scene-1094_037,yaw_deg,1.00000000,34752,2709,7.79523481,3,34,15,66.06060606,44.11764706,22.37077292
nuscenes,scene-1094_037,yaw_deg,2.00000000,34752,2704,7.78084715,3,34,14,54.80519481,41.17647059,44.74602864
nuscenes,scene-1094_037,yaw_deg,3.00000000,34752,2700,7.76933702,3,34,12,36.88311688,35.29411765,67.15592240
nuscenes,scene-1094_038,yaw_deg,-3.00000000,34688,2647,7.63088100,3,65,32,28.57142857,49.23076923,81.53645146
nuscenes,scene-1094_038,yaw_deg,-2.00000000,34688,2635,7.59628690,3,65,42,41.79894180,64.61538462,54.07124193
nuscenes,scene-1094_038,yaw_deg,-1.00000000,34688,2626,7.57034133,3,65,56,71.00529101,86.15384615,26.88289454
nuscenes,scene-1094_038,yaw_deg,-0.50000000,34688,2617,7.54439576,3,65,64,93.33333333,98.46153846,13.38897723
nuscenes,scene-1094_038,yaw_deg,0.00000000,34688,2624,7.56457565,3,65,65,100.00000000,100.00000000,0.00000000
nuscenes,scene-1094_038,yaw_deg,0.50000000,34688,2620,7.55304428,3,65,60,81.11111111,92.30769231,13.28732056
nuscenes,scene-1094_038,yaw_deg,1.00000000,34688,2625,7.56745849,3,65,56,65.13227513,86.15384615,26.47618697
nuscenes,scene-1094_038,yaw_deg,2.00000000,34688,2621,7.55592712,3,65,46,44.97354497,70.76923077,52.57098309
nuscenes,scene-1094_038,yaw_deg,3.00000000,34688,2620,7.55304428,3,65,32,27.51322751,49.23076923,78.30851541
nuscenes,scene-1094_039,yaw_deg,-3.00000000,34720,2629,7.57200461,3,28,1,3.33333333,3.57142857,72.01015972
nuscenes,scene-1094_039,yaw_deg,-2.00000000,34720,2633,7.58352535,3,28,4,13.33333333,14.28571429,48.22610219
nuscenes,scene-1094_039,yaw_deg,-1.00000000,34720,2636,7.59216590,3,28,19,70.08658009,67.85714286,24.22873325
nuscenes,scene-1094_039,yaw_deg,-0.50000000,34720,2639,7.60080645,3,28,26,93.63636364,92.85714286,12.14443976
nuscenes,scene-1094_039,yaw_deg,0.00000000,34720,2642,7.60944700,3,28,28,100.00000000,100.00000000,0.00000000
nuscenes,scene-1094_039,yaw_deg,0.50000000,34720,2641,7.60656682,3,28,27,96.66666667,96.42857143,12.20694307
nuscenes,scene-1094_039,yaw_deg,1.00000000,34720,2645,7.61808756,3,28,22,81.21212121,78.57142857,24.47879027
nuscenes,scene-1094_039,yaw_deg,2.00000000,34720,2645,7.61808756,3,28,5,16.66666667,17.85714286,49.22703174
nuscenes,scene-1094_039,yaw_deg,3.00000000,34720,2645,7.61808756,3,28,2,6.66666667,7.14285714,74.26488602
