dataset,frame_id,factor,value,object_id,class_name,range_m,depth_m,occluded,truncated,reference_points,inside_box_points,inside_box_pct,median_shift_px
kitti,000001,yaw_deg,-3.00000000,0,Truck,69.45757410,69.44000000,0,0.00000000,70,0,0.00000000,37.98510053
kitti,000001,yaw_deg,-3.00000000,1,Car,60.82789738,58.49000000,0,0.00000000,9,0,0.00000000,40.59562030
kitti,000001,yaw_deg,-3.00000000,2,Cyclist,46.08813405,45.84000000,3,0.00000000,18,0,0.00000000,38.63805676
kitti,000001,yaw_deg,-2.00000000,0,Truck,69.45757410,69.44000000,0,0.00000000,70,12,17.14285714,25.30775825
kitti,000001,yaw_deg,-2.00000000,1,Car,60.82789738,58.49000000,0,0.00000000,9,1,11.11111111,27.18676013
kitti,000001,yaw_deg,-2.00000000,2,Cyclist,46.08813405,45.84000000,3,0.00000000,18,0,0.00000000,25.69930772
kitti,000001,yaw_deg,-1.00000000,0,Truck,69.45757410,69.44000000,0,0.00000000,70,45,64.28571429,12.64881641
kitti,000001,yaw_deg,-1.00000000,1,Car,60.82789738,58.49000000,0,0.00000000,9,9,100.00000000,13.65822926
kitti,000001,yaw_deg,-1.00000000,2,Cyclist,46.08813405,45.84000000,3,0.00000000,18,0,0.00000000,12.82272399
kitti,000001,yaw_deg,-0.50000000,0,Truck,69.45757410,69.44000000,0,0.00000000,70,59,84.28571429,6.32396085
kitti,000001,yaw_deg,-0.50000000,1,Car,60.82789738,58.49000000,0,0.00000000,9,9,100.00000000,6.84596710
kitti,000001,yaw_deg,-0.50000000,2,Cyclist,46.08813405,45.84000000,3,0.00000000,18,8,44.44444444,6.40514311
kitti,000001,yaw_deg,0.00000000,0,Truck,69.45757410,69.44000000,0,0.00000000,70,70,100.00000000,0.00000000
kitti,000001,yaw_deg,0.00000000,1,Car,60.82789738,58.49000000,0,0.00000000,9,9,100.00000000,0.00000000
kitti,000001,yaw_deg,0.00000000,2,Cyclist,46.08813405,45.84000000,3,0.00000000,18,18,100.00000000,0.00000000
kitti,000001,yaw_deg,0.50000000,0,Truck,69.45757410,69.44000000,0,0.00000000,70,53,75.71428571,6.32381089
kitti,000001,yaw_deg,0.50000000,1,Car,60.82789738,58.49000000,0,0.00000000,9,9,100.00000000,6.88098105
kitti,000001,yaw_deg,0.50000000,2,Cyclist,46.08813405,45.84000000,3,0.00000000,18,10,55.55555556,6.39372261
kitti,000001,yaw_deg,1.00000000,0,Truck,69.45757410,69.44000000,0,0.00000000,70,38,54.28571429,12.64788183
kitti,000001,yaw_deg,1.00000000,1,Car,60.82789738,58.49000000,0,0.00000000,9,3,33.33333333,13.79830928
kitti,000001,yaw_deg,1.00000000,2,Cyclist,46.08813405,45.84000000,3,0.00000000,18,0,0.00000000,12.77703492
kitti,000001,yaw_deg,2.00000000,0,Truck,69.45757410,69.44000000,0,0.00000000,70,7,10.00000000,25.29936764
kitti,000001,yaw_deg,2.00000000,1,Car,60.82789738,58.49000000,0,0.00000000,9,0,0.00000000,27.74746801
kitti,000001,yaw_deg,2.00000000,2,Cyclist,46.08813405,45.84000000,3,0.00000000,18,0,0.00000000,25.51643769
kitti,000001,yaw_deg,3.00000000,0,Truck,69.45757410,69.44000000,0,0.00000000,70,0,0.00000000,37.96507896
kitti,000001,yaw_deg,3.00000000,1,Car,60.82789738,58.49000000,0,0.00000000,9,0,0.00000000,41.85866958
kitti,000001,yaw_deg,3.00000000,2,Cyclist,46.08813405,45.84000000,3,0.00000000,18,0,0.00000000,38.22617208
kitti,000001,pitch_deg,0.00000000,0,Truck,69.45757410,69.44000000,0,0.00000000,70,70,100.00000000,0.00000000
kitti,000001,pitch_deg,0.00000000,1,Car,60.82789738,58.49000000,0,0.00000000,9,9,100.00000000,0.00000000
kitti,000001,pitch_deg,0.00000000,2,Cyclist,46.08813405,45.84000000,3,0.00000000,18,18,100.00000000,0.00000000
kitti,000001,pitch_deg,0.50000000,0,Truck,69.45757410,69.44000000,0,0.00000000,70,65,92.85714286,6.32383858
kitti,000001,pitch_deg,0.50000000,1,Car,60.82789738,58.49000000,0,0.00000000,9,4,44.44444444,6.33568228
kitti,000001,pitch_deg,0.50000000,2,Cyclist,46.08813405,45.84000000,3,0.00000000,18,17,94.44444444,6.33473248
kitti,000001,pitch_deg,1.00000000,0,Truck,69.45757410,69.44000000,0,0.00000000,70,49,70.00000000,12.64776604
kitti,000001,pitch_deg,1.00000000,1,Car,60.82789738,58.49000000,0,0.00000000,9,0,0.00000000,12.67623056
kitti,000001,pitch_deg,1.00000000,2,Cyclist,46.08813405,45.84000000,3,0.00000000,18,13,72.22222222,12.67119332
kitti,000001,pitch_deg,2.00000000,0,Truck,69.45757410,69.44000000,0,0.00000000,70,10,14.28571429,25.30111568
kitti,000001,pitch_deg,2.00000000,1,Car,60.82789738,58.49000000,0,0.00000000,9,0,0.00000000,25.37596187
kitti,000001,pitch_deg,2.00000000,2,Cyclist,46.08813405,45.84000000,3,0.00000000,18,2,11.11111111,25.35321662
kitti,000001,pitch_deg,3.00000000,0,Truck,69.45757410,69.44000000,0,0.00000000,70,0,0.00000000,37.96875297
kitti,000001,pitch_deg,3.00000000,1,Car,60.82789738,58.49000000,0,0.00000000,9,0,0.00000000,38.10730764
kitti,000001,pitch_deg,3.00000000,2,Cyclist,46.08813405,45.84000000,3,0.00000000,18,0,0.00000000,38.05392342
kitti,000001,roll_deg,0.00000000,0,Truck,69.45757410,69.44000000,0,0.00000000,70,70,100.00000000,0.00000000
kitti,000001,roll_deg,0.00000000,1,Car,60.82789738,58.49000000,0,0.00000000,9,9,100.00000000,0.00000000
kitti,000001,roll_deg,0.00000000,2,Cyclist,46.08813405,45.84000000,3,0.00000000,18,18,100.00000000,0.00000000
kitti,000001,roll_deg,1.00000000,0,Truck,69.45757410,69.44000000,0,0.00000000,70,70,100.00000000,0.21395366
kitti,000001,roll_deg,1.00000000,1,Car,60.82789738,58.49000000,0,0.00000000,9,9,100.00000000,3.68700689
kitti,000001,roll_deg,1.00000000,2,Cyclist,46.08813405,45.84000000,3,0.00000000,18,18,100.00000000,1.28037223
kitti,000001,roll_deg,2.00000000,0,Truck,69.45757410,69.44000000,0,0.00000000,70,70,100.00000000,0.42789164
kitti,000001,roll_deg,2.00000000,1,Car,60.82789738,58.49000000,0,0.00000000,9,9,100.00000000,7.37353567
kitti,000001,roll_deg,2.00000000,2,Cyclist,46.08813405,45.84000000,3,0.00000000,18,18,100.00000000,2.56067021
kitti,000001,roll_deg,3.00000000,0,Truck,69.45757410,69.44000000,0,0.00000000,70,70,100.00000000,0.64179768
kitti,000001,roll_deg,3.00000000,1,Car,60.82789738,58.49000000,0,0.00000000,9,9,100.00000000,11.05930551
kitti,000001,roll_deg,3.00000000,2,Cyclist,46.08813405,45.84000000,3,0.00000000,18,17,94.44444444,3.84079635
kitti,000001,ty_m,-0.10000000,0,Truck,69.45757410,69.44000000,0,0.00000000,70,69,98.57142857,1.13841678
kitti,000001,ty_m,-0.10000000,1,Car,60.82789738,58.49000000,0,0.00000000,9,9,100.00000000,1.27052336
kitti,000001,ty_m,-0.10000000,2,Cyclist,46.08813405,45.84000000,3,0.00000000,18,18,100.00000000,1.57659367
kitti,000001,ty_m,-0.05000000,0,Truck,69.45757410,69.44000000,0,0.00000000,70,69,98.57142857,0.56920833
kitti,000001,ty_m,-0.05000000,1,Car,60.82789738,58.49000000,0,0.00000000,9,9,100.00000000,0.63526161
kitti,000001,ty_m,-0.05000000,2,Cyclist,46.08813405,45.84000000,3,0.00000000,18,18,100.00000000,0.78829673
kitti,000001,ty_m,-0.02000000,0,Truck,69.45757410,69.44000000,0,0.00000000,70,70,100.00000000,0.22768332
kitti,000001,ty_m,-0.02000000,1,Car,60.82789738,58.49000000,0,0.00000000,9,9,100.00000000,0.25410463
kitti,000001,ty_m,-0.02000000,2,Cyclist,46.08813405,45.84000000,3,0.00000000,18,18,100.00000000,0.31531867
kitti,000001,ty_m,0.00000000,0,Truck,69.45757410,69.44000000,0,0.00000000,70,70,100.00000000,0.00000000
kitti,000001,ty_m,0.00000000,1,Car,60.82789738,58.49000000,0,0.00000000,9,9,100.00000000,0.00000000
kitti,000001,ty_m,0.00000000,2,Cyclist,46.08813405,45.84000000,3,0.00000000,18,18,100.00000000,0.00000000
kitti,000001,ty_m,0.02000000,0,Truck,69.45757410,69.44000000,0,0.00000000,70,70,100.00000000,0.22768330
kitti,000001,ty_m,0.02000000,1,Car,60.82789738,58.49000000,0,0.00000000,9,9,100.00000000,0.25410461
kitti,000001,ty_m,0.02000000,2,Cyclist,46.08813405,45.84000000,3,0.00000000,18,18,100.00000000,0.31531863
kitti,000001,ty_m,0.05000000,0,Truck,69.45757410,69.44000000,0,0.00000000,70,69,98.57142857,0.56920822
kitti,000001,ty_m,0.05000000,1,Car,60.82789738,58.49000000,0,0.00000000,9,9,100.00000000,0.63526147
kitti,000001,ty_m,0.05000000,2,Cyclist,46.08813405,45.84000000,3,0.00000000,18,18,100.00000000,0.78829652
kitti,000001,ty_m,0.10000000,0,Truck,69.45757410,69.44000000,0,0.00000000,70,68,97.14285714,1.13841633
kitti,000001,ty_m,0.10000000,1,Car,60.82789738,58.49000000,0,0.00000000,9,9,100.00000000,1.27052281
kitti,000001,ty_m,0.10000000,2,Cyclist,46.08813405,45.84000000,3,0.00000000,18,17,94.44444444,1.57659282
kitti,000004,yaw_deg,-3.00000000,0,Car,41.41614782,38.26000000,0,0.00000000,77,18,23.37662338,43.46598950
kitti,000004,yaw_deg,-3.00000000,1,Car,53.62680207,51.17000000,0,0.00000000,26,0,0.00000000,41.03666850
kitti,000004,yaw_deg,-2.00000000,0,Car,41.41614782,38.26000000,0,0.00000000,77,38,49.35064935,29.16693626
kitti,000004,yaw_deg,-2.00000000,1,Car,53.62680207,51.17000000,0,0.00000000,26,9,34.61538462,27.49171746
kitti,000004,yaw_deg,-1.00000000,0,Car,41.41614782,38.26000000,0,0.00000000,77,63,81.81818182,14.68251516
kitti,000004,yaw_deg,-1.00000000,1,Car,53.62680207,51.17000000,0,0.00000000,26,17,65.38461538,13.81630183
kitti,000004,yaw_deg,-0.50000000,0,Car,41.41614782,38.26000000,0,0.00000000,77,72,93.50649351,7.36683748
kitti,000004,yaw_deg,-0.50000000,1,Car,53.62680207,51.17000000,0,0.00000000,26,23,88.46153846,6.92642789
kitti,000004,yaw_deg,0.00000000,0,Car,41.41614782,38.26000000,0,0.00000000,77,77,100.00000000,0.00000000
kitti,000004,yaw_deg,0.00000000,1,Car,53.62680207,51.17000000,0,0.00000000,26,26,100.00000000,0.00000000
kitti,000004,yaw_deg,0.50000000,0,Car,41.41614782,38.26000000,0,0.00000000,77,75,97.40259740,7.41968181
kitti,000004,yaw_deg,0.50000000,1,Car,53.62680207,51.17000000,0,0.00000000,26,22,84.61538462,6.96434586
kitti,000004,yaw_deg,1.00000000,0,Car,41.41614782,38.26000000,0,0.00000000,77,65,84.41558442,14.89393311
kitti,000004,yaw_deg,1.00000000,1,Car,53.62680207,51.17000000,0,0.00000000,26,17,65.38461538,13.96800039
kitti,000004,yaw_deg,2.00000000,0,Car,41.41614782,38.26000000,0,0.00000000,77,47,61.03896104,30.01325853
kitti,000004,yaw_deg,2.00000000,1,Car,53.62680207,51.17000000,0,0.00000000,26,9,34.61538462,28.09893888
kitti,000004,yaw_deg,3.00000000,0,Car,41.41614782,38.26000000,0,0.00000000,77,21,27.27272727,45.37265843
kitti,000004,yaw_deg,3.00000000,1,Car,53.62680207,51.17000000,0,0.00000000,26,0,0.00000000,42.40452129
kitti,000004,pitch_deg,0.00000000,0,Car,41.41614782,38.26000000,0,0.00000000,77,77,100.00000000,0.00000000
kitti,000004,pitch_deg,0.00000000,1,Car,53.62680207,51.17000000,0,0.00000000,26,26,100.00000000,0.00000000
kitti,000004,pitch_deg,0.50000000,0,Car,41.41614782,38.26000000,0,0.00000000,77,66,85.71428571,6.35582234
kitti,000004,pitch_deg,0.50000000,1,Car,53.62680207,51.17000000,0,0.00000000,26,26,100.00000000,6.33765012
kitti,000004,pitch_deg,1.00000000,0,Car,41.41614782,38.26000000,0,0.00000000,77,24,31.16883117,12.71747880
kitti,000004,pitch_deg,1.00000000,1,Car,53.62680207,51.17000000,0,0.00000000,26,1,3.84615385,12.67985005
kitti,000004,pitch_deg,2.00000000,0,Car,41.41614782,38.26000000,0,0.00000000,77,0,0.00000000,25.46229154
kitti,000004,pitch_deg,2.00000000,1,Car,53.62680207,51.17000000,0,0.00000000,26,0,0.00000000,25.38195639
kitti,000004,pitch_deg,3.00000000,0,Car,41.41614782,38.26000000,0,0.00000000,77,0,0.00000000,38.24282970
kitti,000004,pitch_deg,3.00000000,1,Car,53.62680207,51.17000000,0,0.00000000,26,0,0.00000000,38.11447152
kitti,000004,roll_deg,0.00000000,0,Car,41.41614782,38.26000000,0,0.00000000,77,77,100.00000000,0.00000000
kitti,000004,roll_deg,0.00000000,1,Car,53.62680207,51.17000000,0,0.00000000,26,26,100.00000000,0.00000000
kitti,000004,roll_deg,1.00000000,0,Car,41.41614782,38.26000000,0,0.00000000,77,77,100.00000000,5.16760827
kitti,000004,roll_deg,1.00000000,1,Car,53.62680207,51.17000000,0,0.00000000,26,26,100.00000000,3.94563431
kitti,000004,roll_deg,2.00000000,0,Car,41.41614782,38.26000000,0,0.00000000,77,73,94.80519481,10.33443621
kitti,000004,roll_deg,2.00000000,1,Car,53.62680207,51.17000000,0,0.00000000,26,25,96.15384615,7.89074215
kitti,000004,roll_deg,3.00000000,0,Car,41.41614782,38.26000000,0,0.00000000,77,53,68.83116883,15.50008977
kitti,000004,roll_deg,3.00000000,1,Car,53.62680207,51.17000000,0,0.00000000,26,13,50.00000000,11.83502293
kitti,000004,ty_m,-0.10000000,0,Car,41.41614782,38.26000000,0,0.00000000,77,77,100.00000000,1.94513660
kitti,000004,ty_m,-0.10000000,1,Car,53.62680207,51.17000000,0,0.00000000,26,26,100.00000000,1.44916685
kitti,000004,ty_m,-0.05000000,0,Car,41.41614782,38.26000000,0,0.00000000,77,77,100.00000000,0.97256814
kitti,000004,ty_m,-0.05000000,1,Car,53.62680207,51.17000000,0,0.00000000,26,26,100.00000000,0.72458333
kitti,000004,ty_m,-0.02000000,0,Car,41.41614782,38.26000000,0,0.00000000,77,77,100.00000000,0.38902722
kitti,000004,ty_m,-0.02000000,1,Car,53.62680207,51.17000000,0,0.00000000,26,26,100.00000000,0.28983331
kitti,000004,ty_m,0.00000000,0,Car,41.41614782,38.26000000,0,0.00000000,77,77,100.00000000,0.00000000
kitti,000004,ty_m,0.00000000,1,Car,53.62680207,51.17000000,0,0.00000000,26,26,100.00000000,0.00000000
kitti,000004,ty_m,0.02000000,0,Car,41.41614782,38.26000000,0,0.00000000,77,77,100.00000000,0.38902716
kitti,000004,ty_m,0.02000000,1,Car,53.62680207,51.17000000,0,0.00000000,26,26,100.00000000,0.28983328
kitti,000004,ty_m,0.05000000,0,Car,41.41614782,38.26000000,0,0.00000000,77,77,100.00000000,0.97256781
kitti,000004,ty_m,0.05000000,1,Car,53.62680207,51.17000000,0,0.00000000,26,26,100.00000000,0.72458315
kitti,000004,ty_m,0.10000000,0,Car,41.41614782,38.26000000,0,0.00000000,77,77,100.00000000,1.94513530
kitti,000004,ty_m,0.10000000,1,Car,53.62680207,51.17000000,0,0.00000000,26,26,100.00000000,1.44916612
kitti,000007,yaw_deg,-3.00000000,0,Car,25.07652887,25.01000000,0,0.00000000,191,46,24.08376963,38.24451921
kitti,000007,yaw_deg,-3.00000000,1,Car,48.16369795,47.55000000,0,0.00000000,19,0,0.00000000,38.68508117
kitti,000007,yaw_deg,-3.00000000,2,Car,60.72708292,60.52000000,0,0.00000000,5,0,0.00000000,38.08093840
kitti,000007,yaw_deg,-3.00000000,3,Cyclist,36.40301361,34.09000000,0,0.00000000,25,0,0.00000000,42.42256791
kitti,000007,yaw_deg,-2.00000000,0,Car,25.07652887,25.01000000,0,0.00000000,191,100,52.35602094,25.49302067
kitti,000007,yaw_deg,-2.00000000,1,Car,48.16369795,47.55000000,0,0.00000000,19,5,26.31578947,25.84853405
kitti,000007,yaw_deg,-2.00000000,2,Car,60.72708292,60.52000000,0,0.00000000,5,0,0.00000000,25.41026021
kitti,000007,yaw_deg,-2.00000000,3,Cyclist,36.40301361,34.09000000,0,0.00000000,25,0,0.00000000,28.44752345
kitti,000007,yaw_deg,-1.00000000,0,Car,25.07652887,25.01000000,0,0.00000000,191,155,81.15183246,12.74673024
kitti,000007,yaw_deg,-1.00000000,1,Car,48.16369795,47.55000000,0,0.00000000,19,13,68.42105263,12.95628938
kitti,000007,yaw_deg,-1.00000000,2,Car,60.72708292,60.52000000,0,0.00000000,5,3,60.00000000,12.71923370
kitti,000007,yaw_deg,-1.00000000,3,Cyclist,36.40301361,34.09000000,0,0.00000000,25,6,24.00000000,14.31056709
kitti,000007,yaw_deg,-0.50000000,0,Car,25.07652887,25.01000000,0,0.00000000,191,178,93.19371728,6.37446402
kitti,000007,yaw_deg,-0.50000000,1,Car,48.16369795,47.55000000,0,0.00000000,19,18,94.73684211,6.48667806
kitti,000007,yaw_deg,-0.50000000,2,Car,60.72708292,60.52000000,0,0.00000000,5,5,100.00000000,6.36363643
kitti,000007,yaw_deg,-0.50000000,3,Cyclist,36.40301361,34.09000000,0,0.00000000,25,21,84.00000000,7.17773530
kitti,000007,yaw_deg,0.00000000,0,Car,25.07652887,25.01000000,0,0.00000000,191,191,100.00000000,0.00000000
kitti,000007,yaw_deg,0.00000000,1,Car,48.16369795,47.55000000,0,0.00000000,19,19,100.00000000,0.00000000
kitti,000007,yaw_deg,0.00000000,2,Car,60.72708292,60.52000000,0,0.00000000,5,5,100.00000000,0.00000000
kitti,000007,yaw_deg,0.00000000,3,Cyclist,36.40301361,34.09000000,0,0.00000000,25,25,100.00000000,0.00000000
kitti,000007,yaw_deg,0.50000000,0,Car,25.07652887,25.01000000,0,0.00000000,191,172,90.05235602,6.37767640
kitti,000007,yaw_deg,0.50000000,1,Car,48.16369795,47.55000000,0,0.00000000,19,13,68.42105263,6.50481373
kitti,000007,yaw_deg,0.50000000,2,Car,60.72708292,60.52000000,0,0.00000000,5,3,60.00000000,6.37266900
kitti,000007,yaw_deg,0.50000000,3,Cyclist,36.40301361,34.09000000,0,0.00000000,25,24,96.00000000,7.22418051
kitti,000007,yaw_deg,1.00000000,0,Car,25.07652887,25.01000000,0,0.00000000,191,150,78.53403141,12.75980755
kitti,000007,yaw_deg,1.00000000,1,Car,48.16369795,47.55000000,0,0.00000000,19,10,52.63157895,13.02884367
kitti,000007,yaw_deg,1.00000000,2,Car,60.72708292,60.52000000,0,0.00000000,5,1,20.00000000,12.75536961
kitti,000007,yaw_deg,1.00000000,3,Cyclist,36.40301361,34.09000000,0,0.00000000,25,11,44.00000000,14.49638233
kitti,000007,yaw_deg,2.00000000,0,Car,25.07652887,25.01000000,0,0.00000000,191,98,51.30890052,25.54008737
kitti,000007,yaw_deg,2.00000000,1,Car,48.16369795,47.55000000,0,0.00000000,19,1,5.26315789,26.13893663
kitti,000007,yaw_deg,2.00000000,2,Car,60.72708292,60.52000000,0,0.00000000,5,0,0.00000000,25.55489358
kitti,000007,yaw_deg,2.00000000,3,Cyclist,36.40301361,34.09000000,0,0.00000000,25,0,0.00000000,29.19133535
kitti,000007,yaw_deg,3.00000000,0,Car,25.07652887,25.01000000,0,0.00000000,191,42,21.98952880,38.34883935
kitti,000007,yaw_deg,3.00000000,1,Car,48.16369795,47.55000000,0,0.00000000,19,0,0.00000000,39.33918332
kitti,000007,yaw_deg,3.00000000,2,Car,60.72708292,60.52000000,0,0.00000000,5,0,0.00000000,38.40670050
kitti,000007,yaw_deg,3.00000000,3,Cyclist,36.40301361,34.09000000,0,0.00000000,25,0,0.00000000,44.09821442
kitti,000007,pitch_deg,0.00000000,0,Car,25.07652887,25.01000000,0,0.00000000,191,191,100.00000000,0.00000000
kitti,000007,pitch_deg,0.00000000,1,Car,48.16369795,47.55000000,0,0.00000000,19,19,100.00000000,0.00000000
kitti,000007,pitch_deg,0.00000000,2,Car,60.72708292,60.52000000,0,0.00000000,5,5,100.00000000,0.00000000
kitti,000007,pitch_deg,0.00000000,3,Cyclist,36.40301361,34.09000000,0,0.00000000,25,25,100.00000000,0.00000000
kitti,000007,pitch_deg,0.50000000,0,Car,25.07652887,25.01000000,0,0.00000000,191,170,89.00523560,6.38438863
kitti,000007,pitch_deg,0.50000000,1,Car,48.16369795,47.55000000,0,0.00000000,19,7,36.84210526,6.34188818
kitti,000007,pitch_deg,0.50000000,2,Car,60.72708292,60.52000000,0,0.00000000,5,0,0.00000000,6.32942386
kitti,000007,pitch_deg,0.50000000,3,Cyclist,36.40301361,34.09000000,0,0.00000000,25,23,92.00000000,6.35256728
kitti,000007,pitch_deg,1.00000000,0,Car,25.07652887,25.01000000,0,0.00000000,191,128,67.01570681,12.77485679
kitti,000007,pitch_deg,1.00000000,1,Car,48.16369795,47.55000000,0,0.00000000,19,0,0.00000000,12.68832871
kitti,000007,pitch_deg,1.00000000,2,Car,60.72708292,60.52000000,0,0.00000000,5,0,0.00000000,12.66209527
kitti,000007,pitch_deg,1.00000000,3,Cyclist,36.40301361,34.09000000,0,0.00000000,25,17,68.00000000,12.70925444
kitti,000007,pitch_deg,2.00000000,0,Car,25.07652887,25.01000000,0,0.00000000,191,63,32.98429319,25.57803892
kitti,000007,pitch_deg,2.00000000,1,Car,48.16369795,47.55000000,0,0.00000000,19,0,0.00000000,25.39882741
kitti,000007,pitch_deg,2.00000000,2,Car,60.72708292,60.52000000,0,0.00000000,5,0,0.00000000,25.34108971
kitti,000007,pitch_deg,2.00000000,3,Cyclist,36.40301361,34.09000000,0,0.00000000,25,5,20.00000000,25.43912934
kitti,000007,pitch_deg,3.00000000,0,Car,25.07652887,25.01000000,0,0.00000000,191,20,10.47120419,38.41767178
kitti,000007,pitch_deg,3.00000000,1,Car,48.16369795,47.55000000,0,0.00000000,19,0,0.00000000,38.13945544
kitti,000007,pitch_deg,3.00000000,2,Car,60.72708292,60.52000000,0,0.00000000,5,0,0.00000000,38.04483089
kitti,000007,pitch_deg,3.00000000,3,Cyclist,36.40301361,34.09000000,0,0.00000000,25,0,0.00000000,38.19794272
kitti,000007,roll_deg,0.00000000,0,Car,25.07652887,25.01000000,0,0.00000000,191,191,100.00000000,0.00000000
kitti,000007,roll_deg,0.00000000,1,Car,48.16369795,47.55000000,0,0.00000000,19,19,100.00000000,0.00000000
kitti,000007,roll_deg,0.00000000,2,Car,60.72708292,60.52000000,0,0.00000000,5,5,100.00000000,0.00000000
kitti,000007,roll_deg,0.00000000,3,Cyclist,36.40301361,34.09000000,0,0.00000000,25,25,100.00000000,0.00000000
kitti,000007,roll_deg,1.00000000,0,Car,25.07652887,25.01000000,0,0.00000000,191,191,100.00000000,0.63656712
kitti,000007,roll_deg,1.00000000,1,Car,48.16369795,47.55000000,0,0.00000000,19,19,100.00000000,2.03661355
kitti,000007,roll_deg,1.00000000,2,Car,60.72708292,60.52000000,0,0.00000000,5,5,100.00000000,1.03744695
kitti,000007,roll_deg,1.00000000,3,Cyclist,36.40301361,34.09000000,0,0.00000000,25,24,96.00000000,4.65285444
kitti,000007,roll_deg,2.00000000,0,Car,25.07652887,25.01000000,0,0.00000000,191,191,100.00000000,1.27308108
kitti,000007,roll_deg,2.00000000,1,Car,48.16369795,47.55000000,0,0.00000000,19,19,100.00000000,4.07301207
kitti,000007,roll_deg,2.00000000,2,Car,60.72708292,60.52000000,0,0.00000000,5,5,100.00000000,2.07479934
kitti,000007,roll_deg,2.00000000,3,Cyclist,36.40301361,34.09000000,0,0.00000000,25,21,84.00000000,9.30504050
kitti,000007,roll_deg,3.00000000,0,Car,25.07652887,25.01000000,0,0.00000000,191,190,99.47643979,1.90949331
kitti,000007,roll_deg,3.00000000,1,Car,48.16369795,47.55000000,0,0.00000000,19,19,100.00000000,6.10904031
kitti,000007,roll_deg,3.00000000,2,Car,60.72708292,60.52000000,0,0.00000000,5,5,100.00000000,3.11197813
kitti,000007,roll_deg,3.00000000,3,Cyclist,36.40301361,34.09000000,0,0.00000000,25,17,68.00000000,13.95620350
kitti,000007,ty_m,-0.10000000,0,Car,25.07652887,25.01000000,0,0.00000000,191,189,98.95287958,3.06396755
kitti,000007,ty_m,-0.10000000,1,Car,48.16369795,47.55000000,0,0.00000000,19,19,100.00000000,1.57380296
kitti,000007,ty_m,-0.10000000,2,Car,60.72708292,60.52000000,0,0.00000000,5,5,100.00000000,1.23085246
kitti,000007,ty_m,-0.10000000,3,Cyclist,36.40301361,34.09000000,0,0.00000000,25,25,100.00000000,2.12096830
kitti,000007,ty_m,-0.05000000,0,Car,25.07652887,25.01000000,0,0.00000000,191,190,99.47643979,1.53198337
kitti,000007,ty_m,-0.05000000,1,Car,48.16369795,47.55000000,0,0.00000000,19,19,100.00000000,0.78690137
kitti,000007,ty_m,-0.05000000,2,Car,60.72708292,60.52000000,0,0.00000000,5,5,100.00000000,0.61542617
kitti,000007,ty_m,-0.05000000,3,Cyclist,36.40301361,34.09000000,0,0.00000000,25,25,100.00000000,1.06048396
kitti,000007,ty_m,-0.02000000,0,Car,25.07652887,25.01000000,0,0.00000000,191,191,100.00000000,0.61279325
kitti,000007,ty_m,-0.02000000,1,Car,48.16369795,47.55000000,0,0.00000000,19,19,100.00000000,0.31476052
kitti,000007,ty_m,-0.02000000,2,Car,60.72708292,60.52000000,0,0.00000000,5,5,100.00000000,0.24617045
kitti,000007,ty_m,-0.02000000,3,Cyclist,36.40301361,34.09000000,0,0.00000000,25,25,100.00000000,0.42419354
kitti,000007,ty_m,0.00000000,0,Car,25.07652887,25.01000000,0,0.00000000,191,191,100.00000000,0.00000000
kitti,000007,ty_m,0.00000000,1,Car,48.16369795,47.55000000,0,0.00000000,19,19,100.00000000,0.00000000
kitti,000007,ty_m,0.00000000,2,Car,60.72708292,60.52000000,0,0.00000000,5,5,100.00000000,0.00000000
kitti,000007,ty_m,0.00000000,3,Cyclist,36.40301361,34.09000000,0,0.00000000,25,25,100.00000000,0.00000000
kitti,000007,ty_m,0.02000000,0,Car,25.07652887,25.01000000,0,0.00000000,191,191,100.00000000,0.61279312
kitti,000007,ty_m,0.02000000,1,Car,48.16369795,47.55000000,0,0.00000000,19,19,100.00000000,0.31476049
kitti,000007,ty_m,0.02000000,2,Car,60.72708292,60.52000000,0,0.00000000,5,5,100.00000000,0.24617043
kitti,000007,ty_m,0.02000000,3,Cyclist,36.40301361,34.09000000,0,0.00000000,25,25,100.00000000,0.42419347
kitti,000007,ty_m,0.05000000,0,Car,25.07652887,25.01000000,0,0.00000000,191,191,100.00000000,1.53198256
kitti,000007,ty_m,0.05000000,1,Car,48.16369795,47.55000000,0,0.00000000,19,18,94.73684211,0.78690116
kitti,000007,ty_m,0.05000000,2,Car,60.72708292,60.52000000,0,0.00000000,5,5,100.00000000,0.61542604
kitti,000007,ty_m,0.05000000,3,Cyclist,36.40301361,34.09000000,0,0.00000000,25,25,100.00000000,1.06048357
kitti,000007,ty_m,0.10000000,0,Car,25.07652887,25.01000000,0,0.00000000,191,186,97.38219895,3.06396431
kitti,000007,ty_m,0.10000000,1,Car,48.16369795,47.55000000,0,0.00000000,19,18,94.73684211,1.57380211
kitti,000007,ty_m,0.10000000,2,Car,60.72708292,60.52000000,0,0.00000000,5,5,100.00000000,1.23085194
kitti,000007,ty_m,0.10000000,3,Cyclist,36.40301361,34.09000000,0,0.00000000,25,25,100.00000000,2.12096675
kitti,000008,yaw_deg,-3.00000000,0,Car,4.88466990,3.68000000,3,0.88000000,6237,1569,25.15632516,51.76908265
kitti,000008,yaw_deg,-3.00000000,1,Car,8.11609512,7.86000000,1,0.00000000,1940,1749,90.15463918,40.04262463
kitti,000008,yaw_deg,-3.00000000,2,Car,7.41809949,6.15000000,3,0.34000000,1041,655,62.92026897,57.52695110
kitti,000008,yaw_deg,-3.00000000,3,Car,14.56231438,14.44000000,1,0.00000000,668,501,75.00000000,38.90740324
kitti,000008,yaw_deg,-3.00000000,4,Car,34.01558613,33.20000000,0,0.00000000,53,9,16.98113208,40.27704070
kitti,000008,yaw_deg,-3.00000000,5,Car,21.75717123,19.96000000,0,0.00000000,164,53,32.31707317,46.41876483
kitti,000008,yaw_deg,-2.00000000,0,Car,4.88466990,3.68000000,3,0.88000000,6237,1537,24.64325798,34.84602928
kitti,000008,yaw_deg,-2.00000000,1,Car,8.11609512,7.86000000,1,0.00000000,1940,1842,94.94845361,26.75713652
kitti,000008,yaw_deg,-2.00000000,2,Car,7.41809949,6.15000000,3,0.34000000,1041,726,69.74063401,38.30478707
kitti,000008,yaw_deg,-2.00000000,3,Car,14.56231438,14.44000000,1,0.00000000,668,582,87.12574850,25.89671881
kitti,000008,yaw_deg,-2.00000000,4,Car,34.01558613,33.20000000,0,0.00000000,53,32,60.37735849,26.73753029
kitti,000008,yaw_deg,-2.00000000,5,Car,21.75717123,19.96000000,0,0.00000000,164,92,56.09756098,30.69230198
kitti,000008,yaw_deg,-1.00000000,0,Car,4.88466990,3.68000000,3,0.88000000,6237,1496,23.98589065,17.59681665
kitti,000008,yaw_deg,-1.00000000,1,Car,8.11609512,7.86000000,1,0.00000000,1940,1932,99.58762887,13.41379741
kitti,000008,yaw_deg,-1.00000000,2,Car,7.41809949,6.15000000,3,0.34000000,1041,804,77.23342939,19.07844656
kitti,000008,yaw_deg,-1.00000000,3,Car,14.56231438,14.44000000,1,0.00000000,668,633,94.76047904,12.93008563
kitti,000008,yaw_deg,-1.00000000,4,Car,34.01558613,33.20000000,0,0.00000000,53,47,88.67924528,13.31507914
kitti,000008,yaw_deg,-1.00000000,5,Car,21.75717123,19.96000000,0,0.00000000,164,136,82.92682927,15.22460982
kitti,000008,yaw_deg,-0.50000000,0,Car,4.88466990,3.68000000,3,0.88000000,6237,1452,23.28042328,8.84324978
kitti,000008,yaw_deg,-0.50000000,1,Car,8.11609512,7.86000000,1,0.00000000,1940,1940,100.00000000,6.71594834
kitti,000008,yaw_deg,-0.50000000,2,Car,7.41809949,6.15000000,3,0.34000000,1041,842,80.88376561,9.51947854
kitti,000008,yaw_deg,-0.50000000,3,Car,14.56231438,14.44000000,1,0.00000000,668,659,98.65269461,6.46109302
kitti,000008,yaw_deg,-0.50000000,4,Car,34.01558613,33.20000000,0,0.00000000,53,53,100.00000000,6.64471206
kitti,000008,yaw_deg,-0.50000000,5,Car,21.75717123,19.96000000,0,0.00000000,164,155,94.51219512,7.58286875
kitti,000008,yaw_deg,0.00000000,0,Car,4.88466990,3.68000000,3,0.88000000,6237,1412,22.63908931,0.00000000
kitti,000008,yaw_deg,0.00000000,1,Car,8.11609512,7.86000000,1,0.00000000,1940,1940,100.00000000,0.00000000
kitti,000008,yaw_deg,0.00000000,2,Car,7.41809949,6.15000000,3,0.34000000,1041,871,83.66954851,0.00000000
kitti,000008,yaw_deg,0.00000000,3,Car,14.56231438,14.44000000,1,0.00000000,668,668,100.00000000,0.00000000
kitti,000008,yaw_deg,0.00000000,4,Car,34.01558613,33.20000000,0,0.00000000,53,53,100.00000000,0.00000000
kitti,000008,yaw_deg,0.00000000,5,Car,21.75717123,19.96000000,0,0.00000000,164,164,100.00000000,0.00000000
kitti,000008,yaw_deg,0.50000000,0,Car,4.88466990,3.68000000,3,0.88000000,6237,1371,21.98172198,8.88989752
kitti,000008,yaw_deg,0.50000000,1,Car,8.11609512,7.86000000,1,0.00000000,1940,1940,100.00000000,6.73583261
kitti,000008,yaw_deg,0.50000000,2,Car,7.41809949,6.15000000,3,0.34000000,1041,893,85.78290106,9.45047637
kitti,000008,yaw_deg,0.50000000,3,Car,14.56231438,14.44000000,1,0.00000000,668,668,100.00000000,6.45372069
kitti,000008,yaw_deg,0.50000000,4,Car,34.01558613,33.20000000,0,0.00000000,53,48,90.56603774,6.62022363
kitti,000008,yaw_deg,0.50000000,5,Car,21.75717123,19.96000000,0,0.00000000,164,162,98.78048780,7.52583557
kitti,000008,yaw_deg,1.00000000,0,Car,4.88466990,3.68000000,3,0.88000000,6237,1325,21.24418791,17.76193158
kitti,000008,yaw_deg,1.00000000,1,Car,8.11609512,7.86000000,1,0.00000000,1940,1940,100.00000000,13.49200578
kitti,000008,yaw_deg,1.00000000,2,Car,7.41809949,6.15000000,3,0.34000000,1041,899,86.35926993,18.79072157
kitti,000008,yaw_deg,1.00000000,3,Car,14.56231438,14.44000000,1,0.00000000,668,655,98.05389222,12.90151478
kitti,000008,yaw_deg,1.00000000,4,Car,34.01558613,33.20000000,0,0.00000000,53,40,75.47169811,13.21710939
kitti,000008,yaw_deg,1.00000000,5,Car,21.75717123,19.96000000,0,0.00000000,164,142,86.58536585,14.99643213
kitti,000008,yaw_deg,2.00000000,0,Car,4.88466990,3.68000000,3,0.88000000,6237,1244,19.94548661,35.49663510
kitti,000008,yaw_deg,2.00000000,1,Car,8.11609512,7.86000000,1,0.00000000,1940,1928,99.38144330,27.07017852
kitti,000008,yaw_deg,2.00000000,2,Car,7.41809949,6.15000000,3,0.34000000,1041,883,84.82228626,37.15393446
kitti,000008,yaw_deg,2.00000000,3,Car,14.56231438,14.44000000,1,0.00000000,668,577,86.37724551,25.78267292
kitti,000008,yaw_deg,2.00000000,4,Car,34.01558613,33.20000000,0,0.00000000,53,17,32.07547170,26.34539417
kitti,000008,yaw_deg,2.00000000,5,Car,21.75717123,19.96000000,0,0.00000000,164,99,60.36585366,29.77887122
kitti,000008,yaw_deg,3.00000000,0,Car,4.88466990,3.68000000,3,0.88000000,6237,1173,18.80711881,53.20256330
kitti,000008,yaw_deg,3.00000000,1,Car,8.11609512,7.86000000,1,0.00000000,1940,1894,97.62886598,40.74036317
kitti,000008,yaw_deg,3.00000000,2,Car,7.41809949,6.15000000,3,0.34000000,1041,878,84.34197887,55.11540446
kitti,000008,yaw_deg,3.00000000,3,Car,14.56231438,14.44000000,1,0.00000000,668,487,72.90419162,38.65232391
kitti,000008,yaw_deg,3.00000000,4,Car,34.01558613,33.20000000,0,0.00000000,53,3,5.66037736,39.39376882
kitti,000008,yaw_deg,3.00000000,5,Car,21.75717123,19.96000000,0,0.00000000,164,62,37.80487805,44.36084040
kitti,000008,pitch_deg,0.00000000,0,Car,4.88466990,3.68000000,3,0.88000000,6237,1412,22.63908931,0.00000000
kitti,000008,pitch_deg,0.00000000,1,Car,8.11609512,7.86000000,1,0.00000000,1940,1940,100.00000000,0.00000000
kitti,000008,pitch_deg,0.00000000,2,Car,7.41809949,6.15000000,3,0.34000000,1041,871,83.66954851,0.00000000
kitti,000008,pitch_deg,0.00000000,3,Car,14.56231438,14.44000000,1,0.00000000,668,668,100.00000000,0.00000000
kitti,000008,pitch_deg,0.00000000,4,Car,34.01558613,33.20000000,0,0.00000000,53,53,100.00000000,0.00000000
kitti,000008,pitch_deg,0.00000000,5,Car,21.75717123,19.96000000,0,0.00000000,164,164,100.00000000,0.00000000
kitti,000008,pitch_deg,0.50000000,0,Car,4.88466990,3.68000000,3,0.88000000,6237,1328,21.29228796,7.02595411
kitti,000008,pitch_deg,0.50000000,1,Car,8.11609512,7.86000000,1,0.00000000,1940,1919,98.91752577,6.69435193
kitti,000008,pitch_deg,0.50000000,2,Car,7.41809949,6.15000000,3,0.34000000,1041,815,78.29010567,6.99541369
kitti,000008,pitch_deg,0.50000000,3,Car,14.56231438,14.44000000,1,0.00000000,668,650,97.30538922,6.45991245
kitti,000008,pitch_deg,0.50000000,4,Car,34.01558613,33.20000000,0,0.00000000,53,39,73.58490566,6.36116297
kitti,000008,pitch_deg,0.50000000,5,Car,21.75717123,19.96000000,0,0.00000000,164,158,96.34146341,6.41575744
kitti,000008,pitch_deg,1.00000000,0,Car,4.88466990,3.68000000,3,0.88000000,6237,1225,19.64085297,14.01266464
kitti,000008,pitch_deg,1.00000000,1,Car,8.11609512,7.86000000,1,0.00000000,1940,1880,96.90721649,13.40121985
kitti,000008,pitch_deg,1.00000000,2,Car,7.41809949,6.15000000,3,0.34000000,1041,754,72.43035543,13.99411909
kitti,000008,pitch_deg,1.00000000,3,Car,14.56231438,14.44000000,1,0.00000000,668,617,92.36526946,12.92870269
kitti,000008,pitch_deg,1.00000000,4,Car,34.01558613,33.20000000,0,0.00000000,53,23,43.39622642,12.72740134
kitti,000008,pitch_deg,1.00000000,5,Car,21.75717123,19.96000000,0,0.00000000,164,142,86.58536585,12.83998983
kitti,000008,pitch_deg,2.00000000,0,Car,4.88466990,3.68000000,3,0.88000000,6237,992,15.90508257,27.94827957
kitti,000008,pitch_deg,2.00000000,1,Car,8.11609512,7.86000000,1,0.00000000,1940,1775,91.49484536,26.85105759
kitti,000008,pitch_deg,2.00000000,2,Car,7.41809949,6.15000000,3,0.34000000,1041,620,59.55811720,27.96589665
kitti,000008,pitch_deg,2.00000000,3,Car,14.56231438,14.44000000,1,0.00000000,668,496,74.25149701,25.89704007
kitti,000008,pitch_deg,2.00000000,4,Car,34.01558613,33.20000000,0,0.00000000,53,2,3.77358491,25.47912636
kitti,000008,pitch_deg,2.00000000,5,Car,21.75717123,19.96000000,0,0.00000000,164,94,57.31707317,25.71822232
kitti,000008,pitch_deg,3.00000000,0,Car,4.88466990,3.68000000,3,0.88000000,6237,800,12.82667949,41.85170010
kitti,000008,pitch_deg,3.00000000,1,Car,8.11609512,7.86000000,1,0.00000000,1940,1636,84.32989691,40.31979465
kitti,000008,pitch_deg,3.00000000,2,Car,7.41809949,6.15000000,3,0.34000000,1041,517,49.66378482,41.91355645
kitti,000008,pitch_deg,3.00000000,3,Car,14.56231438,14.44000000,1,0.00000000,668,357,53.44311377,38.91451351
kitti,000008,pitch_deg,3.00000000,4,Car,34.01558613,33.20000000,0,0.00000000,53,0,0.00000000,38.26326087
kitti,000008,pitch_deg,3.00000000,5,Car,21.75717123,19.96000000,0,0.00000000,164,38,23.17073171,38.64344793
kitti,000008,roll_deg,0.00000000,0,Car,4.88466990,3.68000000,3,0.88000000,6237,1412,22.63908931,0.00000000
kitti,000008,roll_deg,0.00000000,1,Car,8.11609512,7.86000000,1,0.00000000,1940,1940,100.00000000,0.00000000
kitti,000008,roll_deg,0.00000000,2,Car,7.41809949,6.15000000,3,0.34000000,1041,871,83.66954851,0.00000000
kitti,000008,roll_deg,0.00000000,3,Car,14.56231438,14.44000000,1,0.00000000,668,668,100.00000000,0.00000000
kitti,000008,roll_deg,0.00000000,4,Car,34.01558613,33.20000000,0,0.00000000,53,53,100.00000000,0.00000000
kitti,000008,roll_deg,0.00000000,5,Car,21.75717123,19.96000000,0,0.00000000,164,164,100.00000000,0.00000000
kitti,000008,roll_deg,1.00000000,0,Car,4.88466990,3.68000000,3,0.88000000,6237,1477,23.68125701,7.73181866
kitti,000008,roll_deg,1.00000000,1,Car,8.11609512,7.86000000,1,0.00000000,1940,1930,99.48453608,2.92516123
kitti,000008,roll_deg,1.00000000,2,Car,7.41809949,6.15000000,3,0.34000000,1041,808,77.61767531,8.70092772
kitti,000008,roll_deg,1.00000000,3,Car,14.56231438,14.44000000,1,0.00000000,668,668,100.00000000,1.17949217
kitti,000008,roll_deg,1.00000000,4,Car,34.01558613,33.20000000,0,0.00000000,53,47,88.67924528,2.67697167
kitti,000008,roll_deg,1.00000000,5,Car,21.75717123,19.96000000,0,0.00000000,164,161,98.17073171,5.42594587
kitti,000008,roll_deg,2.00000000,0,Car,4.88466990,3.68000000,3,0.88000000,6237,1495,23.96985730,15.45523442
kitti,000008,roll_deg,2.00000000,1,Car,8.11609512,7.86000000,1,0.00000000,1940,1910,98.45360825,5.84999555
kitti,000008,roll_deg,2.00000000,2,Car,7.41809949,6.15000000,3,0.34000000,1041,732,70.31700288,17.24794287
kitti,000008,roll_deg,2.00000000,3,Car,14.56231438,14.44000000,1,0.00000000,668,668,100.00000000,2.35891107
kitti,000008,roll_deg,2.00000000,4,Car,34.01558613,33.20000000,0,0.00000000,53,39,73.58490566,5.35383919
kitti,000008,roll_deg,2.00000000,5,Car,21.75717123,19.96000000,0,0.00000000,164,146,89.02439024,10.85189532
kitti,000008,roll_deg,3.00000000,0,Car,4.88466990,3.68000000,3,0.88000000,6237,1442,23.12008979,23.17741030
kitti,000008,roll_deg,3.00000000,1,Car,8.11609512,7.86000000,1,0.00000000,1940,1894,97.62886598,8.77427831
kitti,000008,roll_deg,3.00000000,2,Car,7.41809949,6.15000000,3,0.34000000,1041,652,62.63208453,25.61746780
kitti,000008,roll_deg,3.00000000,3,Car,14.56231438,14.44000000,1,0.00000000,668,668,100.00000000,3.53816664
kitti,000008,roll_deg,3.00000000,4,Car,34.01558613,33.20000000,0,0.00000000,53,34,64.15094340,8.03039805
kitti,000008,roll_deg,3.00000000,5,Car,21.75717123,19.96000000,0,0.00000000,164,122,74.39024390,16.27743322
kitti,000008,ty_m,-0.10000000,0,Car,4.88466990,3.68000000,3,0.88000000,6237,1479,23.71332371,20.31399766
kitti,000008,ty_m,-0.10000000,1,Car,8.11609512,7.86000000,1,0.00000000,1940,1939,99.94845361,10.72700553
kitti,000008,ty_m,-0.10000000,2,Car,7.41809949,6.15000000,3,0.34000000,1041,839,80.59558117,14.62449813
kitti,000008,ty_m,-0.10000000,3,Car,14.56231438,14.44000000,1,0.00000000,668,663,99.25149701,5.55562373
kitti,000008,ty_m,-0.10000000,4,Car,34.01558613,33.20000000,0,0.00000000,53,53,100.00000000,2.27794699
kitti,000008,ty_m,-0.10000000,5,Car,21.75717123,19.96000000,0,0.00000000,164,164,100.00000000,3.81538424
kitti,000008,ty_m,-0.05000000,0,Car,4.88466990,3.68000000,3,0.88000000,6237,1447,23.20025653,10.15698105
kitti,000008,ty_m,-0.05000000,1,Car,8.11609512,7.86000000,1,0.00000000,1940,1940,100.00000000,5.36349781
kitti,000008,ty_m,-0.05000000,2,Car,7.41809949,6.15000000,3,0.34000000,1041,856,82.22862632,7.31761080
kitti,000008,ty_m,-0.05000000,3,Car,14.56231438,14.44000000,1,0.00000000,668,668,100.00000000,2.77781054
kitti,000008,ty_m,-0.05000000,4,Car,34.01558613,33.20000000,0,0.00000000,53,53,100.00000000,1.13897327
kitti,000008,ty_m,-0.05000000,5,Car,21.75717123,19.96000000,0,0.00000000,164,164,100.00000000,1.90769149
kitti,000008,ty_m,-0.02000000,0,Car,4.88466990,3.68000000,3,0.88000000,6237,1427,22.87958955,4.06278815
kitti,000008,ty_m,-0.02000000,1,Car,8.11609512,7.86000000,1,0.00000000,1940,1940,100.00000000,2.14539793
kitti,000008,ty_m,-0.02000000,2,Car,7.41809949,6.15000000,3,0.34000000,1041,865,83.09317963,2.92943406
kitti,000008,ty_m,-0.02000000,3,Car,14.56231438,14.44000000,1,0.00000000,668,668,100.00000000,1.11112390
kitti,000008,ty_m,-0.02000000,4,Car,34.01558613,33.20000000,0,0.00000000,53,53,100.00000000,0.45558925
kitti,000008,ty_m,-0.02000000,5,Car,21.75717123,19.96000000,0,0.00000000,164,164,100.00000000,0.76307645
kitti,000008,ty_m,0.00000000,0,Car,4.88466990,3.68000000,3,0.88000000,6237,1412,22.63908931,0.00000000
kitti,000008,ty_m,0.00000000,1,Car,8.11609512,7.86000000,1,0.00000000,1940,1940,100.00000000,0.00000000
kitti,000008,ty_m,0.00000000,2,Car,7.41809949,6.15000000,3,0.34000000,1041,871,83.66954851,0.00000000
kitti,000008,ty_m,0.00000000,3,Car,14.56231438,14.44000000,1,0.00000000,668,668,100.00000000,0.00000000
kitti,000008,ty_m,0.00000000,4,Car,34.01558613,33.20000000,0,0.00000000,53,53,100.00000000,0.00000000
kitti,000008,ty_m,0.00000000,5,Car,21.75717123,19.96000000,0,0.00000000,164,164,100.00000000,0.00000000
kitti,000008,ty_m,0.02000000,0,Car,4.88466990,3.68000000,3,0.88000000,6237,1400,22.44668911,4.05028155
kitti,000008,ty_m,0.02000000,1,Car,8.11609512,7.86000000,1,0.00000000,1940,1940,100.00000000,2.14539635
kitti,000008,ty_m,0.02000000,2,Car,7.41809949,6.15000000,3,0.34000000,1041,877,84.24591739,2.93087932
kitti,000008,ty_m,0.02000000,3,Car,14.56231438,14.44000000,1,0.00000000,668,668,100.00000000,1.11112347
kitti,000008,ty_m,0.02000000,4,Car,34.01558613,33.20000000,0,0.00000000,53,53,100.00000000,0.45558918
kitti,000008,ty_m,0.02000000,5,Car,21.75717123,19.96000000,0,0.00000000,164,164,100.00000000,0.76307625
kitti,000008,ty_m,0.05000000,0,Car,4.88466990,3.68000000,3,0.88000000,6237,1381,22.14205548,10.07326019
kitti,000008,ty_m,0.05000000,1,Car,8.11609512,7.86000000,1,0.00000000,1940,1940,100.00000000,5.36348789
kitti,000008,ty_m,0.05000000,2,Car,7.41809949,6.15000000,3,0.34000000,1041,884,84.91834774,7.32719276
kitti,000008,ty_m,0.05000000,3,Car,14.56231438,14.44000000,1,0.00000000,668,668,100.00000000,2.77780788
kitti,000008,ty_m,0.05000000,4,Car,34.01558613,33.20000000,0,0.00000000,53,53,100.00000000,1.13897282
kitti,000008,ty_m,0.05000000,5,Car,21.75717123,19.96000000,0,0.00000000,164,164,100.00000000,1.90769024
kitti,000008,ty_m,0.10000000,0,Car,4.88466990,3.68000000,3,0.88000000,6237,1342,21.51675485,19.96782471
kitti,000008,ty_m,0.10000000,1,Car,8.11609512,7.86000000,1,0.00000000,1940,1940,100.00000000,10.72696586
kitti,000008,ty_m,0.10000000,2,Car,7.41809949,6.15000000,3,0.34000000,1041,889,85.39865514,14.65436701
kitti,000008,ty_m,0.10000000,3,Car,14.56231438,14.44000000,1,0.00000000,668,668,100.00000000,5.55561309
kitti,000008,ty_m,0.10000000,4,Car,34.01558613,33.20000000,0,0.00000000,53,53,100.00000000,2.27794520
kitti,000008,ty_m,0.10000000,5,Car,21.75717123,19.96000000,0,0.00000000,164,164,100.00000000,3.81537922
kitti,000009,yaw_deg,-3.00000000,0,Car,23.95499948,23.88000000,0,0.00000000,219,70,31.96347032,38.36275822
kitti,000009,yaw_deg,-2.00000000,0,Car,23.95499948,23.88000000,0,0.00000000,219,124,56.62100457,25.54987623
kitti,000009,yaw_deg,-1.00000000,0,Car,23.95499948,23.88000000,0,0.00000000,219,176,80.36529680,12.76430233
kitti,000009,yaw_deg,-0.50000000,0,Car,23.95499948,23.88000000,0,0.00000000,219,205,93.60730594,6.38035564
kitti,000009,yaw_deg,0.00000000,0,Car,23.95499948,23.88000000,0,0.00000000,219,219,100.00000000,0.00000000
kitti,000009,yaw_deg,0.50000000,0,Car,23.95499948,23.88000000,0,0.00000000,219,203,92.69406393,6.37769534
kitti,000009,yaw_deg,1.00000000,0,Car,23.95499948,23.88000000,0,0.00000000,219,180,82.19178082,12.75424836
kitti,000009,yaw_deg,2.00000000,0,Car,23.95499948,23.88000000,0,0.00000000,219,120,54.79452055,25.50914246
kitti,000009,yaw_deg,3.00000000,0,Car,23.95499948,23.88000000,0,0.00000000,219,66,30.13698630,38.26840803
kitti,000009,pitch_deg,0.00000000,0,Car,23.95499948,23.88000000,0,0.00000000,219,219,100.00000000,0.00000000
kitti,000009,pitch_deg,0.50000000,0,Car,23.95499948,23.88000000,0,0.00000000,219,194,88.58447489,6.39164822
kitti,000009,pitch_deg,1.00000000,0,Car,23.95499948,23.88000000,0,0.00000000,219,163,74.42922374,12.78998075
kitti,000009,pitch_deg,2.00000000,0,Car,23.95499948,23.88000000,0,0.00000000,219,91,41.55251142,25.61073392
kitti,000009,pitch_deg,3.00000000,0,Car,23.95499948,23.88000000,0,0.00000000,219,27,12.32876712,38.47037728
kitti,000009,roll_deg,0.00000000,0,Car,23.95499948,23.88000000,0,0.00000000,219,219,100.00000000,0.00000000
kitti,000009,roll_deg,1.00000000,0,Car,23.95499948,23.88000000,0,0.00000000,219,219,100.00000000,0.68312705
kitti,000009,roll_deg,2.00000000,0,Car,23.95499948,23.88000000,0,0.00000000,219,219,100.00000000,1.36620313
kitti,000009,roll_deg,3.00000000,0,Car,23.95499948,23.88000000,0,0.00000000,219,219,100.00000000,2.04917605
kitti,000009,ty_m,-0.10000000,0,Car,23.95499948,23.88000000,0,0.00000000,219,214,97.71689498,3.21716066
kitti,000009,ty_m,-0.05000000,0,Car,23.95499948,23.88000000,0,0.00000000,219,218,99.54337900,1.60857988
kitti,000009,ty_m,-0.02000000,0,Car,23.95499948,23.88000000,0,0.00000000,219,219,100.00000000,0.64343185
kitti,000009,ty_m,0.00000000,0,Car,23.95499948,23.88000000,0,0.00000000,219,219,100.00000000,0.00000000
kitti,000009,ty_m,0.02000000,0,Car,23.95499948,23.88000000,0,0.00000000,219,219,100.00000000,0.64343170
kitti,000009,ty_m,0.05000000,0,Car,23.95499948,23.88000000,0,0.00000000,219,219,100.00000000,1.60857899
kitti,000009,ty_m,0.10000000,0,Car,23.95499948,23.88000000,0,0.00000000,219,217,99.08675799,3.21715709
kitti,000010,yaw_deg,-3.00000000,0,Car,7.02761695,5.20000000,0,0.80000000,1645,173,10.51671733,57.23932715
kitti,000010,yaw_deg,-3.00000000,1,Car,12.15350567,11.80000000,0,0.00000000,1016,841,82.77559055,40.00432752
kitti,000010,yaw_deg,-3.00000000,2,Pedestrian,24.99022809,23.51000000,2,0.00000000,23,0,0.00000000,44.05780020
kitti,000010,yaw_deg,-3.00000000,3,Car,17.58300600,16.50000000,0,0.00000000,340,199,58.52941176,44.47422259
kitti,000010,yaw_deg,-3.00000000,4,Car,23.15218780,22.05000000,2,0.00000000,48,41,85.41666667,42.05263802
kitti,000010,yaw_deg,-3.00000000,5,Car,23.70847106,23.64000000,0,0.00000000,246,113,45.93495935,38.28341885
kitti,000010,yaw_deg,-3.00000000,6,Car,29.12905937,29.07000000,2,0.00000000,55,0,0.00000000,38.33133833
kitti,000010,yaw_deg,-3.00000000,7,Car,29.64992074,28.53000000,1,0.00000000,33,14,42.42424242,41.36565618
kitti,000010,yaw_deg,-3.00000000,8,Car,43.12322460,42.85000000,1,0.00000000,20,0,0.00000000,38.68237268
kitti,000010,yaw_deg,-2.00000000,0,Car,7.02761695,5.20000000,0,0.80000000,1645,201,12.21884498,38.35980935
kitti,000010,yaw_deg,-2.00000000,1,Car,12.15350567,11.80000000,0,0.00000000,1016,919,90.45275591,26.75100661
kitti,000010,yaw_deg,-2.00000000,2,Pedestrian,24.99022809,23.51000000,2,0.00000000,23,0,0.00000000,29.16742680
kitti,000010,yaw_deg,-2.00000000,3,Car,17.58300600,16.50000000,0,0.00000000,340,258,75.88235294,29.43938889
kitti,000010,yaw_deg,-2.00000000,4,Car,23.15218780,22.05000000,2,0.00000000,48,45,93.75000000,27.87797959
kitti,000010,yaw_deg,-2.00000000,5,Car,23.70847106,23.64000000,0,0.00000000,246,167,67.88617886,25.51774792
kitti,000010,yaw_deg,-2.00000000,6,Car,29.12905937,29.07000000,2,0.00000000,55,4,7.27272727,25.52376441
kitti,000010,yaw_deg,-2.00000000,7,Car,29.64992074,28.53000000,1,0.00000000,33,29,87.87878788,27.43509249
kitti,000010,yaw_deg,-2.00000000,8,Car,43.12322460,42.85000000,1,0.00000000,20,6,30.00000000,25.72768508
kitti,000010,yaw_deg,-1.00000000,0,Car,7.02761695,5.20000000,0,0.80000000,1645,238,14.46808511,19.46095540
kitti,000010,yaw_deg,-1.00000000,1,Car,12.15350567,11.80000000,0,0.00000000,1016,995,97.93307087,13.41942324
kitti,000010,yaw_deg,-1.00000000,2,Pedestrian,24.99022809,23.51000000,2,0.00000000,23,2,8.69565217,14.48590932
kitti,000010,yaw_deg,-1.00000000,3,Car,17.58300600,16.50000000,0,0.00000000,340,318,93.52941176,14.61918104
kitti,000010,yaw_deg,-1.00000000,4,Car,23.15218780,22.05000000,2,0.00000000,48,48,100.00000000,13.86418929
kitti,000010,yaw_deg,-1.00000000,5,Car,23.70847106,23.64000000,0,0.00000000,246,218,88.61788618,12.75642288
kitti,000010,yaw_deg,-1.00000000,6,Car,29.12905937,29.07000000,2,0.00000000,55,31,56.36363636,12.74838628
kitti,000010,yaw_deg,-1.00000000,7,Car,29.64992074,28.53000000,1,0.00000000,33,33,100.00000000,13.65009220
kitti,000010,yaw_deg,-1.00000000,8,Car,43.12322460,42.85000000,1,0.00000000,20,18,90.00000000,12.83633953
kitti,000010,yaw_deg,-0.50000000,0,Car,7.02761695,5.20000000,0,0.80000000,1645,257,15.62310030,9.76916606
kitti,000010,yaw_deg,-0.50000000,1,Car,12.15350567,11.80000000,0,0.00000000,1016,1016,100.00000000,6.72127950
kitti,000010,yaw_deg,-0.50000000,2,Pedestrian,24.99022809,23.51000000,2,0.00000000,23,13,56.52173913,7.21930807
kitti,000010,yaw_deg,-0.50000000,3,Car,17.58300600,16.50000000,0,0.00000000,340,337,99.11764706,7.28528764
kitti,000010,yaw_deg,-0.50000000,4,Car,23.15218780,22.05000000,2,0.00000000,48,48,100.00000000,6.91408181
kitti,000010,yaw_deg,-0.50000000,5,Car,23.70847106,23.64000000,0,0.00000000,246,237,96.34146341,6.37796738
kitti,000010,yaw_deg,-0.50000000,6,Car,29.12905937,29.07000000,2,0.00000000,55,45,81.81818182,6.37138900
kitti,000010,yaw_deg,-0.50000000,7,Car,29.64992074,28.53000000,1,0.00000000,33,33,100.00000000,6.80883363
kitti,000010,yaw_deg,-0.50000000,8,Car,43.12322460,42.85000000,1,0.00000000,20,18,90.00000000,6.41180937
kitti,000010,yaw_deg,0.00000000,0,Car,7.02761695,5.20000000,0,0.80000000,1645,277,16.83890578,0.00000000
kitti,000010,yaw_deg,0.00000000,1,Car,12.15350567,11.80000000,0,0.00000000,1016,1016,100.00000000,0.00000000
kitti,000010,yaw_deg,0.00000000,2,Pedestrian,24.99022809,23.51000000,2,0.00000000,23,23,100.00000000,0.00000000
kitti,000010,yaw_deg,0.00000000,3,Car,17.58300600,16.50000000,0,0.00000000,340,340,100.00000000,0.00000000
kitti,000010,yaw_deg,0.00000000,4,Car,23.15218780,22.05000000,2,0.00000000,48,48,100.00000000,0.00000000
kitti,000010,yaw_deg,0.00000000,5,Car,23.70847106,23.64000000,0,0.00000000,246,246,100.00000000,0.00000000
kitti,000010,yaw_deg,0.00000000,6,Car,29.12905937,29.07000000,2,0.00000000,55,55,100.00000000,0.00000000
kitti,000010,yaw_deg,0.00000000,7,Car,29.64992074,28.53000000,1,0.00000000,33,33,100.00000000,0.00000000
kitti,000010,yaw_deg,0.00000000,8,Car,43.12322460,42.85000000,1,0.00000000,20,20,100.00000000,0.00000000
kitti,000010,yaw_deg,0.50000000,0,Car,7.02761695,5.20000000,0,0.80000000,1645,299,18.17629179,9.86424916
kitti,000010,yaw_deg,0.50000000,1,Car,12.15350567,11.80000000,0,0.00000000,1016,1016,100.00000000,6.74612141
kitti,000010,yaw_deg,0.50000000,2,Pedestrian,24.99022809,23.51000000,2,0.00000000,23,19,82.60869565,7.17357942
kitti,000010,yaw_deg,0.50000000,3,Car,17.58300600,16.50000000,0,0.00000000,340,339,99.70588235,7.23828674
kitti,000010,yaw_deg,0.50000000,4,Car,23.15218780,22.05000000,2,0.00000000,48,47,97.91666667,6.87939901
kitti,000010,yaw_deg,0.50000000,5,Car,23.70847106,23.64000000,0,0.00000000,246,246,100.00000000,6.37936700
kitti,000010,yaw_deg,0.50000000,6,Car,29.12905937,29.07000000,2,0.00000000,55,55,100.00000000,6.36751347
kitti,000010,yaw_deg,0.50000000,7,Car,29.64992074,28.53000000,1,0.00000000,33,27,81.81818182,6.77768282
kitti,000010,yaw_deg,0.50000000,8,Car,43.12322460,42.85000000,1,0.00000000,20,20,100.00000000,6.40010920
kitti,000010,yaw_deg,1.00000000,0,Car,7.02761695,5.20000000,0,0.80000000,1645,311,18.90577508,19.60513980
kitti,000010,yaw_deg,1.00000000,1,Car,12.15350567,11.80000000,0,0.00000000,1016,1016,100.00000000,13.51848423
kitti,000010,yaw_deg,1.00000000,2,Pedestrian,24.99022809,23.51000000,2,0.00000000,23,7,30.43478261,14.30296097
kitti,000010,yaw_deg,1.00000000,3,Car,17.58300600,16.50000000,0,0.00000000,340,326,95.88235294,14.43123537
kitti,000010,yaw_deg,1.00000000,4,Car,23.15218780,22.05000000,2,0.00000000,48,30,62.50000000,13.72543405
kitti,000010,yaw_deg,1.00000000,5,Car,23.70847106,23.64000000,0,0.00000000,246,232,94.30894309,12.76092722
kitti,000010,yaw_deg,1.00000000,6,Car,29.12905937,29.07000000,2,0.00000000,55,53,96.36363636,12.73116236
kitti,000010,yaw_deg,1.00000000,7,Car,29.64992074,28.53000000,1,0.00000000,33,19,57.57575758,13.52546781
kitti,000010,yaw_deg,1.00000000,8,Car,43.12322460,42.85000000,1,0.00000000,20,17,85.00000000,12.78953157
kitti,000010,yaw_deg,2.00000000,0,Car,7.02761695,5.20000000,0,0.80000000,1645,338,20.54711246,38.73196510
kitti,000010,yaw_deg,2.00000000,1,Car,12.15350567,11.80000000,0,0.00000000,1016,984,96.85039370,27.14621579
kitti,000010,yaw_deg,2.00000000,2,Pedestrian,24.99022809,23.51000000,2,0.00000000,23,0,0.00000000,28.43509361
kitti,000010,yaw_deg,2.00000000,3,Car,17.58300600,16.50000000,0,0.00000000,340,297,87.35294118,28.68733851
kitti,000010,yaw_deg,2.00000000,4,Car,23.15218780,22.05000000,2,0.00000000,48,12,25.00000000,27.32257368
kitti,000010,yaw_deg,2.00000000,5,Car,23.70847106,23.64000000,0,0.00000000,246,187,76.01626016,25.53630405
kitti,000010,yaw_deg,2.00000000,6,Car,29.12905937,29.07000000,2,0.00000000,55,49,89.09090909,25.45295143
kitti,000010,yaw_deg,2.00000000,7,Car,29.64992074,28.53000000,1,0.00000000,33,4,12.12121212,26.93625633
kitti,000010,yaw_deg,2.00000000,8,Car,43.12322460,42.85000000,1,0.00000000,20,5,25.00000000,25.54033659
kitti,000010,yaw_deg,3.00000000,0,Car,7.02761695,5.20000000,0,0.80000000,1645,395,24.01215805,57.40945990
kitti,000010,yaw_deg,3.00000000,1,Car,12.15350567,11.80000000,0,0.00000000,1016,923,90.84645669,40.89374417
kitti,000010,yaw_deg,3.00000000,2,Pedestrian,24.99022809,23.51000000,2,0.00000000,23,0,0.00000000,42.40802264
kitti,000010,yaw_deg,3.00000000,3,Car,17.58300600,16.50000000,0,0.00000000,340,237,69.70588235,42.78021694
kitti,000010,yaw_deg,3.00000000,4,Car,23.15218780,22.05000000,2,0.00000000,48,6,12.50000000,40.80152882
kitti,000010,yaw_deg,3.00000000,5,Car,23.70847106,23.64000000,0,0.00000000,246,129,52.43902439,38.33465005
kitti,000010,yaw_deg,3.00000000,6,Car,29.12905937,29.07000000,2,0.00000000,55,33,60.00000000,38.16956172
kitti,000010,yaw_deg,3.00000000,7,Car,29.64992074,28.53000000,1,0.00000000,33,0,0.00000000,40.24200312
kitti,000010,yaw_deg,3.00000000,8,Car,43.12322460,42.85000000,1,0.00000000,20,2,10.00000000,38.26040044
kitti,000010,pitch_deg,0.00000000,0,Car,7.02761695,5.20000000,0,0.80000000,1645,277,16.83890578,0.00000000
kitti,000010,pitch_deg,0.00000000,1,Car,12.15350567,11.80000000,0,0.00000000,1016,1016,100.00000000,0.00000000
kitti,000010,pitch_deg,0.00000000,2,Pedestrian,24.99022809,23.51000000,2,0.00000000,23,23,100.00000000,0.00000000
kitti,000010,pitch_deg,0.00000000,3,Car,17.58300600,16.50000000,0,0.00000000,340,340,100.00000000,0.00000000
kitti,000010,pitch_deg,0.00000000,4,Car,23.15218780,22.05000000,2,0.00000000,48,48,100.00000000,0.00000000
kitti,000010,pitch_deg,0.00000000,5,Car,23.70847106,23.64000000,0,0.00000000,246,246,100.00000000,0.00000000
kitti,000010,pitch_deg,0.00000000,6,Car,29.12905937,29.07000000,2,0.00000000,55,55,100.00000000,0.00000000
kitti,000010,pitch_deg,0.00000000,7,Car,29.64992074,28.53000000,1,0.00000000,33,33,100.00000000,0.00000000
kitti,000010,pitch_deg,0.00000000,8,Car,43.12322460,42.85000000,1,0.00000000,20,20,100.00000000,0.00000000
kitti,000010,pitch_deg,0.50000000,0,Car,7.02761695,5.20000000,0,0.80000000,1645,251,15.25835866,7.08473049
kitti,000010,pitch_deg,0.50000000,1,Car,12.15350567,11.80000000,0,0.00000000,1016,1014,99.80314961,6.52698331
kitti,000010,pitch_deg,0.50000000,2,Pedestrian,24.99022809,23.51000000,2,0.00000000,23,23,100.00000000,6.37187765
kitti,000010,pitch_deg,0.50000000,3,Car,17.58300600,16.50000000,0,0.00000000,340,329,96.76470588,6.44770525
kitti,000010,pitch_deg,0.50000000,4,Car,23.15218780,22.05000000,2,0.00000000,48,43,89.58333333,6.39361037
kitti,000010,pitch_deg,0.50000000,5,Car,23.70847106,23.64000000,0,0.00000000,246,209,84.95934959,6.39314472
kitti,000010,pitch_deg,0.50000000,6,Car,29.12905937,29.07000000,2,0.00000000,55,43,78.18181818,6.37070584
kitti,000010,pitch_deg,0.50000000,7,Car,29.64992074,28.53000000,1,0.00000000,33,21,63.63636364,6.38113898
kitti,000010,pitch_deg,0.50000000,8,Car,43.12322460,42.85000000,1,0.00000000,20,12,60.00000000,6.34562320
kitti,000010,pitch_deg,1.00000000,0,Car,7.02761695,5.20000000,0,0.80000000,1645,235,14.28571429,14.16570577
kitti,000010,pitch_deg,1.00000000,1,Car,12.15350567,11.80000000,0,0.00000000,1016,998,98.22834646,13.06716783
kitti,000010,pitch_deg,1.00000000,2,Pedestrian,24.99022809,23.51000000,2,0.00000000,23,23,100.00000000,12.74660477
kitti,000010,pitch_deg,1.00000000,3,Car,17.58300600,16.50000000,0,0.00000000,340,299,87.94117647,12.90560343
kitti,000010,pitch_deg,1.00000000,4,Car,23.15218780,22.05000000,2,0.00000000,48,37,77.08333333,12.79325383
kitti,000010,pitch_deg,1.00000000,5,Car,23.70847106,23.64000000,0,0.00000000,246,177,71.95121951,12.79295301
kitti,000010,pitch_deg,1.00000000,6,Car,29.12905937,29.07000000,2,0.00000000,55,34,61.81818182,12.74740025
kitti,000010,pitch_deg,1.00000000,7,Car,29.64992074,28.53000000,1,0.00000000,33,14,42.42424242,12.76954205
kitti,000010,pitch_deg,1.00000000,8,Car,43.12322460,42.85000000,1,0.00000000,20,6,30.00000000,12.69569147
kitti,000010,pitch_deg,2.00000000,0,Car,7.02761695,5.20000000,0,0.80000000,1645,131,7.96352584,28.14391672
kitti,000010,pitch_deg,2.00000000,1,Car,12.15350567,11.80000000,0,0.00000000,1016,844,83.07086614,26.19104858
kitti,000010,pitch_deg,2.00000000,2,Pedestrian,24.99022809,23.51000000,2,0.00000000,23,23,100.00000000,25.50875198
kitti,000010,pitch_deg,2.00000000,3,Car,17.58300600,16.50000000,0,0.00000000,340,204,60.00000000,25.85451372
kitti,000010,pitch_deg,2.00000000,4,Car,23.15218780,22.05000000,2,0.00000000,48,30,62.50000000,25.61478454
kitti,000010,pitch_deg,2.00000000,5,Car,23.70847106,23.64000000,0,0.00000000,246,96,39.02439024,25.61660373
kitti,000010,pitch_deg,2.00000000,6,Car,29.12905937,29.07000000,2,0.00000000,55,15,27.27272727,25.52162487
kitti,000010,pitch_deg,2.00000000,7,Car,29.64992074,28.53000000,1,0.00000000,33,5,15.15151515,25.57224599
kitti,000010,pitch_deg,2.00000000,8,Car,43.12322460,42.85000000,1,0.00000000,20,0,0.00000000,25.41310917
kitti,000010,pitch_deg,3.00000000,0,Car,7.02761695,5.20000000,0,0.80000000,1645,82,4.98480243,42.02895139
kitti,000010,pitch_deg,3.00000000,1,Car,12.15350567,11.80000000,0,0.00000000,1016,640,62.99212598,39.38239681
kitti,000010,pitch_deg,3.00000000,2,Pedestrian,24.99022809,23.51000000,2,0.00000000,23,17,73.91304348,38.29475923
kitti,000010,pitch_deg,3.00000000,3,Car,17.58300600,16.50000000,0,0.00000000,340,140,41.17647059,38.85522995
kitti,000010,pitch_deg,3.00000000,4,Car,23.15218780,22.05000000,2,0.00000000,48,16,33.33333333,38.47292980
kitti,000010,pitch_deg,3.00000000,5,Car,23.70847106,23.64000000,0,0.00000000,246,27,10.97560976,38.47906057
kitti,000010,pitch_deg,3.00000000,6,Car,29.12905937,29.07000000,2,0.00000000,55,7,12.72727273,38.32969916
kitti,000010,pitch_deg,3.00000000,7,Car,29.64992074,28.53000000,1,0.00000000,33,5,15.15151515,38.41637891
kitti,000010,pitch_deg,3.00000000,8,Car,43.12322460,42.85000000,1,0.00000000,20,0,0.00000000,38.16018239
kitti,000010,roll_deg,0.00000000,0,Car,7.02761695,5.20000000,0,0.80000000,1645,277,16.83890578,0.00000000
kitti,000010,roll_deg,0.00000000,1,Car,12.15350567,11.80000000,0,0.00000000,1016,1016,100.00000000,0.00000000
kitti,000010,roll_deg,0.00000000,2,Pedestrian,24.99022809,23.51000000,2,0.00000000,23,23,100.00000000,0.00000000
kitti,000010,roll_deg,0.00000000,3,Car,17.58300600,16.50000000,0,0.00000000,340,340,100.00000000,0.00000000
kitti,000010,roll_deg,0.00000000,4,Car,23.15218780,22.05000000,2,0.00000000,48,48,100.00000000,0.00000000
kitti,000010,roll_deg,0.00000000,5,Car,23.70847106,23.64000000,0,0.00000000,246,246,100.00000000,0.00000000
kitti,000010,roll_deg,0.00000000,6,Car,29.12905937,29.07000000,2,0.00000000,55,55,100.00000000,0.00000000
kitti,000010,roll_deg,0.00000000,7,Car,29.64992074,28.53000000,1,0.00000000,33,33,100.00000000,0.00000000
kitti,000010,roll_deg,0.00000000,8,Car,43.12322460,42.85000000,1,0.00000000,20,20,100.00000000,0.00000000
kitti,000010,roll_deg,1.00000000,0,Car,7.02761695,5.20000000,0,0.80000000,1645,244,14.83282675,9.14610192
kitti,000010,roll_deg,1.00000000,1,Car,12.15350567,11.80000000,0,0.00000000,1016,1016,100.00000000,2.92368678
kitti,000010,roll_deg,1.00000000,2,Pedestrian,24.99022809,23.51000000,2,0.00000000,23,23,100.00000000,4.54913479
kitti,000010,roll_deg,1.00000000,3,Car,17.58300600,16.50000000,0,0.00000000,340,333,97.94117647,4.65913559
kitti,000010,roll_deg,1.00000000,4,Car,23.15218780,22.05000000,2,0.00000000,48,48,100.00000000,3.63212339
kitti,000010,roll_deg,1.00000000,5,Car,23.70847106,23.64000000,0,0.00000000,246,246,100.00000000,0.69114314
kitti,000010,roll_deg,1.00000000,6,Car,29.12905937,29.07000000,2,0.00000000,55,51,92.72727273,0.66718662
kitti,000010,roll_deg,1.00000000,7,Car,29.64992074,28.53000000,1,0.00000000,33,28,84.84848485,3.33635901
kitti,000010,roll_deg,1.00000000,8,Car,43.12322460,42.85000000,1,0.00000000,20,15,75.00000000,1.31536826
kitti,000010,roll_deg,2.00000000,0,Car,7.02761695,5.20000000,0,0.80000000,1645,219,13.31306991,17.87408510
kitti,000010,roll_deg,2.00000000,1,Car,12.15350567,11.80000000,0,0.00000000,1016,1005,98.91732283,5.84703091
kitti,000010,roll_deg,2.00000000,2,Pedestrian,24.99022809,23.51000000,2,0.00000000,23,23,100.00000000,9.09822089
kitti,000010,roll_deg,2.00000000,3,Car,17.58300600,16.50000000,0,0.00000000,340,318,93.52941176,9.31822123
kitti,000010,roll_deg,2.00000000,4,Car,23.15218780,22.05000000,2,0.00000000,48,43,89.58333333,7.26415220
kitti,000010,roll_deg,2.00000000,5,Car,23.70847106,23.64000000,0,0.00000000,246,246,100.00000000,1.38223032
kitti,000010,roll_deg,2.00000000,6,Car,29.12905937,29.07000000,2,0.00000000,55,51,92.72727273,1.33432573
kitti,000010,roll_deg,2.00000000,7,Car,29.64992074,28.53000000,1,0.00000000,33,20,60.60606061,6.67262199
kitti,000010,roll_deg,2.00000000,8,Car,43.12322460,42.85000000,1,0.00000000,20,15,75.00000000,2.63065992
kitti,000010,roll_deg,3.00000000,0,Car,7.02761695,5.20000000,0,0.80000000,1645,162,9.84802432,25.66290064
kitti,000010,roll_deg,3.00000000,1,Car,12.15350567,11.80000000,0,0.00000000,1016,1004,98.81889764,8.76980893
kitti,000010,roll_deg,3.00000000,2,Pedestrian,24.99022809,23.51000000,2,0.00000000,23,23,100.00000000,13.64691172
kitti,000010,roll_deg,3.00000000,3,Car,17.58300600,16.50000000,0,0.00000000,340,299,87.94117647,13.97690048
kitti,000010,roll_deg,3.00000000,4,Car,23.15218780,22.05000000,2,0.00000000,48,37,77.08333333,10.89580846
kitti,000010,roll_deg,3.00000000,5,Car,23.70847106,23.64000000,0,0.00000000,246,246,100.00000000,2.07320878
kitti,000010,roll_deg,3.00000000,6,Car,29.12905937,29.07000000,2,0.00000000,55,51,92.72727273,2.00136641
kitti,000010,roll_deg,3.00000000,7,Car,29.64992074,28.53000000,1,0.00000000,33,19,57.57575758,10.00853422
kitti,000010,roll_deg,3.00000000,8,Car,43.12322460,42.85000000,1,0.00000000,20,15,75.00000000,3.94577464
kitti,000010,ty_m,-0.10000000,0,Car,7.02761695,5.20000000,0,0.80000000,1645,255,15.50151976,13.52889730
kitti,000010,ty_m,-0.10000000,1,Car,12.15350567,11.80000000,0,0.00000000,1016,1016,100.00000000,6.89608518
kitti,000010,ty_m,-0.10000000,2,Pedestrian,24.99022809,23.51000000,2,0.00000000,23,22,95.65217391,3.10187884
kitti,000010,ty_m,-0.10000000,3,Car,17.58300600,16.50000000,0,0.00000000,340,340,100.00000000,4.76055754
kitti,000010,ty_m,-0.10000000,4,Car,23.15218780,22.05000000,2,0.00000000,48,48,100.00000000,3.48857761
kitti,000010,ty_m,-0.10000000,5,Car,23.70847106,23.64000000,0,0.00000000,246,245,99.59349593,3.24045681
kitti,000010,ty_m,-0.10000000,6,Car,29.12905937,29.07000000,2,0.00000000,55,55,100.00000000,2.51130585
kitti,000010,ty_m,-0.10000000,7,Car,29.64992074,28.53000000,1,0.00000000,33,33,100.00000000,2.65454756
kitti,000010,ty_m,-0.10000000,8,Car,43.12322460,42.85000000,1,0.00000000,20,20,100.00000000,1.74028513
kitti,000010,ty_m,-0.05000000,0,Car,7.02761695,5.20000000,0,0.80000000,1645,265,16.10942249,6.90348366
kitti,000010,ty_m,-0.05000000,1,Car,12.15350567,11.80000000,0,0.00000000,1016,1016,100.00000000,3.44804054
kitti,000010,ty_m,-0.05000000,2,Pedestrian,24.99022809,23.51000000,2,0.00000000,23,23,100.00000000,1.55093901
kitti,000010,ty_m,-0.05000000,3,Car,17.58300600,16.50000000,0,0.00000000,340,340,100.00000000,2.38027780
kitti,000010,ty_m,-0.05000000,4,Car,23.15218780,22.05000000,2,0.00000000,48,48,100.00000000,1.74428828
kitti,000010,ty_m,-0.05000000,5,Car,23.70847106,23.64000000,0,0.00000000,246,246,100.00000000,1.62022795
kitti,000010,ty_m,-0.05000000,6,Car,29.12905937,29.07000000,2,0.00000000,55,55,100.00000000,1.25565265
kitti,000010,ty_m,-0.05000000,7,Car,29.64992074,28.53000000,1,0.00000000,33,33,100.00000000,1.32727348
kitti,000010,ty_m,-0.05000000,8,Car,43.12322460,42.85000000,1,0.00000000,20,20,100.00000000,0.87014244
kitti,000010,ty_m,-0.02000000,0,Car,7.02761695,5.20000000,0,0.80000000,1645,274,16.65653495,2.80308761
kitti,000010,ty_m,-0.02000000,1,Car,12.15350567,11.80000000,0,0.00000000,1016,1016,100.00000000,1.37921572
kitti,000010,ty_m,-0.02000000,2,Pedestrian,24.99022809,23.51000000,2,0.00000000,23,23,100.00000000,0.62037550
kitti,000010,ty_m,-0.02000000,3,Car,17.58300600,16.50000000,0,0.00000000,340,340,100.00000000,0.95211088
kitti,000010,ty_m,-0.02000000,4,Car,23.15218780,22.05000000,2,0.00000000,48,48,100.00000000,0.69771519
kitti,000010,ty_m,-0.02000000,5,Car,23.70847106,23.64000000,0,0.00000000,246,246,100.00000000,0.64809107
kitti,000010,ty_m,-0.02000000,6,Car,29.12905937,29.07000000,2,0.00000000,55,55,100.00000000,0.50226100
kitti,000010,ty_m,-0.02000000,7,Car,29.64992074,28.53000000,1,0.00000000,33,33,100.00000000,0.53090932
kitti,000010,ty_m,-0.02000000,8,Car,43.12322460,42.85000000,1,0.00000000,20,20,100.00000000,0.34805694
kitti,000010,ty_m,0.00000000,0,Car,7.02761695,5.20000000,0,0.80000000,1645,277,16.83890578,0.00000000
kitti,000010,ty_m,0.00000000,1,Car,12.15350567,11.80000000,0,0.00000000,1016,1016,100.00000000,0.00000000
kitti,000010,ty_m,0.00000000,2,Pedestrian,24.99022809,23.51000000,2,0.00000000,23,23,100.00000000,0.00000000
kitti,000010,ty_m,0.00000000,3,Car,17.58300600,16.50000000,0,0.00000000,340,340,100.00000000,0.00000000
kitti,000010,ty_m,0.00000000,4,Car,23.15218780,22.05000000,2,0.00000000,48,48,100.00000000,0.00000000
kitti,000010,ty_m,0.00000000,5,Car,23.70847106,23.64000000,0,0.00000000,246,246,100.00000000,0.00000000
kitti,000010,ty_m,0.00000000,6,Car,29.12905937,29.07000000,2,0.00000000,55,55,100.00000000,0.00000000
kitti,000010,ty_m,0.00000000,7,Car,29.64992074,28.53000000,1,0.00000000,33,33,100.00000000,0.00000000
kitti,000010,ty_m,0.00000000,8,Car,43.12322460,42.85000000,1,0.00000000,20,20,100.00000000,0.00000000
kitti,000010,ty_m,0.02000000,0,Car,7.02761695,5.20000000,0,0.80000000,1645,282,17.14285714,2.82560290
kitti,000010,ty_m,0.02000000,1,Car,12.15350567,11.80000000,0,0.00000000,1016,1016,100.00000000,1.37921507
kitti,000010,ty_m,0.02000000,2,Pedestrian,24.99022809,23.51000000,2,0.00000000,23,23,100.00000000,0.62037537
kitti,000010,ty_m,0.02000000,3,Car,17.58300600,16.50000000,0,0.00000000,340,340,100.00000000,0.95211057
kitti,000010,ty_m,0.02000000,4,Car,23.15218780,22.05000000,2,0.00000000,48,48,100.00000000,0.69771502
kitti,000010,ty_m,0.02000000,5,Car,23.70847106,23.64000000,0,0.00000000,246,246,100.00000000,0.64809093
kitti,000010,ty_m,0.02000000,6,Car,29.12905937,29.07000000,2,0.00000000,55,55,100.00000000,0.50226091
kitti,000010,ty_m,0.02000000,7,Car,29.64992074,28.53000000,1,0.00000000,33,33,100.00000000,0.53090922
kitti,000010,ty_m,0.02000000,8,Car,43.12322460,42.85000000,1,0.00000000,20,20,100.00000000,0.34805690
kitti,000010,ty_m,0.05000000,0,Car,7.02761695,5.20000000,0,0.80000000,1645,290,17.62917933,7.06400209
kitti,000010,ty_m,0.05000000,1,Car,12.15350567,11.80000000,0,0.00000000,1016,1016,100.00000000,3.44803644
kitti,000010,ty_m,0.05000000,2,Pedestrian,24.99022809,23.51000000,2,0.00000000,23,23,100.00000000,1.55093818
kitti,000010,ty_m,0.05000000,3,Car,17.58300600,16.50000000,0,0.00000000,340,340,100.00000000,2.38027584
kitti,000010,ty_m,0.05000000,4,Car,23.15218780,22.05000000,2,0.00000000,48,48,100.00000000,1.74428723
kitti,000010,ty_m,0.05000000,5,Car,23.70847106,23.64000000,0,0.00000000,246,246,100.00000000,1.62022705
kitti,000010,ty_m,0.05000000,6,Car,29.12905937,29.07000000,2,0.00000000,55,55,100.00000000,1.25565211
kitti,000010,ty_m,0.05000000,7,Car,29.64992074,28.53000000,1,0.00000000,33,33,100.00000000,1.32727287
kitti,000010,ty_m,0.05000000,8,Car,43.12322460,42.85000000,1,0.00000000,20,20,100.00000000,0.87014218
kitti,000010,ty_m,0.10000000,0,Car,7.02761695,5.20000000,0,0.80000000,1645,303,18.41945289,14.09030145
kitti,000010,ty_m,0.10000000,1,Car,12.15350567,11.80000000,0,0.00000000,1016,1016,100.00000000,6.89606879
kitti,000010,ty_m,0.10000000,2,Pedestrian,24.99022809,23.51000000,2,0.00000000,23,23,100.00000000,3.10187553
kitti,000010,ty_m,0.10000000,3,Car,17.58300600,16.50000000,0,0.00000000,340,340,100.00000000,4.76054973
kitti,000010,ty_m,0.10000000,4,Car,23.15218780,22.05000000,2,0.00000000,48,48,100.00000000,3.48857341
kitti,000010,ty_m,0.10000000,5,Car,23.70847106,23.64000000,0,0.00000000,246,246,100.00000000,3.24045319
kitti,000010,ty_m,0.10000000,6,Car,29.12905937,29.07000000,2,0.00000000,55,55,100.00000000,2.51130368
kitti,000010,ty_m,0.10000000,7,Car,29.64992074,28.53000000,1,0.00000000,33,33,100.00000000,2.65454513
kitti,000010,ty_m,0.10000000,8,Car,43.12322460,42.85000000,1,0.00000000,20,20,100.00000000,1.74028409
kitti,000011,yaw_deg,-3.00000000,0,Pedestrian,13.48721246,12.42000000,1,0.00000000,151,12,7.94701987,46.01079510
kitti,000011,yaw_deg,-3.00000000,1,Pedestrian,14.55992102,13.43000000,2,0.00000000,35,0,0.00000000,46.15567629
kitti,000011,yaw_deg,-3.00000000,2,Car,27.15770609,26.64000000,0,0.00000000,208,59,28.36538462,39.15780648
kitti,000011,yaw_deg,-3.00000000,3,Pedestrian,34.18700484,34.08000000,0,0.00000000,40,0,0.00000000,38.39596519
kitti,000011,yaw_deg,-3.00000000,4,Car,6.83328618,4.13000000,0,0.98000000,3251,261,8.02829898,61.68486643
kitti,000011,yaw_deg,-3.00000000,5,Pedestrian,17.91347258,15.95000000,0,0.00000000,81,0,0.00000000,46.59632811
kitti,000011,yaw_deg,-2.00000000,0,Pedestrian,13.48721246,12.42000000,1,0.00000000,151,71,47.01986755,30.43300090
kitti,000011,yaw_deg,-2.00000000,1,Pedestrian,14.55992102,13.43000000,2,0.00000000,35,14,40.00000000,30.52560001
kitti,000011,yaw_deg,-2.00000000,2,Car,27.15770609,26.64000000,0,0.00000000,208,112,53.84615385,26.17613054
kitti,000011,yaw_deg,-2.00000000,3,Pedestrian,34.18700484,34.08000000,0,0.00000000,40,0,0.00000000,25.55580831
kitti,000011,yaw_deg,-2.00000000,4,Car,6.83328618,4.13000000,0,0.98000000,3251,268,8.24361735,41.67536087
kitti,000011,yaw_deg,-2.00000000,5,Pedestrian,17.91347258,15.95000000,0,0.00000000,81,0,0.00000000,31.31537980
kitti,000011,yaw_deg,-1.00000000,0,Pedestrian,13.48721246,12.42000000,1,0.00000000,151,134,88.74172185,15.10111631
kitti,000011,yaw_deg,-1.00000000,1,Pedestrian,14.55992102,13.43000000,2,0.00000000,35,29,82.85714286,15.14548220
kitti,000011,yaw_deg,-1.00000000,2,Car,27.15770609,26.64000000,0,0.00000000,208,165,79.32692308,13.12642663
kitti,000011,yaw_deg,-1.00000000,3,Pedestrian,34.18700484,34.08000000,0,0.00000000,40,9,22.50000000,12.75984611
kitti,000011,yaw_deg,-1.00000000,4,Car,6.83328618,4.13000000,0,0.98000000,3251,267,8.21285758,21.12569366
kitti,000011,yaw_deg,-1.00000000,5,Pedestrian,17.91347258,15.95000000,0,0.00000000,81,33,40.74074074,15.78857458
kitti,000011,yaw_deg,-0.50000000,0,Pedestrian,13.48721246,12.42000000,1,0.00000000,151,143,94.70198675,7.52262907
kitti,000011,yaw_deg,-0.50000000,1,Pedestrian,14.55992102,13.43000000,2,0.00000000,35,32,91.42857143,7.54433931
kitti,000011,yaw_deg,-0.50000000,2,Car,27.15770609,26.64000000,0,0.00000000,208,193,92.78846154,6.57335454
kitti,000011,yaw_deg,-0.50000000,3,Pedestrian,34.18700484,34.08000000,0,0.00000000,40,27,67.50000000,6.37590972
kitti,000011,yaw_deg,-0.50000000,4,Car,6.83328618,4.13000000,0,0.98000000,3251,245,7.53614273,10.63719725
kitti,000011,yaw_deg,-0.50000000,5,Pedestrian,17.91347258,15.95000000,0,0.00000000,81,67,82.71604938,7.92803614
kitti,000011,yaw_deg,0.00000000,0,Pedestrian,13.48721246,12.42000000,1,0.00000000,151,150,99.33774834,0.00000000
kitti,000011,yaw_deg,0.00000000,1,Pedestrian,14.55992102,13.43000000,2,0.00000000,35,35,100.00000000,0.00000000
kitti,000011,yaw_deg,0.00000000,2,Car,27.15770609,26.64000000,0,0.00000000,208,208,100.00000000,0.00000000
kitti,000011,yaw_deg,0.00000000,3,Pedestrian,34.18700484,34.08000000,0,0.00000000,40,40,100.00000000,0.00000000
kitti,000011,yaw_deg,0.00000000,4,Car,6.83328618,4.13000000,0,0.98000000,3251,207,6.36727161,0.00000000
kitti,000011,yaw_deg,0.00000000,5,Pedestrian,17.91347258,15.95000000,0,0.00000000,81,81,100.00000000,0.00000000
kitti,000011,yaw_deg,0.50000000,0,Pedestrian,13.48721246,12.42000000,1,0.00000000,151,141,93.37748344,7.46854943
kitti,000011,yaw_deg,0.50000000,1,Pedestrian,14.55992102,13.43000000,2,0.00000000,35,35,100.00000000,7.48933453
kitti,000011,yaw_deg,0.50000000,2,Car,27.15770609,26.64000000,0,0.00000000,208,199,95.67307692,6.59488388
kitti,000011,yaw_deg,0.50000000,3,Pedestrian,34.18700484,34.08000000,0,0.00000000,40,21,52.50000000,6.36890034
kitti,000011,yaw_deg,0.50000000,4,Car,6.83328618,4.13000000,0,0.98000000,3251,172,5.29067979,10.70305828
kitti,000011,yaw_deg,0.50000000,5,Pedestrian,17.91347258,15.95000000,0,0.00000000,81,66,81.48148148,7.99765958
kitti,000011,yaw_deg,1.00000000,0,Pedestrian,13.48721246,12.42000000,1,0.00000000,151,124,82.11920530,14.88475567
kitti,000011,yaw_deg,1.00000000,1,Pedestrian,14.55992102,13.43000000,2,0.00000000,35,35,100.00000000,14.92542008
kitti,000011,yaw_deg,1.00000000,2,Car,27.15770609,26.64000000,0,0.00000000,208,178,85.57692308,13.21250756
kitti,000011,yaw_deg,1.00000000,3,Pedestrian,34.18700484,34.08000000,0,0.00000000,40,3,7.50000000,12.73195773
kitti,000011,yaw_deg,1.00000000,4,Car,6.83328618,4.13000000,0,0.98000000,3251,140,4.30636727,21.41284102
kitti,000011,yaw_deg,1.00000000,5,Pedestrian,17.91347258,15.95000000,0,0.00000000,81,28,34.56790123,16.06712759
kitti,000011,yaw_deg,2.00000000,0,Pedestrian,13.48721246,12.42000000,1,0.00000000,151,44,29.13907285,29.56688449
kitti,000011,yaw_deg,2.00000000,1,Pedestrian,14.55992102,13.43000000,2,0.00000000,35,21,60.00000000,29.64466320
kitti,000011,yaw_deg,2.00000000,2,Car,27.15770609,26.64000000,0,0.00000000,208,127,61.05769231,26.52041385
kitti,000011,yaw_deg,2.00000000,3,Pedestrian,34.18700484,34.08000000,0,0.00000000,40,0,0.00000000,25.44448586
kitti,000011,yaw_deg,2.00000000,4,Car,6.83328618,4.13000000,0,0.98000000,3251,77,2.36850200,42.79139994
kitti,000011,yaw_deg,2.00000000,5,Pedestrian,17.91347258,15.95000000,0,0.00000000,81,0,0.00000000,32.43054079
kitti,000011,yaw_deg,3.00000000,0,Pedestrian,13.48721246,12.42000000,1,0.00000000,151,10,6.62251656,44.05950149
kitti,000011,yaw_deg,3.00000000,1,Pedestrian,14.55992102,13.43000000,2,0.00000000,35,6,17.14285714,44.17098242
kitti,000011,yaw_deg,3.00000000,2,Car,27.15770609,26.64000000,0,0.00000000,208,76,36.53846154,39.93241453
kitti,000011,yaw_deg,3.00000000,3,Pedestrian,34.18700484,34.08000000,0,0.00000000,40,0,0.00000000,38.14450620
kitti,000011,yaw_deg,3.00000000,4,Car,6.83328618,4.13000000,0,0.98000000,3251,22,0.67671486,64.21174504
kitti,000011,yaw_deg,3.00000000,5,Pedestrian,17.91347258,15.95000000,0,0.00000000,81,0,0.00000000,49.10900633
kitti,000011,pitch_deg,0.00000000,0,Pedestrian,13.48721246,12.42000000,1,0.00000000,151,150,99.33774834,0.00000000
kitti,000011,pitch_deg,0.00000000,1,Pedestrian,14.55992102,13.43000000,2,0.00000000,35,35,100.00000000,0.00000000
kitti,000011,pitch_deg,0.00000000,2,Car,27.15770609,26.64000000,0,0.00000000,208,208,100.00000000,0.00000000
kitti,000011,pitch_deg,0.00000000,3,Pedestrian,34.18700484,34.08000000,0,0.00000000,40,40,100.00000000,0.00000000
kitti,000011,pitch_deg,0.00000000,4,Car,6.83328618,4.13000000,0,0.98000000,3251,207,6.36727161,0.00000000
kitti,000011,pitch_deg,0.00000000,5,Pedestrian,17.91347258,15.95000000,0,0.00000000,81,81,100.00000000,0.00000000
kitti,000011,pitch_deg,0.50000000,0,Pedestrian,13.48721246,12.42000000,1,0.00000000,151,144,95.36423841,6.45843559
kitti,000011,pitch_deg,0.50000000,1,Pedestrian,14.55992102,13.43000000,2,0.00000000,35,23,65.71428571,6.49803735
kitti,000011,pitch_deg,0.50000000,2,Car,27.15770609,26.64000000,0,0.00000000,208,166,79.80769231,6.37807265
kitti,000011,pitch_deg,0.50000000,3,Pedestrian,34.18700484,34.08000000,0,0.00000000,40,36,90.00000000,6.34963940
kitti,000011,pitch_deg,0.50000000,4,Car,6.83328618,4.13000000,0,0.98000000,3251,194,5.96739465,6.91633468
kitti,000011,pitch_deg,0.50000000,5,Pedestrian,17.91347258,15.95000000,0,0.00000000,81,74,91.35802469,6.44541564
kitti,000011,pitch_deg,1.00000000,0,Pedestrian,13.48721246,12.42000000,1,0.00000000,151,138,91.39072848,12.92457577
kitti,000011,pitch_deg,1.00000000,1,Pedestrian,14.55992102,13.43000000,2,0.00000000,35,19,54.28571429,13.00961196
kitti,000011,pitch_deg,1.00000000,2,Car,27.15770609,26.64000000,0,0.00000000,208,146,70.19230769,12.76269721
kitti,000011,pitch_deg,1.00000000,3,Pedestrian,34.18700484,34.08000000,0,0.00000000,40,32,80.00000000,12.70221824
kitti,000011,pitch_deg,1.00000000,4,Car,6.83328618,4.13000000,0,0.98000000,3251,181,5.56751769,13.81058491
kitti,000011,pitch_deg,1.00000000,5,Pedestrian,17.91347258,15.95000000,0,0.00000000,81,72,88.88888889,12.90122954
kitti,000011,pitch_deg,2.00000000,0,Pedestrian,13.48721246,12.42000000,1,0.00000000,151,114,75.49668874,25.88435951
kitti,000011,pitch_deg,2.00000000,1,Pedestrian,14.55992102,13.43000000,2,0.00000000,35,11,31.42857143,26.07787485
kitti,000011,pitch_deg,2.00000000,2,Car,27.15770609,26.64000000,0,0.00000000,208,78,37.50000000,25.55468038
kitti,000011,pitch_deg,2.00000000,3,Pedestrian,34.18700484,34.08000000,0,0.00000000,40,15,37.50000000,25.42013092
kitti,000011,pitch_deg,2.00000000,4,Car,6.83328618,4.13000000,0,0.98000000,3251,160,4.92156260,27.70182868
kitti,000011,pitch_deg,2.00000000,5,Pedestrian,17.91347258,15.95000000,0,0.00000000,81,54,66.66666667,25.84853777
kitti,000011,pitch_deg,3.00000000,0,Pedestrian,13.48721246,12.42000000,1,0.00000000,151,100,66.22516556,38.88819120
kitti,000011,pitch_deg,3.00000000,1,Pedestrian,14.55992102,13.43000000,2,0.00000000,35,8,22.85714286,39.21389145
kitti,000011,pitch_deg,3.00000000,2,Car,27.15770609,26.64000000,0,0.00000000,208,45,21.63461538,38.38406893
kitti,000011,pitch_deg,3.00000000,3,Pedestrian,34.18700484,34.08000000,0,0.00000000,40,0,0.00000000,38.16163955
kitti,000011,pitch_deg,3.00000000,4,Car,6.83328618,4.13000000,0,0.98000000,3251,132,4.06028914,41.51523081
kitti,000011,pitch_deg,3.00000000,5,Pedestrian,17.91347258,15.95000000,0,0.00000000,81,39,48.14814815,38.85097365
kitti,000011,roll_deg,0.00000000,0,Pedestrian,13.48721246,12.42000000,1,0.00000000,151,150,99.33774834,0.00000000
kitti,000011,roll_deg,0.00000000,1,Pedestrian,14.55992102,13.43000000,2,0.00000000,35,35,100.00000000,0.00000000
kitti,000011,roll_deg,0.00000000,2,Car,27.15770609,26.64000000,0,0.00000000,208,208,100.00000000,0.00000000
kitti,000011,roll_deg,0.00000000,3,Pedestrian,34.18700484,34.08000000,0,0.00000000,40,40,100.00000000,0.00000000
kitti,000011,roll_deg,0.00000000,4,Car,6.83328618,4.13000000,0,0.98000000,3251,207,6.36727161,0.00000000
kitti,000011,roll_deg,0.00000000,5,Pedestrian,17.91347258,15.95000000,0,0.00000000,81,81,100.00000000,0.00000000
kitti,000011,roll_deg,1.00000000,0,Pedestrian,13.48721246,12.42000000,1,0.00000000,151,145,96.02649007,5.15761395
kitti,000011,roll_deg,1.00000000,1,Pedestrian,14.55992102,13.43000000,2,0.00000000,35,34,97.14285714,5.26908860
kitti,000011,roll_deg,1.00000000,2,Car,27.15770609,26.64000000,0,0.00000000,208,208,100.00000000,2.40327331
kitti,000011,roll_deg,1.00000000,3,Pedestrian,34.18700484,34.08000000,0,0.00000000,40,40,100.00000000,0.80712449
kitti,000011,roll_deg,1.00000000,4,Car,6.83328618,4.13000000,0,0.98000000,3251,223,6.85942787,10.46455105
kitti,000011,roll_deg,1.00000000,5,Pedestrian,17.91347258,15.95000000,0,0.00000000,81,79,97.53086420,6.32206601
kitti,000011,roll_deg,2.00000000,0,Pedestrian,13.48721246,12.42000000,1,0.00000000,151,138,91.39072848,10.31521090
kitti,000011,roll_deg,2.00000000,1,Pedestrian,14.55992102,13.43000000,2,0.00000000,35,23,65.71428571,10.53816615
kitti,000011,roll_deg,2.00000000,2,Car,27.15770609,26.64000000,0,0.00000000,208,195,93.75000000,4.80628300
kitti,000011,roll_deg,2.00000000,3,Pedestrian,34.18700484,34.08000000,0,0.00000000,40,40,100.00000000,1.61419603
kitti,000011,roll_deg,2.00000000,4,Car,6.83328618,4.13000000,0,0.98000000,3251,231,7.10550600,20.89732362
kitti,000011,roll_deg,2.00000000,5,Pedestrian,17.91347258,15.95000000,0,0.00000000,81,74,91.35802469,12.64307327
kitti,000011,roll_deg,3.00000000,0,Pedestrian,13.48721246,12.42000000,1,0.00000000,151,131,86.75496689,15.47239640
kitti,000011,roll_deg,3.00000000,1,Pedestrian,14.55992102,13.43000000,2,0.00000000,35,19,54.28571429,15.80682928
kitti,000011,roll_deg,3.00000000,2,Car,27.15770609,26.64000000,0,0.00000000,208,191,91.82692308,7.20884547
kitti,000011,roll_deg,3.00000000,3,Pedestrian,34.18700484,34.08000000,0,0.00000000,40,40,100.00000000,2.42115309
kitti,000011,roll_deg,3.00000000,4,Car,6.83328618,4.13000000,0,0.98000000,3251,244,7.50538296,31.29599226
kitti,000011,roll_deg,3.00000000,5,Pedestrian,17.91347258,15.95000000,0,0.00000000,81,63,77.77777778,18.96253865
kitti,000011,ty_m,-0.10000000,0,Pedestrian,13.48721246,12.42000000,1,0.00000000,151,145,96.02649007,5.83783837
kitti,000011,ty_m,-0.10000000,1,Pedestrian,14.55992102,13.43000000,2,0.00000000,35,33,94.28571429,5.42722149
kitti,000011,ty_m,-0.10000000,2,Car,27.15770609,26.64000000,0,0.00000000,208,205,98.55769231,2.85868024
kitti,000011,ty_m,-0.10000000,3,Pedestrian,34.18700484,34.08000000,0,0.00000000,40,38,95.00000000,2.12084358
kitti,000011,ty_m,-0.10000000,4,Car,6.83328618,4.13000000,0,0.98000000,3251,251,7.72070132,12.95052219
kitti,000011,ty_m,-0.10000000,5,Pedestrian,17.91347258,15.95000000,0,0.00000000,81,76,93.82716049,4.52803747
kitti,000011,ty_m,-0.05000000,0,Pedestrian,13.48721246,12.42000000,1,0.00000000,151,149,98.67549669,2.91891772
kitti,000011,ty_m,-0.05000000,1,Pedestrian,14.55992102,13.43000000,2,0.00000000,35,34,97.14285714,2.71360948
kitti,000011,ty_m,-0.05000000,2,Car,27.15770609,26.64000000,0,0.00000000,208,208,100.00000000,1.42933977
kitti,000011,ty_m,-0.05000000,3,Pedestrian,34.18700484,34.08000000,0,0.00000000,40,39,97.50000000,1.06042160
kitti,000011,ty_m,-0.05000000,4,Car,6.83328618,4.13000000,0,0.98000000,3251,230,7.07474623,6.47525387
kitti,000011,ty_m,-0.05000000,5,Pedestrian,17.91347258,15.95000000,0,0.00000000,81,80,98.76543210,2.26401785
kitti,000011,ty_m,-0.02000000,0,Pedestrian,13.48721246,12.42000000,1,0.00000000,151,150,99.33774834,1.16756673
kitti,000011,ty_m,-0.02000000,1,Pedestrian,14.55992102,13.43000000,2,0.00000000,35,35,100.00000000,1.08544349
kitti,000011,ty_m,-0.02000000,2,Car,27.15770609,26.64000000,0,0.00000000,208,208,100.00000000,0.57173582
kitti,000011,ty_m,-0.02000000,3,Pedestrian,34.18700484,34.08000000,0,0.00000000,40,39,97.50000000,0.42416859
kitti,000011,ty_m,-0.02000000,4,Car,6.83328618,4.13000000,0,0.98000000,3251,216,6.64410950,2.59009981
kitti,000011,ty_m,-0.02000000,5,Pedestrian,17.91347258,15.95000000,0,0.00000000,81,81,100.00000000,0.90560693
kitti,000011,ty_m,0.00000000,0,Pedestrian,13.48721246,12.42000000,1,0.00000000,151,150,99.33774834,0.00000000
kitti,000011,ty_m,0.00000000,1,Pedestrian,14.55992102,13.43000000,2,0.00000000,35,35,100.00000000,0.00000000
kitti,000011,ty_m,0.00000000,2,Car,27.15770609,26.64000000,0,0.00000000,208,208,100.00000000,0.00000000
kitti,000011,ty_m,0.00000000,3,Pedestrian,34.18700484,34.08000000,0,0.00000000,40,40,100.00000000,0.00000000
kitti,000011,ty_m,0.00000000,4,Car,6.83328618,4.13000000,0,0.98000000,3251,207,6.36727161,0.00000000
kitti,000011,ty_m,0.00000000,5,Pedestrian,17.91347258,15.95000000,0,0.00000000,81,81,100.00000000,0.00000000
kitti,000011,ty_m,0.02000000,0,Pedestrian,13.48721246,12.42000000,1,0.00000000,151,151,100.00000000,1.16756626
kitti,000011,ty_m,0.02000000,1,Pedestrian,14.55992102,13.43000000,2,0.00000000,35,35,100.00000000,1.08544308
kitti,000011,ty_m,0.02000000,2,Car,27.15770609,26.64000000,0,0.00000000,208,208,100.00000000,0.57173571
kitti,000011,ty_m,0.02000000,3,Pedestrian,34.18700484,34.08000000,0,0.00000000,40,38,95.00000000,0.42416853
kitti,000011,ty_m,0.02000000,4,Car,6.83328618,4.13000000,0,0.98000000,3251,201,6.18271301,2.58470836
kitti,000011,ty_m,0.02000000,5,Pedestrian,17.91347258,15.95000000,0,0.00000000,81,81,100.00000000,0.90560665
kitti,000011,ty_m,0.05000000,0,Pedestrian,13.48721246,12.42000000,1,0.00000000,151,149,98.67549669,2.91891478
kitti,000011,ty_m,0.05000000,1,Pedestrian,14.55992102,13.43000000,2,0.00000000,35,35,100.00000000,2.71360694
kitti,000011,ty_m,0.05000000,2,Car,27.15770609,26.64000000,0,0.00000000,208,208,100.00000000,1.42933906
kitti,000011,ty_m,0.05000000,3,Pedestrian,34.18700484,34.08000000,0,0.00000000,40,38,95.00000000,1.06042121
kitti,000011,ty_m,0.05000000,4,Car,6.83328618,4.13000000,0,0.98000000,3251,188,5.78283605,6.42950328
kitti,000011,ty_m,0.05000000,5,Pedestrian,17.91347258,15.95000000,0,0.00000000,81,81,100.00000000,2.26401608
kitti,000011,ty_m,0.10000000,0,Pedestrian,13.48721246,12.42000000,1,0.00000000,151,145,96.02649007,5.83782662
kitti,000011,ty_m,0.10000000,1,Pedestrian,14.55992102,13.43000000,2,0.00000000,35,35,100.00000000,5.42721134
kitti,000011,ty_m,0.10000000,2,Car,27.15770609,26.64000000,0,0.00000000,208,208,100.00000000,2.85867742
kitti,000011,ty_m,0.10000000,3,Pedestrian,34.18700484,34.08000000,0,0.00000000,40,35,87.50000000,2.12084203
kitti,000011,ty_m,0.10000000,4,Car,6.83328618,4.13000000,0,0.98000000,3251,168,5.16764073,12.76349772
kitti,000011,ty_m,0.10000000,5,Pedestrian,17.91347258,15.95000000,0,0.00000000,81,78,96.29629630,4.52803040
kitti,000012,yaw_deg,-3.00000000,0,Car,59.13815773,58.84000000,0,0.00000000,13,0,0.00000000,38.54937497
kitti,000012,yaw_deg,-3.00000000,1,Van,66.37461036,65.02000000,0,0.00000000,39,0,0.00000000,39.09505944
kitti,000012,yaw_deg,-2.00000000,0,Car,59.13815773,58.84000000,0,0.00000000,13,0,0.00000000,25.64292462
kitti,000012,yaw_deg,-2.00000000,1,Van,66.37461036,65.02000000,0,0.00000000,39,5,12.82051282,26.14085392
kitti,000012,yaw_deg,-1.00000000,0,Car,59.13815773,58.84000000,0,0.00000000,13,4,30.76923077,12.79588066
kitti,000012,yaw_deg,-1.00000000,1,Van,66.37461036,65.02000000,0,0.00000000,39,24,61.53846154,13.11207166
kitti,000012,yaw_deg,-0.50000000,0,Car,59.13815773,58.84000000,0,0.00000000,13,10,76.92307692,6.39205487
kitti,000012,yaw_deg,-0.50000000,1,Van,66.37461036,65.02000000,0,0.00000000,39,36,92.30769231,6.56699964
kitti,000012,yaw_deg,0.00000000,0,Car,59.13815773,58.84000000,0,0.00000000,13,13,100.00000000,0.00000000
kitti,000012,yaw_deg,0.00000000,1,Van,66.37461036,65.02000000,0,0.00000000,39,39,100.00000000,0.00000000
kitti,000012,yaw_deg,0.50000000,0,Car,59.13815773,58.84000000,0,0.00000000,13,13,100.00000000,6.38129454
kitti,000012,yaw_deg,0.50000000,1,Van,66.37461036,65.02000000,0,0.00000000,39,35,89.74358974,6.59005007
kitti,000012,yaw_deg,1.00000000,0,Car,59.13815773,58.84000000,0,0.00000000,13,11,84.61538462,12.75283266
kitti,000012,yaw_deg,1.00000000,1,Van,66.37461036,65.02000000,0,0.00000000,39,23,58.97435897,13.20428838
kitti,000012,yaw_deg,2.00000000,0,Car,59.13815773,58.84000000,0,0.00000000,13,1,7.69230769,25.47062573
kitti,000012,yaw_deg,2.00000000,1,Van,66.37461036,65.02000000,0,0.00000000,39,4,10.25641026,26.50996085
kitti,000012,yaw_deg,3.00000000,0,Car,59.13815773,58.84000000,0,0.00000000,13,0,0.00000000,38.16130103
kitti,000012,yaw_deg,3.00000000,1,Van,66.37461036,65.02000000,0,0.00000000,39,0,0.00000000,39.92645148
kitti,000012,pitch_deg,0.00000000,0,Car,59.13815773,58.84000000,0,0.00000000,13,13,100.00000000,0.00000000
kitti,000012,pitch_deg,0.00000000,1,Van,66.37461036,65.02000000,0,0.00000000,39,39,100.00000000,0.00000000
kitti,000012,pitch_deg,0.50000000,0,Car,59.13815773,58.84000000,0,0.00000000,13,9,69.23076923,6.33504357
kitti,000012,pitch_deg,0.50000000,1,Van,66.37461036,65.02000000,0,0.00000000,39,39,100.00000000,6.33036736
kitti,000012,pitch_deg,1.00000000,0,Car,59.13815773,58.84000000,0,0.00000000,13,1,7.69230769,12.67469934
kitti,000012,pitch_deg,1.00000000,1,Van,66.37461036,65.02000000,0,0.00000000,39,18,46.15384615,12.66488780
kitti,000012,pitch_deg,2.00000000,0,Car,59.13815773,58.84000000,0,0.00000000,13,0,0.00000000,25.37178111
kitti,000012,pitch_deg,2.00000000,1,Van,66.37461036,65.02000000,0,0.00000000,39,11,28.20512821,25.35034927
kitti,000012,pitch_deg,3.00000000,0,Car,59.13815773,58.84000000,0,0.00000000,13,0,0.00000000,38.09913952
kitti,000012,pitch_deg,3.00000000,1,Van,66.37461036,65.02000000,0,0.00000000,39,0,0.00000000,38.06434266
kitti,000012,roll_deg,0.00000000,0,Car,59.13815773,58.84000000,0,0.00000000,13,13,100.00000000,0.00000000
kitti,000012,roll_deg,0.00000000,1,Van,66.37461036,65.02000000,0,0.00000000,39,39,100.00000000,0.00000000
kitti,000012,roll_deg,1.00000000,0,Car,59.13815773,58.84000000,0,0.00000000,13,13,100.00000000,1.24613356
kitti,000012,roll_deg,1.00000000,1,Van,66.37461036,65.02000000,0,0.00000000,39,39,100.00000000,2.54654516
kitti,000012,roll_deg,2.00000000,0,Car,59.13815773,58.84000000,0,0.00000000,13,13,100.00000000,2.49219276
kitti,000012,roll_deg,2.00000000,1,Van,66.37461036,65.02000000,0,0.00000000,39,28,71.79487179,5.09280268
kitti,000012,roll_deg,3.00000000,0,Car,59.13815773,58.84000000,0,0.00000000,13,13,100.00000000,3.73808247
kitti,000012,roll_deg,3.00000000,1,Van,66.37461036,65.02000000,0,0.00000000,39,28,71.79487179,7.63857843
kitti,000012,ty_m,-0.10000000,0,Car,59.13815773,58.84000000,0,0.00000000,13,13,100.00000000,1.26191623
kitti,000012,ty_m,-0.10000000,1,Van,66.37461036,65.02000000,0,0.00000000,39,39,100.00000000,1.15011367
kitti,000012,ty_m,-0.05000000,0,Car,59.13815773,58.84000000,0,0.00000000,13,13,100.00000000,0.63095805
kitti,000012,ty_m,-0.05000000,1,Van,66.37461036,65.02000000,0,0.00000000,39,39,100.00000000,0.57505678
kitti,000012,ty_m,-0.02000000,0,Car,59.13815773,58.84000000,0,0.00000000,13,13,100.00000000,0.25238320
kitti,000012,ty_m,-0.02000000,1,Van,66.37461036,65.02000000,0,0.00000000,39,39,100.00000000,0.23002270
kitti,000012,ty_m,0.00000000,0,Car,59.13815773,58.84000000,0,0.00000000,13,13,100.00000000,0.00000000
kitti,000012,ty_m,0.00000000,1,Van,66.37461036,65.02000000,0,0.00000000,39,39,100.00000000,0.00000000
kitti,000012,ty_m,0.02000000,0,Car,59.13815773,58.84000000,0,0.00000000,13,13,100.00000000,0.25238318
kitti,000012,ty_m,0.02000000,1,Van,66.37461036,65.02000000,0,0.00000000,39,39,100.00000000,0.23002268
kitti,000012,ty_m,0.05000000,0,Car,59.13815773,58.84000000,0,0.00000000,13,13,100.00000000,0.63095791
kitti,000012,ty_m,0.05000000,1,Van,66.37461036,65.02000000,0,0.00000000,39,39,100.00000000,0.57505666
kitti,000012,ty_m,0.10000000,0,Car,59.13815773,58.84000000,0,0.00000000,13,13,100.00000000,1.26191568
kitti,000012,ty_m,0.10000000,1,Van,66.37461036,65.02000000,0,0.00000000,39,39,100.00000000,1.15011321
kitti,000015,yaw_deg,-3.00000000,0,Car,5.22135040,4.10000000,0,0.89000000,5857,1642,28.03483012,48.07876414
kitti,000015,yaw_deg,-3.00000000,1,Pedestrian,9.05204397,7.59000000,1,0.00000000,386,174,45.07772021,55.26360183
kitti,000015,yaw_deg,-3.00000000,2,Pedestrian,24.30595195,24.14000000,0,0.00000000,55,0,0.00000000,38.69373485
kitti,000015,yaw_deg,-3.00000000,3,Pedestrian,24.48383957,24.22000000,0,0.00000000,70,0,0.00000000,39.01972777
kitti,000015,yaw_deg,-3.00000000,4,Pedestrian,23.40819728,23.30000000,0,0.00000000,66,0,0.00000000,38.13242436
kitti,000015,yaw_deg,-2.00000000,0,Car,5.22135040,4.10000000,0,0.89000000,5857,1693,28.90558306,32.31703262
kitti,000015,yaw_deg,-2.00000000,1,Pedestrian,9.05204397,7.59000000,1,0.00000000,386,323,83.67875648,36.40976225
kitti,000015,yaw_deg,-2.00000000,2,Pedestrian,24.30595195,24.14000000,0,0.00000000,55,0,0.00000000,25.73446922
kitti,000015,yaw_deg,-2.00000000,3,Pedestrian,24.48383957,24.22000000,0,0.00000000,70,0,0.00000000,25.93764959
kitti,000015,yaw_deg,-2.00000000,4,Pedestrian,23.40819728,23.30000000,0,0.00000000,66,0,0.00000000,25.44204841
kitti,000015,yaw_deg,-1.00000000,0,Car,5.22135040,4.10000000,0,0.89000000,5857,1688,28.82021513,16.29654147
kitti,000015,yaw_deg,-1.00000000,1,Pedestrian,9.05204397,7.59000000,1,0.00000000,386,364,94.30051813,17.99739103
kitti,000015,yaw_deg,-1.00000000,2,Pedestrian,24.30595195,24.14000000,0,0.00000000,55,27,49.09090909,12.83935762
kitti,000015,yaw_deg,-1.00000000,3,Pedestrian,24.48383957,24.22000000,0,0.00000000,70,40,57.14285714,12.93399496
kitti,000015,yaw_deg,-1.00000000,4,Pedestrian,23.40819728,23.30000000,0,0.00000000,66,36,54.54545455,12.73380659
kitti,000015,yaw_deg,-0.50000000,0,Car,5.22135040,4.10000000,0,0.89000000,5857,1660,28.34215469,8.18389440
kitti,000015,yaw_deg,-0.50000000,1,Pedestrian,9.05204397,7.59000000,1,0.00000000,386,369,95.59585492,8.94841104
kitti,000015,yaw_deg,-0.50000000,2,Pedestrian,24.30595195,24.14000000,0,0.00000000,55,53,96.36363636,6.41322882
kitti,000015,yaw_deg,-0.50000000,3,Pedestrian,24.48383957,24.22000000,0,0.00000000,70,64,91.42857143,6.45883797
kitti,000015,yaw_deg,-0.50000000,4,Pedestrian,23.40819728,23.30000000,0,0.00000000,66,61,92.42424242,6.37056650
kitti,000015,yaw_deg,0.00000000,0,Car,5.22135040,4.10000000,0,0.89000000,5857,1637,27.94946218,0.00000000
kitti,000015,yaw_deg,0.00000000,1,Pedestrian,9.05204397,7.59000000,1,0.00000000,386,371,96.11398964,0.00000000
kitti,000015,yaw_deg,0.00000000,2,Pedestrian,24.30595195,24.14000000,0,0.00000000,55,49,89.09090909,0.00000000
kitti,000015,yaw_deg,0.00000000,3,Pedestrian,24.48383957,24.22000000,0,0.00000000,70,59,84.28571429,0.00000000
kitti,000015,yaw_deg,0.00000000,4,Pedestrian,23.40819728,23.30000000,0,0.00000000,66,66,100.00000000,0.00000000
kitti,000015,yaw_deg,0.50000000,0,Car,5.22135040,4.10000000,0,0.89000000,5857,1612,27.52262250,8.24651090
kitti,000015,yaw_deg,0.50000000,1,Pedestrian,9.05204397,7.59000000,1,0.00000000,386,330,85.49222798,8.85089167
kitti,000015,yaw_deg,0.50000000,2,Pedestrian,24.30595195,24.14000000,0,0.00000000,55,19,34.54545455,6.40135707
kitti,000015,yaw_deg,0.50000000,3,Pedestrian,24.48383957,24.22000000,0,0.00000000,70,31,44.28571429,6.44357609
kitti,000015,yaw_deg,0.50000000,4,Pedestrian,23.40819728,23.30000000,0,0.00000000,66,50,75.75757576,6.37889446
kitti,000015,yaw_deg,1.00000000,0,Car,5.22135040,4.10000000,0,0.89000000,5857,1589,27.12993000,16.52311591
kitti,000015,yaw_deg,1.00000000,1,Pedestrian,9.05204397,7.59000000,1,0.00000000,386,269,69.68911917,17.60721769
kitti,000015,yaw_deg,1.00000000,2,Pedestrian,24.30595195,24.14000000,0,0.00000000,55,0,0.00000000,12.79186319
kitti,000015,yaw_deg,1.00000000,3,Pedestrian,24.48383957,24.22000000,0,0.00000000,70,6,8.57142857,12.87293775
kitti,000015,yaw_deg,1.00000000,4,Pedestrian,23.40819728,23.30000000,0,0.00000000,66,17,25.75757576,12.76712366
kitti,000015,yaw_deg,2.00000000,0,Car,5.22135040,4.10000000,0,0.89000000,5857,1547,26.41283934,33.22751482
kitti,000015,yaw_deg,2.00000000,1,Pedestrian,9.05204397,7.59000000,1,0.00000000,386,126,32.64248705,34.84753356
kitti,000015,yaw_deg,2.00000000,2,Pedestrian,24.30595195,24.14000000,0,0.00000000,55,0,0.00000000,25.54437257
kitti,000015,yaw_deg,2.00000000,3,Pedestrian,24.48383957,24.22000000,0,0.00000000,70,0,0.00000000,25.69316355
kitti,000015,yaw_deg,2.00000000,4,Pedestrian,23.40819728,23.30000000,0,0.00000000,66,0,0.00000000,25.57564333
kitti,000015,yaw_deg,3.00000000,0,Car,5.22135040,4.10000000,0,0.89000000,5857,1512,25.81526379,50.12995869
kitti,000015,yaw_deg,3.00000000,1,Pedestrian,9.05204397,7.59000000,1,0.00000000,386,26,6.73575130,51.74281553
kitti,000015,yaw_deg,3.00000000,2,Pedestrian,24.30595195,24.14000000,0,0.00000000,55,0,0.00000000,38.26557078
kitti,000015,yaw_deg,3.00000000,3,Pedestrian,24.48383957,24.22000000,0,0.00000000,70,0,0.00000000,38.46889014
kitti,000015,yaw_deg,3.00000000,4,Pedestrian,23.40819728,23.30000000,0,0.00000000,66,0,0.00000000,38.43374223
kitti,000015,pitch_deg,0.00000000,0,Car,5.22135040,4.10000000,0,0.89000000,5857,1637,27.94946218,0.00000000
kitti,000015,pitch_deg,0.00000000,1,Pedestrian,9.05204397,7.59000000,1,0.00000000,386,371,96.11398964,0.00000000
kitti,000015,pitch_deg,0.00000000,2,Pedestrian,24.30595195,24.14000000,0,0.00000000,55,49,89.09090909,0.00000000
kitti,000015,pitch_deg,0.00000000,3,Pedestrian,24.48383957,24.22000000,0,0.00000000,70,59,84.28571429,0.00000000
kitti,000015,pitch_deg,0.00000000,4,Pedestrian,23.40819728,23.30000000,0,0.00000000,66,66,100.00000000,0.00000000
kitti,000015,pitch_deg,0.50000000,0,Car,5.22135040,4.10000000,0,0.89000000,5857,1536,26.22502988,6.86390942
kitti,000015,pitch_deg,0.50000000,1,Pedestrian,9.05204397,7.59000000,1,0.00000000,386,372,96.37305699,6.56408509
kitti,000015,pitch_deg,0.50000000,2,Pedestrian,24.30595195,24.14000000,0,0.00000000,55,45,81.81818182,6.34633503
kitti,000015,pitch_deg,0.50000000,3,Pedestrian,24.48383957,24.22000000,0,0.00000000,70,58,82.85714286,6.34607006
kitti,000015,pitch_deg,0.50000000,4,Pedestrian,23.40819728,23.30000000,0,0.00000000,66,63,95.45454545,6.34121764
kitti,000015,pitch_deg,1.00000000,0,Car,5.22135040,4.10000000,0,0.89000000,5857,1428,24.38108247,13.71510424
kitti,000015,pitch_deg,1.00000000,1,Pedestrian,9.05204397,7.59000000,1,0.00000000,386,361,93.52331606,13.14095153
kitti,000015,pitch_deg,1.00000000,2,Pedestrian,24.30595195,24.14000000,0,0.00000000,55,39,70.90909091,12.69663759
kitti,000015,pitch_deg,1.00000000,3,Pedestrian,24.48383957,24.22000000,0,0.00000000,70,48,68.57142857,12.69612247
kitti,000015,pitch_deg,1.00000000,4,Pedestrian,23.40819728,23.30000000,0,0.00000000,66,56,84.84848485,12.68557718
kitti,000015,pitch_deg,2.00000000,0,Car,5.22135040,4.10000000,0,0.89000000,5857,1225,20.91514427,27.36421236
kitti,000015,pitch_deg,2.00000000,1,Pedestrian,9.05204397,7.59000000,1,0.00000000,386,335,86.78756477,26.33745208
kitti,000015,pitch_deg,2.00000000,2,Pedestrian,24.30595195,24.14000000,0,0.00000000,55,28,50.90909091,25.41312099
kitti,000015,pitch_deg,2.00000000,3,Pedestrian,24.48383957,24.22000000,0,0.00000000,70,31,44.28571429,25.41215235
kitti,000015,pitch_deg,2.00000000,4,Pedestrian,23.40819728,23.30000000,0,0.00000000,66,37,56.06060606,25.38767488
kitti,000015,pitch_deg,3.00000000,0,Car,5.22135040,4.10000000,0,0.89000000,5857,1024,17.48335325,40.91829329
kitti,000015,pitch_deg,3.00000000,1,Pedestrian,9.05204397,7.59000000,1,0.00000000,386,316,81.86528497,39.59925392
kitti,000015,pitch_deg,3.00000000,2,Pedestrian,24.30595195,24.14000000,0,0.00000000,55,11,20.00000000,38.15743645
kitti,000015,pitch_deg,3.00000000,3,Pedestrian,24.48383957,24.22000000,0,0.00000000,70,14,20.00000000,38.15608073
kitti,000015,pitch_deg,3.00000000,4,Pedestrian,23.40819728,23.30000000,0,0.00000000,66,12,18.18181818,38.11422865
kitti,000015,roll_deg,0.00000000,0,Car,5.22135040,4.10000000,0,0.89000000,5857,1637,27.94946218,0.00000000
kitti,000015,roll_deg,0.00000000,1,Pedestrian,9.05204397,7.59000000,1,0.00000000,386,371,96.11398964,0.00000000
kitti,000015,roll_deg,0.00000000,2,Pedestrian,24.30595195,24.14000000,0,0.00000000,55,49,89.09090909,0.00000000
kitti,000015,roll_deg,0.00000000,3,Pedestrian,24.48383957,24.22000000,0,0.00000000,70,59,84.28571429,0.00000000
kitti,000015,roll_deg,0.00000000,4,Pedestrian,23.40819728,23.30000000,0,0.00000000,66,66,100.00000000,0.00000000
kitti,000015,roll_deg,1.00000000,0,Car,5.22135040,4.10000000,0,0.89000000,5857,1730,29.53730579,6.77766230
kitti,000015,roll_deg,1.00000000,1,Pedestrian,9.05204397,7.59000000,1,0.00000000,386,369,95.59585492,7.75340527
kitti,000015,roll_deg,1.00000000,2,Pedestrian,24.30595195,24.14000000,0,0.00000000,55,49,89.09090909,1.31853477
kitti,000015,roll_deg,1.00000000,3,Pedestrian,24.48383957,24.22000000,0,0.00000000,70,59,84.28571429,1.67478151
kitti,000015,roll_deg,1.00000000,4,Pedestrian,23.40819728,23.30000000,0,0.00000000,66,66,100.00000000,1.08609220
kitti,000015,roll_deg,2.00000000,0,Car,5.22135040,4.10000000,0,0.89000000,5857,1825,31.15929657,13.54405707
kitti,000015,roll_deg,2.00000000,1,Pedestrian,9.05204397,7.59000000,1,0.00000000,386,348,90.15544041,15.50595203
kitti,000015,roll_deg,2.00000000,2,Pedestrian,24.30595195,24.14000000,0,0.00000000,55,47,85.45454545,2.63696111
kitti,000015,roll_deg,2.00000000,3,Pedestrian,24.48383957,24.22000000,0,0.00000000,70,56,80.00000000,3.34942050
kitti,000015,roll_deg,2.00000000,4,Pedestrian,23.40819728,23.30000000,0,0.00000000,66,66,100.00000000,2.17210469
kitti,000015,roll_deg,3.00000000,0,Car,5.22135040,4.10000000,0,0.89000000,5857,1838,31.38125320,20.31492982
kitti,000015,roll_deg,3.00000000,1,Pedestrian,9.05204397,7.59000000,1,0.00000000,386,331,85.75129534,23.25703992
kitti,000015,roll_deg,3.00000000,2,Pedestrian,24.30595195,24.14000000,0,0.00000000,55,41,74.54545455,3.95517833
kitti,000015,roll_deg,3.00000000,3,Pedestrian,24.48383957,24.22000000,0,0.00000000,70,55,78.57142857,5.02378905
kitti,000015,roll_deg,3.00000000,4,Pedestrian,23.40819728,23.30000000,0,0.00000000,66,66,100.00000000,3.25795501
kitti,000015,ty_m,-0.10000000,0,Car,5.22135040,4.10000000,0,0.89000000,5857,1661,28.35922827,16.61236327
kitti,000015,ty_m,-0.10000000,1,Pedestrian,9.05204397,7.59000000,1,0.00000000,386,369,95.59585492,9.55905143
kitti,000015,ty_m,-0.10000000,2,Pedestrian,24.30595195,24.14000000,0,0.00000000,55,54,98.18181818,2.97469283
kitti,000015,ty_m,-0.10000000,3,Pedestrian,24.48383957,24.22000000,0,0.00000000,70,68,97.14285714,2.97133687
kitti,000015,ty_m,-0.10000000,4,Pedestrian,23.40819728,23.30000000,0,0.00000000,66,66,100.00000000,3.08279831
kitti,000015,ty_m,-0.05000000,0,Car,5.22135040,4.10000000,0,0.89000000,5857,1650,28.17141882,8.30571131
kitti,000015,ty_m,-0.05000000,1,Pedestrian,9.05204397,7.59000000,1,0.00000000,386,373,96.63212435,4.77937086
kitti,000015,ty_m,-0.05000000,2,Pedestrian,24.30595195,24.14000000,0,0.00000000,55,51,92.72727273,1.48733138
kitti,000015,ty_m,-0.05000000,3,Pedestrian,24.48383957,24.22000000,0,0.00000000,70,63,90.00000000,1.48565344
kitti,000015,ty_m,-0.05000000,4,Pedestrian,23.40819728,23.30000000,0,0.00000000,66,66,100.00000000,1.54138299
kitti,000015,ty_m,-0.02000000,0,Car,5.22135040,4.10000000,0,0.89000000,5857,1641,28.01775653,3.32217165
kitti,000015,ty_m,-0.02000000,1,Pedestrian,9.05204397,7.59000000,1,0.00000000,386,373,96.63212435,1.91171118
kitti,000015,ty_m,-0.02000000,2,Pedestrian,24.30595195,24.14000000,0,0.00000000,55,50,90.90909091,0.59492894
kitti,000015,ty_m,-0.02000000,3,Pedestrian,24.48383957,24.22000000,0,0.00000000,70,62,88.57142857,0.59425777
kitti,000015,ty_m,-0.02000000,4,Pedestrian,23.40819728,23.30000000,0,0.00000000,66,66,100.00000000,0.61654932
kitti,000015,ty_m,0.00000000,0,Car,5.22135040,4.10000000,0,0.89000000,5857,1637,27.94946218,0.00000000
kitti,000015,ty_m,0.00000000,1,Pedestrian,9.05204397,7.59000000,1,0.00000000,386,371,96.11398964,0.00000000
kitti,000015,ty_m,0.00000000,2,Pedestrian,24.30595195,24.14000000,0,0.00000000,55,49,89.09090909,0.00000000
kitti,000015,ty_m,0.00000000,3,Pedestrian,24.48383957,24.22000000,0,0.00000000,70,59,84.28571429,0.00000000
kitti,000015,ty_m,0.00000000,4,Pedestrian,23.40819728,23.30000000,0,0.00000000,66,66,100.00000000,0.00000000
kitti,000015,ty_m,0.02000000,0,Car,5.22135040,4.10000000,0,0.89000000,5857,1631,27.84702066,3.32042548
kitti,000015,ty_m,0.02000000,1,Pedestrian,9.05204397,7.59000000,1,0.00000000,386,368,95.33678756,1.91166163
kitti,000015,ty_m,0.02000000,2,Pedestrian,24.30595195,24.14000000,0,0.00000000,55,48,87.27272727,0.59492413
kitti,000015,ty_m,0.02000000,3,Pedestrian,24.48383957,24.22000000,0,0.00000000,70,58,82.85714286,0.59425297
kitti,000015,ty_m,0.02000000,4,Pedestrian,23.40819728,23.30000000,0,0.00000000,66,66,100.00000000,0.61654415
kitti,000015,ty_m,0.05000000,0,Car,5.22135040,4.10000000,0,0.89000000,5857,1627,27.77872631,8.29209546
kitti,000015,ty_m,0.05000000,1,Pedestrian,9.05204397,7.59000000,1,0.00000000,386,356,92.22797927,4.77906118
kitti,000015,ty_m,0.05000000,2,Pedestrian,24.30595195,24.14000000,0,0.00000000,55,45,81.81818182,1.48730131
kitti,000015,ty_m,0.05000000,3,Pedestrian,24.48383957,24.22000000,0,0.00000000,70,54,77.14285714,1.48562344
kitti,000015,ty_m,0.05000000,4,Pedestrian,23.40819728,23.30000000,0,0.00000000,66,63,95.45454545,1.54135067
kitti,000015,ty_m,0.10000000,0,Car,5.22135040,4.10000000,0,0.89000000,5857,1618,27.62506403,16.56737832
kitti,000015,ty_m,0.10000000,1,Pedestrian,9.05204397,7.59000000,1,0.00000000,386,324,83.93782383,9.55781270
kitti,000015,ty_m,0.10000000,2,Pedestrian,24.30595195,24.14000000,0,0.00000000,55,38,69.09090909,2.97457255
kitti,000015,ty_m,0.10000000,3,Pedestrian,24.48383957,24.22000000,0,0.00000000,70,48,68.57142857,2.97121688
kitti,000015,ty_m,0.10000000,4,Pedestrian,23.40819728,23.30000000,0,0.00000000,66,61,92.42424242,3.08266902
kitti,000016,yaw_deg,-3.00000000,0,Car,44.63110799,44.41000000,2,0.00000000,24,0,0.00000000,38.52111388
kitti,000016,yaw_deg,-3.00000000,1,Truck,28.13689571,26.41000000,2,0.00000000,1973,1793,90.87683730,43.95196084
kitti,000016,yaw_deg,-3.00000000,2,Car,33.47478753,33.13000000,0,0.00000000,51,12,23.52941176,39.10865736
kitti,000016,yaw_deg,-3.00000000,3,Car,7.27050892,6.05000000,0,0.50000000,2051,1792,87.37201365,51.87592956
kitti,000016,yaw_deg,-3.00000000,4,Car,47.22157664,46.74000000,0,0.00000000,10,0,0.00000000,38.49443562
kitti,000016,yaw_deg,-2.00000000,0,Car,44.63110799,44.41000000,2,0.00000000,24,7,29.16666667,25.62847492
kitti,000016,yaw_deg,-2.00000000,1,Truck,28.13689571,26.41000000,2,0.00000000,1973,1874,94.98226052,29.49881301
kitti,000016,yaw_deg,-2.00000000,2,Car,33.47478753,33.13000000,0,0.00000000,51,26,50.98039216,25.99725979
kitti,000016,yaw_deg,-2.00000000,3,Car,7.27050892,6.05000000,0,0.50000000,2051,1837,89.56606533,34.93053022
kitti,000016,yaw_deg,-2.00000000,4,Car,47.22157664,46.74000000,0,0.00000000,10,2,20.00000000,25.71171189
kitti,000016,yaw_deg,-1.00000000,0,Car,44.63110799,44.41000000,2,0.00000000,24,19,79.16666667,12.79083699
kitti,000016,yaw_deg,-1.00000000,1,Truck,28.13689571,26.41000000,2,0.00000000,1973,1948,98.73289407,14.85254903
kitti,000016,yaw_deg,-1.00000000,2,Car,33.47478753,33.13000000,0,0.00000000,51,49,96.07843137,12.96392990
kitti,000016,yaw_deg,-1.00000000,3,Car,7.27050892,6.05000000,0,0.50000000,2051,1831,89.27352511,17.64583339
kitti,000016,yaw_deg,-1.00000000,4,Car,47.22157664,46.74000000,0,0.00000000,10,7,70.00000000,12.88296214
kitti,000016,yaw_deg,-0.50000000,0,Car,44.63110799,44.41000000,2,0.00000000,24,24,100.00000000,6.39007608
kitti,000016,yaw_deg,-0.50000000,1,Truck,28.13689571,26.41000000,2,0.00000000,1973,1973,100.00000000,7.45290726
kitti,000016,yaw_deg,-0.50000000,2,Car,33.47478753,33.13000000,0,0.00000000,51,50,98.03921569,6.47382451
kitti,000016,yaw_deg,-0.50000000,3,Car,7.27050892,6.05000000,0,0.50000000,2051,1802,87.85958069,8.86947668
kitti,000016,yaw_deg,-0.50000000,4,Car,47.22157664,46.74000000,0,0.00000000,10,9,90.00000000,6.44877435
kitti,000016,yaw_deg,0.00000000,0,Car,44.63110799,44.41000000,2,0.00000000,24,24,100.00000000,0.00000000
kitti,000016,yaw_deg,0.00000000,1,Truck,28.13689571,26.41000000,2,0.00000000,1973,1973,100.00000000,0.00000000
kitti,000016,yaw_deg,0.00000000,2,Car,33.47478753,33.13000000,0,0.00000000,51,51,100.00000000,0.00000000
kitti,000016,yaw_deg,0.00000000,3,Car,7.27050892,6.05000000,0,0.50000000,2051,1761,85.86055583,0.00000000
kitti,000016,yaw_deg,0.00000000,4,Car,47.22157664,46.74000000,0,0.00000000,10,10,100.00000000,0.00000000
kitti,000016,yaw_deg,0.50000000,0,Car,44.63110799,44.41000000,2,0.00000000,24,18,75.00000000,6.38039821
kitti,000016,yaw_deg,0.50000000,1,Truck,28.13689571,26.41000000,2,0.00000000,1973,1964,99.54384187,7.50791807
kitti,000016,yaw_deg,0.50000000,2,Car,33.47478753,33.13000000,0,0.00000000,51,46,90.19607843,6.45859968
kitti,000016,yaw_deg,0.50000000,3,Car,7.27050892,6.05000000,0,0.50000000,2051,1706,83.17893710,8.90115511
kitti,000016,yaw_deg,0.50000000,4,Car,47.22157664,46.74000000,0,0.00000000,10,8,80.00000000,6.46440568
kitti,000016,yaw_deg,1.00000000,0,Car,44.63110799,44.41000000,2,0.00000000,24,11,45.83333333,12.75211949
kitti,000016,yaw_deg,1.00000000,1,Truck,28.13689571,26.41000000,2,0.00000000,1973,1932,97.92194627,15.07263522
kitti,000016,yaw_deg,1.00000000,2,Car,33.47478753,33.13000000,0,0.00000000,51,38,74.50980392,12.90302097
kitti,000016,yaw_deg,1.00000000,3,Car,7.27050892,6.05000000,0,0.50000000,2051,1642,80.05850804,17.77268913
kitti,000016,yaw_deg,1.00000000,4,Car,47.22157664,46.74000000,0,0.00000000,10,7,70.00000000,12.94549737
kitti,000016,yaw_deg,2.00000000,0,Car,44.63110799,44.41000000,2,0.00000000,24,0,0.00000000,25.47350892
kitti,000016,yaw_deg,2.00000000,1,Truck,28.13689571,26.41000000,2,0.00000000,1973,1872,94.88089204,30.37984597
kitti,000016,yaw_deg,2.00000000,2,Car,33.47478753,33.13000000,0,0.00000000,51,22,43.13725490,25.75347024
kitti,000016,yaw_deg,2.00000000,3,Car,7.27050892,6.05000000,0,0.50000000,2051,1516,73.91516333,35.36845662
kitti,000016,yaw_deg,2.00000000,4,Car,47.22157664,46.74000000,0,0.00000000,10,1,10.00000000,25.96201120
kitti,000016,yaw_deg,3.00000000,0,Car,44.63110799,44.41000000,2,0.00000000,24,0,0.00000000,38.17207991
kitti,000016,yaw_deg,3.00000000,1,Truck,28.13689571,26.41000000,2,0.00000000,1973,1802,91.33299544,45.93687061
kitti,000016,yaw_deg,3.00000000,2,Car,33.47478753,33.13000000,0,0.00000000,51,1,1.96078431,38.55955314
kitti,000016,yaw_deg,3.00000000,3,Car,7.27050892,6.05000000,0,0.50000000,2051,1397,68.11311555,52.89741904
kitti,000016,yaw_deg,3.00000000,4,Car,47.22157664,46.74000000,0,0.00000000,10,0,0.00000000,39.05820400
kitti,000016,pitch_deg,0.00000000,0,Car,44.63110799,44.41000000,2,0.00000000,24,24,100.00000000,0.00000000
kitti,000016,pitch_deg,0.00000000,1,Truck,28.13689571,26.41000000,2,0.00000000,1973,1973,100.00000000,0.00000000
kitti,000016,pitch_deg,0.00000000,2,Car,33.47478753,33.13000000,0,0.00000000,51,51,100.00000000,0.00000000
kitti,000016,pitch_deg,0.00000000,3,Car,7.27050892,6.05000000,0,0.50000000,2051,1761,85.86055583,0.00000000
kitti,000016,pitch_deg,0.00000000,4,Car,47.22157664,46.74000000,0,0.00000000,10,10,100.00000000,0.00000000
kitti,000016,pitch_deg,0.50000000,0,Car,44.63110799,44.41000000,2,0.00000000,24,15,62.50000000,6.34263241
kitti,000016,pitch_deg,0.50000000,1,Truck,28.13689571,26.41000000,2,0.00000000,1973,1973,100.00000000,6.38077825
kitti,000016,pitch_deg,0.50000000,2,Car,33.47478753,33.13000000,0,0.00000000,51,42,82.35294118,6.35811698
kitti,000016,pitch_deg,0.50000000,3,Car,7.27050892,6.05000000,0,0.50000000,2051,1705,83.13018040,6.85007230
kitti,000016,pitch_deg,0.50000000,4,Car,47.22157664,46.74000000,0,0.00000000,10,4,40.00000000,6.34429687
kitti,000016,pitch_deg,1.00000000,0,Car,44.63110799,44.41000000,2,0.00000000,24,0,0.00000000,12.68913845
kitti,000016,pitch_deg,1.00000000,1,Truck,28.13689571,26.41000000,2,0.00000000,1973,1973,100.00000000,12.76353590
kitti,000016,pitch_deg,1.00000000,2,Car,33.47478753,33.13000000,0,0.00000000,51,38,74.50980392,12.72050891
kitti,000016,pitch_deg,1.00000000,3,Car,7.27050892,6.05000000,0,0.50000000,2051,1643,80.10726475,13.71134047
kitti,000016,pitch_deg,1.00000000,4,Car,47.22157664,46.74000000,0,0.00000000,10,0,0.00000000,12.69380623
kitti,000016,pitch_deg,2.00000000,0,Car,44.63110799,44.41000000,2,0.00000000,24,0,0.00000000,25.39770675
kitti,000016,pitch_deg,2.00000000,1,Truck,28.13689571,26.41000000,2,0.00000000,1973,1932,97.92194627,25.53714730
kitti,000016,pitch_deg,2.00000000,2,Car,33.47478753,33.13000000,0,0.00000000,51,4,7.84313725,25.46208882
kitti,000016,pitch_deg,2.00000000,3,Car,7.27050892,6.05000000,0,0.50000000,2051,1493,72.79375914,27.45036542
kitti,000016,pitch_deg,2.00000000,4,Car,47.22157664,46.74000000,0,0.00000000,10,0,0.00000000,25.41242188
kitti,000016,pitch_deg,3.00000000,0,Car,44.63110799,44.41000000,2,0.00000000,24,0,0.00000000,38.13360953
kitti,000016,pitch_deg,3.00000000,1,Truck,28.13689571,26.41000000,2,0.00000000,1973,1733,87.83578307,38.32706787
kitti,000016,pitch_deg,3.00000000,2,Car,33.47478753,33.13000000,0,0.00000000,51,0,0.00000000,38.23271878
kitti,000016,pitch_deg,3.00000000,3,Car,7.27050892,6.05000000,0,0.50000000,2051,1303,63.52998537,41.19373980
kitti,000016,pitch_deg,3.00000000,4,Car,47.22157664,46.74000000,0,0.00000000,10,0,0.00000000,38.16380803
kitti,000016,roll_deg,0.00000000,0,Car,44.63110799,44.41000000,2,0.00000000,24,24,100.00000000,0.00000000
kitti,000016,roll_deg,0.00000000,1,Truck,28.13689571,26.41000000,2,0.00000000,1973,1973,100.00000000,0.00000000
kitti,000016,roll_deg,0.00000000,2,Car,33.47478753,33.13000000,0,0.00000000,51,51,100.00000000,0.00000000
kitti,000016,roll_deg,0.00000000,3,Car,7.27050892,6.05000000,0,0.50000000,2051,1761,85.86055583,0.00000000
kitti,000016,roll_deg,0.00000000,4,Car,47.22157664,46.74000000,0,0.00000000,10,10,100.00000000,0.00000000
kitti,000016,roll_deg,1.00000000,0,Car,44.63110799,44.41000000,2,0.00000000,24,24,100.00000000,1.09291843
kitti,000016,roll_deg,1.00000000,1,Truck,28.13689571,26.41000000,2,0.00000000,1973,1973,100.00000000,5.30852016
kitti,000016,roll_deg,1.00000000,2,Car,33.47478753,33.13000000,0,0.00000000,51,51,100.00000000,1.68880641
kitti,000016,roll_deg,1.00000000,3,Car,7.27050892,6.05000000,0,0.50000000,2051,1802,87.85958069,7.97092786
kitti,000016,roll_deg,1.00000000,4,Car,47.22157664,46.74000000,0,0.00000000,10,10,100.00000000,1.77907541
kitti,000016,roll_deg,2.00000000,0,Car,44.63110799,44.41000000,2,0.00000000,24,24,100.00000000,2.18577012
kitti,000016,roll_deg,2.00000000,1,Truck,28.13689571,26.41000000,2,0.00000000,1973,1973,100.00000000,10.61622592
kitti,000016,roll_deg,2.00000000,2,Car,33.47478753,33.13000000,0,0.00000000,51,48,94.11764706,3.37752427
kitti,000016,roll_deg,2.00000000,3,Car,7.27050892,6.05000000,0,0.50000000,2051,1820,88.73720137,15.92668506
kitti,000016,roll_deg,2.00000000,4,Car,47.22157664,46.74000000,0,0.00000000,10,10,100.00000000,3.55796991
kitti,000016,roll_deg,3.00000000,0,Car,44.63110799,44.41000000,2,0.00000000,24,21,87.50000000,3.27847174
kitti,000016,roll_deg,3.00000000,1,Truck,28.13689571,26.41000000,2,0.00000000,1973,1973,100.00000000,15.92271279
kitti,000016,roll_deg,3.00000000,2,Car,33.47478753,33.13000000,0,0.00000000,51,42,82.35294118,5.06602478
kitti,000016,roll_deg,3.00000000,3,Car,7.27050892,6.05000000,0,0.50000000,2051,1760,85.81179912,23.83775791
kitti,000016,roll_deg,3.00000000,4,Car,47.22157664,46.74000000,0,0.00000000,10,10,100.00000000,5.33654785
kitti,000016,ty_m,-0.10000000,0,Car,44.63110799,44.41000000,2,0.00000000,24,24,100.00000000,1.70052549
kitti,000016,ty_m,-0.10000000,1,Truck,28.13689571,26.41000000,2,0.00000000,1973,1973,100.00000000,3.25582991
kitti,000016,ty_m,-0.10000000,2,Car,33.47478753,33.13000000,0,0.00000000,51,51,100.00000000,2.31217008
kitti,000016,ty_m,-0.10000000,3,Car,7.27050892,6.05000000,0,0.50000000,2051,1803,87.90833740,13.37691776
kitti,000016,ty_m,-0.10000000,4,Car,47.22157664,46.74000000,0,0.00000000,10,10,100.00000000,1.59549210
kitti,000016,ty_m,-0.05000000,0,Car,44.63110799,44.41000000,2,0.00000000,24,24,100.00000000,0.85026262
kitti,000016,ty_m,-0.05000000,1,Truck,28.13689571,26.41000000,2,0.00000000,1973,1973,100.00000000,1.62791450
kitti,000016,ty_m,-0.05000000,2,Car,33.47478753,33.13000000,0,0.00000000,51,51,100.00000000,1.15608481
kitti,000016,ty_m,-0.05000000,3,Car,7.27050892,6.05000000,0,0.50000000,2051,1783,86.93320332,6.68845117
kitti,000016,ty_m,-0.05000000,4,Car,47.22157664,46.74000000,0,0.00000000,10,10,100.00000000,0.79774594
kitti,000016,ty_m,-0.02000000,0,Car,44.63110799,44.41000000,2,0.00000000,24,24,100.00000000,0.34010502
kitti,000016,ty_m,-0.02000000,1,Truck,28.13689571,26.41000000,2,0.00000000,1973,1973,100.00000000,0.65116569
kitti,000016,ty_m,-0.02000000,2,Car,33.47478753,33.13000000,0,0.00000000,51,51,100.00000000,0.46243387
kitti,000016,ty_m,-0.02000000,3,Car,7.27050892,6.05000000,0,0.50000000,2051,1770,86.29936616,2.67537862
kitti,000016,ty_m,-0.02000000,4,Car,47.22157664,46.74000000,0,0.00000000,10,10,100.00000000,0.31909835
kitti,000016,ty_m,0.00000000,0,Car,44.63110799,44.41000000,2,0.00000000,24,24,100.00000000,0.00000000
kitti,000016,ty_m,0.00000000,1,Truck,28.13689571,26.41000000,2,0.00000000,1973,1973,100.00000000,0.00000000
kitti,000016,ty_m,0.00000000,2,Car,33.47478753,33.13000000,0,0.00000000,51,51,100.00000000,0.00000000
kitti,000016,ty_m,0.00000000,3,Car,7.27050892,6.05000000,0,0.50000000,2051,1761,85.86055583,0.00000000
kitti,000016,ty_m,0.00000000,4,Car,47.22157664,46.74000000,0,0.00000000,10,10,100.00000000,0.00000000
kitti,000016,ty_m,0.02000000,0,Car,44.63110799,44.41000000,2,0.00000000,24,24,100.00000000,0.34010498
kitti,000016,ty_m,0.02000000,1,Truck,28.13689571,26.41000000,2,0.00000000,1973,1973,100.00000000,0.65116554
kitti,000016,ty_m,0.02000000,2,Car,33.47478753,33.13000000,0,0.00000000,51,51,100.00000000,0.46243380
kitti,000016,ty_m,0.02000000,3,Car,7.27050892,6.05000000,0,0.50000000,2051,1750,85.32423208,2.67322634
kitti,000016,ty_m,0.02000000,4,Car,47.22157664,46.74000000,0,0.00000000,10,10,100.00000000,0.31909831
kitti,000016,ty_m,0.05000000,0,Car,44.63110799,44.41000000,2,0.00000000,24,24,100.00000000,0.85026237
kitti,000016,ty_m,0.05000000,1,Truck,28.13689571,26.41000000,2,0.00000000,1973,1973,100.00000000,1.62791359
kitti,000016,ty_m,0.05000000,2,Car,33.47478753,33.13000000,0,0.00000000,51,51,100.00000000,1.15608435
kitti,000016,ty_m,0.05000000,3,Car,7.27050892,6.05000000,0,0.50000000,2051,1726,84.15407118,6.66107856
kitti,000016,ty_m,0.05000000,4,Car,47.22157664,46.74000000,0,0.00000000,10,10,100.00000000,0.79774572
kitti,000016,ty_m,0.10000000,0,Car,44.63110799,44.41000000,2,0.00000000,24,24,100.00000000,1.70052449
kitti,000016,ty_m,0.10000000,1,Truck,28.13689571,26.41000000,2,0.00000000,1973,1973,100.00000000,3.25582626
kitti,000016,ty_m,0.10000000,2,Car,33.47478753,33.13000000,0,0.00000000,51,51,100.00000000,2.31216824
kitti,000016,ty_m,0.10000000,3,Car,7.27050892,6.05000000,0,0.50000000,2051,1685,82.15504632,13.25311010
kitti,000016,ty_m,0.10000000,4,Car,47.22157664,46.74000000,0,0.00000000,10,10,100.00000000,1.59549122
kitti,000019,yaw_deg,-3.00000000,0,Truck,6.55693526,5.46000000,1,0.74000000,7634,4843,63.43987425,49.13148358
kitti,000019,yaw_deg,-3.00000000,1,Car,10.25674900,9.72000000,0,0.00000000,1236,1043,84.38511327,43.63308635
kitti,000019,yaw_deg,-3.00000000,2,Van,35.47156044,35.34000000,0,0.00000000,106,7,6.60377358,38.45320158
kitti,000019,yaw_deg,-3.00000000,3,Car,59.76739077,59.59000000,0,0.00000000,19,0,0.00000000,38.03712215
kitti,000019,yaw_deg,-2.00000000,0,Truck,6.55693526,5.46000000,1,0.74000000,7634,4963,65.01178936,33.03750754
kitti,000019,yaw_deg,-2.00000000,1,Car,10.25674900,9.72000000,0,0.00000000,1236,1145,92.63754045,28.90763315
kitti,000019,yaw_deg,-2.00000000,2,Van,35.47156044,35.34000000,0,0.00000000,106,46,43.39622642,25.59098386
kitti,000019,yaw_deg,-2.00000000,3,Car,59.76739077,59.59000000,0,0.00000000,19,0,0.00000000,25.37506272
kitti,000019,yaw_deg,-1.00000000,0,Truck,6.55693526,5.46000000,1,0.74000000,7634,5015,65.69295258,16.66646049
kitti,000019,yaw_deg,-1.00000000,1,Car,10.25674900,9.72000000,0,0.00000000,1236,1226,99.19093851,14.36747033
kitti,000019,yaw_deg,-1.00000000,2,Van,35.47156044,35.34000000,0,0.00000000,106,78,73.58490566,12.77595765
kitti,000019,yaw_deg,-1.00000000,3,Car,59.76739077,59.59000000,0,0.00000000,19,11,57.89473684,12.69862926
kitti,000019,yaw_deg,-0.50000000,0,Truck,6.55693526,5.46000000,1,0.74000000,7634,4957,64.93319361,8.37134354
kitti,000019,yaw_deg,-0.50000000,1,Car,10.25674900,9.72000000,0,0.00000000,1236,1236,100.00000000,7.16297233
kitti,000019,yaw_deg,-0.50000000,2,Van,35.47156044,35.34000000,0,0.00000000,106,92,86.79245283,6.38359891
kitti,000019,yaw_deg,-0.50000000,3,Car,59.76739077,59.59000000,0,0.00000000,19,18,94.73684211,6.35257988
kitti,000019,yaw_deg,0.00000000,0,Truck,6.55693526,5.46000000,1,0.74000000,7634,4862,63.68876081,0.00000000
kitti,000019,yaw_deg,0.00000000,1,Car,10.25674900,9.72000000,0,0.00000000,1236,1236,100.00000000,0.00000000
kitti,000019,yaw_deg,0.00000000,2,Van,35.47156044,35.34000000,0,0.00000000,106,106,100.00000000,0.00000000
kitti,000019,yaw_deg,0.00000000,3,Car,59.76739077,59.59000000,0,0.00000000,19,19,100.00000000,0.00000000
kitti,000019,yaw_deg,0.50000000,0,Truck,6.55693526,5.46000000,1,0.74000000,7634,4765,62.41812942,8.39863470
kitti,000019,yaw_deg,0.50000000,1,Car,10.25674900,9.72000000,0,0.00000000,1236,1236,100.00000000,7.12293727
kitti,000019,yaw_deg,0.50000000,2,Van,35.47156044,35.34000000,0,0.00000000,106,99,93.39622642,6.37587948
kitti,000019,yaw_deg,0.50000000,3,Car,59.76739077,59.59000000,0,0.00000000,19,13,68.42105263,6.36009682
kitti,000019,yaw_deg,1.00000000,0,Truck,6.55693526,5.46000000,1,0.74000000,7634,4683,61.34398742,16.78583589
kitti,000019,yaw_deg,1.00000000,1,Car,10.25674900,9.72000000,0,0.00000000,1236,1226,99.19093851,14.20730113
kitti,000019,yaw_deg,1.00000000,2,Van,35.47156044,35.34000000,0,0.00000000,106,78,73.58490566,12.74504931
kitti,000019,yaw_deg,1.00000000,3,Car,59.76739077,59.59000000,0,0.00000000,19,6,31.57894737,12.72870170
kitti,000019,yaw_deg,2.00000000,0,Truck,6.55693526,5.46000000,1,0.74000000,7634,4487,58.77652607,33.49906710
kitti,000019,yaw_deg,2.00000000,1,Car,10.25674900,9.72000000,0,0.00000000,1236,1162,94.01294498,28.26601805
kitti,000019,yaw_deg,2.00000000,2,Van,35.47156044,35.34000000,0,0.00000000,106,42,39.62264151,25.46722258
kitti,000019,yaw_deg,2.00000000,3,Car,59.76739077,59.59000000,0,0.00000000,19,0,0.00000000,25.49542699
kitti,000019,yaw_deg,3.00000000,0,Truck,6.55693526,5.46000000,1,0.74000000,7634,4283,56.10427037,50.26185666
kitti,000019,yaw_deg,3.00000000,1,Car,10.25674900,9.72000000,0,0.00000000,1236,1098,88.83495146,42.18731228
kitti,000019,yaw_deg,3.00000000,2,Van,35.47156044,35.34000000,0,0.00000000,106,13,12.26415094,38.17442333
kitti,000019,yaw_deg,3.00000000,3,Car,59.76739077,59.59000000,0,0.00000000,19,0,0.00000000,38.30822159
kitti,000019,pitch_deg,0.00000000,0,Truck,6.55693526,5.46000000,1,0.74000000,7634,4862,63.68876081,0.00000000
kitti,000019,pitch_deg,0.00000000,1,Car,10.25674900,9.72000000,0,0.00000000,1236,1236,100.00000000,0.00000000
kitti,000019,pitch_deg,0.00000000,2,Van,35.47156044,35.34000000,0,0.00000000,106,106,100.00000000,0.00000000
kitti,000019,pitch_deg,0.00000000,3,Car,59.76739077,59.59000000,0,0.00000000,19,19,100.00000000,0.00000000
kitti,000019,pitch_deg,0.50000000,0,Truck,6.55693526,5.46000000,1,0.74000000,7634,4819,63.12549122,6.73120694
kitti,000019,pitch_deg,0.50000000,1,Car,10.25674900,9.72000000,0,0.00000000,1236,1223,98.94822006,6.59790757
kitti,000019,pitch_deg,0.50000000,2,Van,35.47156044,35.34000000,0,0.00000000,106,97,91.50943396,6.35775309
kitti,000019,pitch_deg,0.50000000,3,Car,59.76739077,59.59000000,0,0.00000000,19,15,78.94736842,6.33238741
kitti,000019,pitch_deg,1.00000000,0,Truck,6.55693526,5.46000000,1,0.74000000,7634,4752,62.24783862,13.46544394
kitti,000019,pitch_deg,1.00000000,1,Car,10.25674900,9.72000000,0,0.00000000,1236,1181,95.55016181,13.21105942
kitti,000019,pitch_deg,1.00000000,2,Van,35.47156044,35.34000000,0,0.00000000,106,65,61.32075472,12.72046771
kitti,000019,pitch_deg,1.00000000,3,Car,59.76739077,59.59000000,0,0.00000000,19,1,5.26315789,12.66879361
kitti,000019,pitch_deg,2.00000000,0,Truck,6.55693526,5.46000000,1,0.74000000,7634,4574,59.91616453,26.92522571
kitti,000019,pitch_deg,2.00000000,1,Car,10.25674900,9.72000000,0,0.00000000,1236,1060,85.76051780,26.48840326
kitti,000019,pitch_deg,2.00000000,2,Van,35.47156044,35.34000000,0,0.00000000,106,12,11.32075472,25.46474362
kitti,000019,pitch_deg,2.00000000,3,Car,59.76739077,59.59000000,0,0.00000000,19,0,0.00000000,25.35757845
kitti,000019,pitch_deg,3.00000000,0,Truck,6.55693526,5.46000000,1,0.74000000,7634,4395,57.57139114,40.38104640
kitti,000019,pitch_deg,3.00000000,1,Car,10.25674900,9.72000000,0,0.00000000,1236,970,78.47896440,39.84041977
kitti,000019,pitch_deg,3.00000000,2,Van,35.47156044,35.34000000,0,0.00000000,106,0,0.00000000,38.24079274
kitti,000019,pitch_deg,3.00000000,3,Car,59.76739077,59.59000000,0,0.00000000,19,0,0.00000000,38.07422135
kitti,000019,roll_deg,0.00000000,0,Truck,6.55693526,5.46000000,1,0.74000000,7634,4862,63.68876081,0.00000000
kitti,000019,roll_deg,0.00000000,1,Car,10.25674900,9.72000000,0,0.00000000,1236,1236,100.00000000,0.00000000
kitti,000019,roll_deg,0.00000000,2,Van,35.47156044,35.34000000,0,0.00000000,106,106,100.00000000,0.00000000
kitti,000019,roll_deg,0.00000000,3,Car,59.76739077,59.59000000,0,0.00000000,19,19,100.00000000,0.00000000
kitti,000019,roll_deg,1.00000000,0,Truck,6.55693526,5.46000000,1,0.74000000,7634,4901,64.19963322,6.88746688
kitti,000019,roll_deg,1.00000000,1,Car,10.25674900,9.72000000,0,0.00000000,1236,1230,99.51456311,4.24102266
kitti,000019,roll_deg,1.00000000,2,Van,35.47156044,35.34000000,0,0.00000000,106,106,100.00000000,0.94127963
kitti,000019,roll_deg,1.00000000,3,Car,59.76739077,59.59000000,0,0.00000000,19,19,100.00000000,0.89618930
kitti,000019,roll_deg,2.00000000,0,Truck,6.55693526,5.46000000,1,0.74000000,7634,4953,64.88079644,13.76966014
kitti,000019,roll_deg,2.00000000,1,Car,10.25674900,9.72000000,0,0.00000000,1236,1206,97.57281553,8.48194598
kitti,000019,roll_deg,2.00000000,2,Van,35.47156044,35.34000000,0,0.00000000,106,106,100.00000000,1.88249846
kitti,000019,roll_deg,2.00000000,3,Car,59.76739077,59.59000000,0,0.00000000,19,19,100.00000000,1.79229987
kitti,000019,roll_deg,3.00000000,0,Truck,6.55693526,5.46000000,1,0.74000000,7634,4997,65.45716531,20.64299967
kitti,000019,roll_deg,3.00000000,1,Car,10.25674900,9.72000000,0,0.00000000,1236,1175,95.06472492,12.72244371
kitti,000019,roll_deg,3.00000000,2,Van,35.47156044,35.34000000,0,0.00000000,106,102,96.22641509,2.82358466
kitti,000019,roll_deg,3.00000000,3,Car,59.76739077,59.59000000,0,0.00000000,19,19,100.00000000,2.68826336
kitti,000019,ty_m,-0.10000000,0,Truck,6.55693526,5.46000000,1,0.74000000,7634,5007,65.58815824,14.91226505
kitti,000019,ty_m,-0.10000000,1,Car,10.25674900,9.72000000,0,0.00000000,1236,1236,100.00000000,8.74238008
kitti,000019,ty_m,-0.10000000,2,Van,35.47156044,35.34000000,0,0.00000000,106,106,100.00000000,2.16355807
kitti,000019,ty_m,-0.10000000,3,Car,59.76739077,59.59000000,0,0.00000000,19,19,100.00000000,1.24853669
kitti,000019,ty_m,-0.05000000,0,Truck,6.55693526,5.46000000,1,0.74000000,7634,4940,64.71050563,7.45612294
kitti,000019,ty_m,-0.05000000,1,Car,10.25674900,9.72000000,0,0.00000000,1236,1236,100.00000000,4.37118675
kitti,000019,ty_m,-0.05000000,2,Van,35.47156044,35.34000000,0,0.00000000,106,106,100.00000000,1.08177883
kitti,000019,ty_m,-0.05000000,3,Car,59.76739077,59.59000000,0,0.00000000,19,19,100.00000000,0.62426828
kitti,000019,ty_m,-0.02000000,0,Truck,6.55693526,5.46000000,1,0.74000000,7634,4892,64.08173959,2.98244688
kitti,000019,ty_m,-0.02000000,1,Car,10.25674900,9.72000000,0,0.00000000,1236,1236,100.00000000,1.74847391
kitti,000019,ty_m,-0.02000000,2,Van,35.47156044,35.34000000,0,0.00000000,106,106,100.00000000,0.43271148
kitti,000019,ty_m,-0.02000000,3,Car,59.76739077,59.59000000,0,0.00000000,19,19,100.00000000,0.24970730
kitti,000019,ty_m,0.00000000,0,Truck,6.55693526,5.46000000,1,0.74000000,7634,4862,63.68876081,0.00000000
kitti,000019,ty_m,0.00000000,1,Car,10.25674900,9.72000000,0,0.00000000,1236,1236,100.00000000,0.00000000
kitti,000019,ty_m,0.00000000,2,Van,35.47156044,35.34000000,0,0.00000000,106,106,100.00000000,0.00000000
kitti,000019,ty_m,0.00000000,3,Car,59.76739077,59.59000000,0,0.00000000,19,19,100.00000000,0.00000000
kitti,000019,ty_m,0.02000000,0,Truck,6.55693526,5.46000000,1,0.74000000,7634,4832,63.29578203,2.98025641
kitti,000019,ty_m,0.02000000,1,Car,10.25674900,9.72000000,0,0.00000000,1236,1236,100.00000000,1.74847286
kitti,000019,ty_m,0.02000000,2,Van,35.47156044,35.34000000,0,0.00000000,106,106,100.00000000,0.43271142
kitti,000019,ty_m,0.02000000,3,Car,59.76739077,59.59000000,0,0.00000000,19,19,100.00000000,0.24970727
kitti,000019,ty_m,0.05000000,0,Truck,6.55693526,5.46000000,1,0.74000000,7634,4784,62.66701598,7.44055219
kitti,000019,ty_m,0.05000000,1,Car,10.25674900,9.72000000,0,0.00000000,1236,1236,100.00000000,4.37118016
kitti,000019,ty_m,0.05000000,2,Van,35.47156044,35.34000000,0,0.00000000,106,106,100.00000000,1.08177843
kitti,000019,ty_m,0.05000000,3,Car,59.76739077,59.59000000,0,0.00000000,19,19,100.00000000,0.62426814
kitti,000019,ty_m,0.10000000,0,Truck,6.55693526,5.46000000,1,0.74000000,7634,4708,61.67146974,14.86170530
kitti,000019,ty_m,0.10000000,1,Car,10.25674900,9.72000000,0,0.00000000,1236,1236,100.00000000,8.74235374
kitti,000019,ty_m,0.10000000,2,Van,35.47156044,35.34000000,0,0.00000000,106,106,100.00000000,2.16355645
kitti,000019,ty_m,0.10000000,3,Car,59.76739077,59.59000000,0,0.00000000,19,19,100.00000000,1.24853615
kitti,000021,yaw_deg,-3.00000000,0,Cyclist,4.49938885,3.14000000,0,0.89000000,1484,16,1.07816712,65.68943346
kitti,000021,yaw_deg,-3.00000000,1,Car,13.73083391,13.30000000,0,0.00000000,850,671,78.94117647,40.22599847
kitti,000021,yaw_deg,-3.00000000,2,Car,17.85224076,17.60000000,1,0.00000000,238,118,49.57983193,38.77254694
kitti,000021,yaw_deg,-3.00000000,3,Van,23.95364064,21.30000000,1,0.00000000,964,824,85.47717842,49.34407706
kitti,000021,yaw_deg,-3.00000000,4,Car,26.51960973,25.97000000,0,0.00000000,176,53,30.11363636,40.33465147
kitti,000021,yaw_deg,-3.00000000,5,Car,26.92237360,26.83000000,1,0.00000000,113,17,15.04424779,38.22964258
kitti,000021,yaw_deg,-3.00000000,6,Car,32.63841602,32.13000000,2,0.00000000,50,21,42.00000000,39.49444107
kitti,000021,yaw_deg,-3.00000000,7,Car,31.83257608,31.78000000,2,0.00000000,28,0,0.00000000,38.12476241
kitti,000021,yaw_deg,-2.00000000,0,Cyclist,4.49938885,3.14000000,0,0.89000000,1484,43,2.89757412,43.90602306
kitti,000021,yaw_deg,-2.00000000,1,Car,13.73083391,13.30000000,0,0.00000000,850,749,88.11764706,26.91296754
kitti,000021,yaw_deg,-2.00000000,2,Car,17.85224076,17.60000000,1,0.00000000,238,176,73.94957983,25.89422331
kitti,000021,yaw_deg,-2.00000000,3,Van,23.95364064,21.30000000,1,0.00000000,964,884,91.70124481,32.58104256
kitti,000021,yaw_deg,-2.00000000,4,Car,26.51960973,25.97000000,0,0.00000000,176,98,55.68181818,26.77626510
kitti,000021,yaw_deg,-2.00000000,5,Car,26.92237360,26.83000000,1,0.00000000,113,56,49.55752212,25.49877752
kitti,000021,yaw_deg,-2.00000000,6,Car,32.63841602,32.13000000,2,0.00000000,50,39,78.00000000,26.24052878
kitti,000021,yaw_deg,-2.00000000,7,Car,31.83257608,31.78000000,2,0.00000000,28,0,0.00000000,25.41002302
kitti,000021,yaw_deg,-1.00000000,0,Cyclist,4.49938885,3.14000000,0,0.89000000,1484,88,5.92991914,22.13651413
kitti,000021,yaw_deg,-1.00000000,1,Car,13.73083391,13.30000000,0,0.00000000,850,821,96.58823529,13.50672257
kitti,000021,yaw_deg,-1.00000000,2,Car,17.85224076,17.60000000,1,0.00000000,238,219,92.01680672,12.97137254
kitti,000021,yaw_deg,-1.00000000,3,Van,23.95364064,21.30000000,1,0.00000000,964,939,97.40663900,16.13935818
kitti,000021,yaw_deg,-1.00000000,4,Car,26.51960973,25.97000000,0,0.00000000,176,144,81.81818182,13.33461801
kitti,000021,yaw_deg,-1.00000000,5,Car,26.92237360,26.83000000,1,0.00000000,113,92,81.41592920,12.75756047
kitti,000021,yaw_deg,-1.00000000,6,Car,32.63841602,32.13000000,2,0.00000000,50,45,90.00000000,13.07871396
kitti,000021,yaw_deg,-1.00000000,7,Car,31.83257608,31.78000000,2,0.00000000,28,5,17.85714286,12.70608460
kitti,000021,yaw_deg,-0.50000000,0,Cyclist,4.49938885,3.14000000,0,0.89000000,1484,126,8.49056604,11.16456770
kitti,000021,yaw_deg,-0.50000000,1,Car,13.73083391,13.30000000,0,0.00000000,850,848,99.76470588,6.76652324
kitti,000021,yaw_deg,-0.50000000,2,Car,17.85224076,17.60000000,1,0.00000000,238,238,100.00000000,6.49228971
kitti,000021,yaw_deg,-0.50000000,3,Van,23.95364064,21.30000000,1,0.00000000,964,959,99.48132780,8.03303491
kitti,000021,yaw_deg,-0.50000000,4,Car,26.51960973,25.97000000,0,0.00000000,176,166,94.31818182,6.65455889
kitti,000021,yaw_deg,-0.50000000,5,Car,26.92237360,26.83000000,1,0.00000000,113,104,92.03539823,6.38129245
kitti,000021,yaw_deg,-0.50000000,6,Car,32.63841602,32.13000000,2,0.00000000,50,48,96.00000000,6.52952299
kitti,000021,yaw_deg,-0.50000000,7,Car,31.83257608,31.78000000,2,0.00000000,28,25,89.28571429,6.35377312
kitti,000021,yaw_deg,0.00000000,0,Cyclist,4.49938885,3.14000000,0,0.89000000,1484,176,11.85983827,0.00000000
kitti,000021,yaw_deg,0.00000000,1,Car,13.73083391,13.30000000,0,0.00000000,850,850,100.00000000,0.00000000
kitti,000021,yaw_deg,0.00000000,2,Car,17.85224076,17.60000000,1,0.00000000,238,238,100.00000000,0.00000000
kitti,000021,yaw_deg,0.00000000,3,Van,23.95364064,21.30000000,1,0.00000000,964,964,100.00000000,0.00000000
kitti,000021,yaw_deg,0.00000000,4,Car,26.51960973,25.97000000,0,0.00000000,176,176,100.00000000,0.00000000
kitti,000021,yaw_deg,0.00000000,5,Car,26.92237360,26.83000000,1,0.00000000,113,113,100.00000000,0.00000000
kitti,000021,yaw_deg,0.00000000,6,Car,32.63841602,32.13000000,2,0.00000000,50,50,100.00000000,0.00000000
kitti,000021,yaw_deg,0.00000000,7,Car,31.83257608,31.78000000,2,0.00000000,28,28,100.00000000,0.00000000
kitti,000021,yaw_deg,0.50000000,0,Cyclist,4.49938885,3.14000000,0,0.89000000,1484,229,15.43126685,11.10926031
kitti,000021,yaw_deg,0.50000000,1,Car,13.73083391,13.30000000,0,0.00000000,850,850,100.00000000,6.79451255
kitti,000021,yaw_deg,0.50000000,2,Car,17.85224076,17.60000000,1,0.00000000,238,238,100.00000000,6.50730076
kitti,000021,yaw_deg,0.50000000,3,Van,23.95364064,21.30000000,1,0.00000000,964,963,99.89626556,7.96195994
kitti,000021,yaw_deg,0.50000000,4,Car,26.51960973,25.97000000,0,0.00000000,176,175,99.43181818,6.63026506
kitti,000021,yaw_deg,0.50000000,5,Car,26.92237360,26.83000000,1,0.00000000,113,113,100.00000000,6.38730809
kitti,000021,yaw_deg,0.50000000,6,Car,32.63841602,32.13000000,2,0.00000000,50,47,94.00000000,6.51094628
kitti,000021,yaw_deg,0.50000000,7,Car,31.83257608,31.78000000,2,0.00000000,28,28,100.00000000,6.35614155
kitti,000021,yaw_deg,1.00000000,0,Cyclist,4.49938885,3.14000000,0,0.89000000,1484,274,18.46361186,22.05765269
kitti,000021,yaw_deg,1.00000000,1,Car,13.73083391,13.30000000,0,0.00000000,850,845,99.41176471,13.61839173
kitti,000021,yaw_deg,1.00000000,2,Car,17.85224076,17.60000000,1,0.00000000,238,238,100.00000000,13.03068199
kitti,000021,yaw_deg,1.00000000,3,Van,23.95364064,21.30000000,1,0.00000000,964,923,95.74688797,15.85499766
kitti,000021,yaw_deg,1.00000000,4,Car,26.51960973,25.97000000,0,0.00000000,176,161,91.47727273,13.23738938
kitti,000021,yaw_deg,1.00000000,5,Car,26.92237360,26.83000000,1,0.00000000,113,113,100.00000000,12.78163101
kitti,000021,yaw_deg,1.00000000,6,Car,32.63841602,32.13000000,2,0.00000000,50,40,80.00000000,13.00444461
kitti,000021,yaw_deg,1.00000000,7,Car,31.83257608,31.78000000,2,0.00000000,28,28,100.00000000,12.71577675
kitti,000021,yaw_deg,2.00000000,0,Cyclist,4.49938885,3.14000000,0,0.89000000,1484,380,25.60646900,43.49235808
kitti,000021,yaw_deg,2.00000000,1,Car,13.73083391,13.30000000,0,0.00000000,850,789,92.82352941,27.35917359
kitti,000021,yaw_deg,2.00000000,2,Car,17.85224076,17.60000000,1,0.00000000,238,236,99.15966387,26.12860182
kitti,000021,yaw_deg,2.00000000,3,Van,23.95364064,21.30000000,1,0.00000000,964,904,93.77593361,31.44262934
kitti,000021,yaw_deg,2.00000000,4,Car,26.51960973,25.97000000,0,0.00000000,176,122,69.31818182,26.38675348
kitti,000021,yaw_deg,2.00000000,5,Car,26.92237360,26.83000000,1,0.00000000,113,88,77.87610619,25.59700820
kitti,000021,yaw_deg,2.00000000,6,Car,32.63841602,32.13000000,2,0.00000000,50,14,28.00000000,25.94343606
kitti,000021,yaw_deg,2.00000000,7,Car,31.83257608,31.78000000,2,0.00000000,28,28,100.00000000,25.45041368
kitti,000021,yaw_deg,3.00000000,0,Cyclist,4.49938885,3.14000000,0,0.89000000,1484,473,31.87331536,64.34328745
kitti,000021,yaw_deg,3.00000000,1,Car,13.73083391,13.30000000,0,0.00000000,850,717,84.35294118,41.23361080
kitti,000021,yaw_deg,3.00000000,2,Car,17.85224076,17.60000000,1,0.00000000,238,227,95.37815126,39.29990908
kitti,000021,yaw_deg,3.00000000,3,Van,23.95364064,21.30000000,1,0.00000000,964,829,85.99585062,46.77899790
kitti,000021,yaw_deg,3.00000000,4,Car,26.51960973,25.97000000,0,0.00000000,176,77,43.75000000,39.45695446
kitti,000021,yaw_deg,3.00000000,5,Car,26.92237360,26.83000000,1,0.00000000,113,51,45.13274336,38.45722309
kitti,000021,yaw_deg,3.00000000,6,Car,32.63841602,32.13000000,2,0.00000000,50,7,14.00000000,38.82539875
kitti,000021,yaw_deg,3.00000000,7,Car,31.83257608,31.78000000,2,0.00000000,28,3,10.71428571,38.20960180
kitti,000021,pitch_deg,0.00000000,0,Cyclist,4.49938885,3.14000000,0,0.89000000,1484,176,11.85983827,0.00000000
kitti,000021,pitch_deg,0.00000000,1,Car,13.73083391,13.30000000,0,0.00000000,850,850,100.00000000,0.00000000
kitti,000021,pitch_deg,0.00000000,2,Car,17.85224076,17.60000000,1,0.00000000,238,238,100.00000000,0.00000000
kitti,000021,pitch_deg,0.00000000,3,Van,23.95364064,21.30000000,1,0.00000000,964,964,100.00000000,0.00000000
kitti,000021,pitch_deg,0.00000000,4,Car,26.51960973,25.97000000,0,0.00000000,176,176,100.00000000,0.00000000
kitti,000021,pitch_deg,0.00000000,5,Car,26.92237360,26.83000000,1,0.00000000,113,113,100.00000000,0.00000000
kitti,000021,pitch_deg,0.00000000,6,Car,32.63841602,32.13000000,2,0.00000000,50,50,100.00000000,0.00000000
kitti,000021,pitch_deg,0.00000000,7,Car,31.83257608,31.78000000,2,0.00000000,28,28,100.00000000,0.00000000
kitti,000021,pitch_deg,0.50000000,0,Cyclist,4.49938885,3.14000000,0,0.89000000,1484,154,10.37735849,7.13864022
kitti,000021,pitch_deg,0.50000000,1,Car,13.73083391,13.30000000,0,0.00000000,850,809,95.17647059,6.47926307
kitti,000021,pitch_deg,0.50000000,2,Car,17.85224076,17.60000000,1,0.00000000,238,217,91.17647059,6.40333300
kitti,000021,pitch_deg,0.50000000,3,Van,23.95364064,21.30000000,1,0.00000000,964,918,95.22821577,6.38389058
kitti,000021,pitch_deg,0.50000000,4,Car,26.51960973,25.97000000,0,0.00000000,176,148,84.09090909,6.37665492
kitti,000021,pitch_deg,0.50000000,5,Car,26.92237360,26.83000000,1,0.00000000,113,110,97.34513274,6.37382643
kitti,000021,pitch_deg,0.50000000,6,Car,32.63841602,32.13000000,2,0.00000000,50,42,84.00000000,6.35608256
kitti,000021,pitch_deg,0.50000000,7,Car,31.83257608,31.78000000,2,0.00000000,28,24,85.71428571,6.35467513
kitti,000021,pitch_deg,1.00000000,0,Cyclist,4.49938885,3.14000000,0,0.89000000,1484,141,9.50134771,14.28374302
kitti,000021,pitch_deg,1.00000000,1,Car,13.73083391,13.30000000,0,0.00000000,850,740,87.05882353,12.96890722
kitti,000021,pitch_deg,1.00000000,2,Car,17.85224076,17.60000000,1,0.00000000,238,207,86.97478992,12.81136268
kitti,000021,pitch_deg,1.00000000,3,Van,23.95364064,21.30000000,1,0.00000000,964,858,89.00414938,12.76874653
kitti,000021,pitch_deg,1.00000000,4,Car,26.51960973,25.97000000,0,0.00000000,176,110,62.50000000,12.75877199
kitti,000021,pitch_deg,1.00000000,5,Car,26.92237360,26.83000000,1,0.00000000,113,72,63.71681416,12.75388720
kitti,000021,pitch_deg,1.00000000,6,Car,32.63841602,32.13000000,2,0.00000000,50,36,72.00000000,12.71505503
kitti,000021,pitch_deg,1.00000000,7,Car,31.83257608,31.78000000,2,0.00000000,28,22,78.57142857,12.71220233
kitti,000021,pitch_deg,2.00000000,0,Cyclist,4.49938885,3.14000000,0,0.89000000,1484,125,8.42318059,28.59785074
kitti,000021,pitch_deg,2.00000000,1,Car,13.73083391,13.30000000,0,0.00000000,850,623,73.29411765,25.98388048
kitti,000021,pitch_deg,2.00000000,2,Car,17.85224076,17.60000000,1,0.00000000,238,172,72.26890756,25.64602124
kitti,000021,pitch_deg,2.00000000,3,Van,23.95364064,21.30000000,1,0.00000000,964,710,73.65145228,25.54314390
kitti,000021,pitch_deg,2.00000000,4,Car,26.51960973,25.97000000,0,0.00000000,176,41,23.29545455,25.54544394
kitti,000021,pitch_deg,2.00000000,5,Car,26.92237360,26.83000000,1,0.00000000,113,23,20.35398230,25.53591787
kitti,000021,pitch_deg,2.00000000,6,Car,32.63841602,32.13000000,2,0.00000000,50,22,44.00000000,25.44589848
kitti,000021,pitch_deg,2.00000000,7,Car,31.83257608,31.78000000,2,0.00000000,28,13,46.42857143,25.43975118
kitti,000021,pitch_deg,3.00000000,0,Cyclist,4.49938885,3.14000000,0,0.89000000,1484,112,7.54716981,43.10600310
kitti,000021,pitch_deg,3.00000000,1,Car,13.73083391,13.30000000,0,0.00000000,850,482,56.70588235,39.05248546
kitti,000021,pitch_deg,3.00000000,2,Car,17.85224076,17.60000000,1,0.00000000,238,137,57.56302521,38.50894503
kitti,000021,pitch_deg,3.00000000,3,Van,23.95364064,21.30000000,1,0.00000000,964,505,52.38589212,38.34325523
kitti,000021,pitch_deg,3.00000000,4,Car,26.51960973,25.97000000,0,0.00000000,176,14,7.95454545,38.36601485
kitti,000021,pitch_deg,3.00000000,5,Car,26.92237360,26.83000000,1,0.00000000,113,12,10.61946903,38.35112814
kitti,000021,pitch_deg,3.00000000,6,Car,32.63841602,32.13000000,2,0.00000000,50,14,28.00000000,38.20015717
kitti,000021,pitch_deg,3.00000000,7,Car,31.83257608,31.78000000,2,0.00000000,28,0,0.00000000,38.19055065
kitti,000021,roll_deg,0.00000000,0,Cyclist,4.49938885,3.14000000,0,0.89000000,1484,176,11.85983827,0.00000000
kitti,000021,roll_deg,0.00000000,1,Car,13.73083391,13.30000000,0,0.00000000,850,850,100.00000000,0.00000000
kitti,000021,roll_deg,0.00000000,2,Car,17.85224076,17.60000000,1,0.00000000,238,238,100.00000000,0.00000000
kitti,000021,roll_deg,0.00000000,3,Van,23.95364064,21.30000000,1,0.00000000,964,964,100.00000000,0.00000000
kitti,000021,roll_deg,0.00000000,4,Car,26.51960973,25.97000000,0,0.00000000,176,176,100.00000000,0.00000000
kitti,000021,roll_deg,0.00000000,5,Car,26.92237360,26.83000000,1,0.00000000,113,113,100.00000000,0.00000000
kitti,000021,roll_deg,0.00000000,6,Car,32.63841602,32.13000000,2,0.00000000,50,50,100.00000000,0.00000000
kitti,000021,roll_deg,0.00000000,7,Car,31.83257608,31.78000000,2,0.00000000,28,28,100.00000000,0.00000000
kitti,000021,roll_deg,1.00000000,0,Cyclist,4.49938885,3.14000000,0,0.89000000,1484,158,10.64690027,10.58261920
kitti,000021,roll_deg,1.00000000,1,Car,13.73083391,13.30000000,0,0.00000000,850,850,100.00000000,3.10165200
kitti,000021,roll_deg,1.00000000,2,Car,17.85224076,17.60000000,1,0.00000000,238,238,100.00000000,1.73193921
kitti,000021,roll_deg,1.00000000,3,Van,23.95364064,21.30000000,1,0.00000000,964,930,96.47302905,6.37161181
kitti,000021,roll_deg,1.00000000,4,Car,26.51960973,25.97000000,0,0.00000000,176,155,88.06818182,2.63345222
kitti,000021,roll_deg,1.00000000,5,Car,26.92237360,26.83000000,1,0.00000000,113,113,100.00000000,0.80561184
kitti,000021,roll_deg,1.00000000,6,Car,32.63841602,32.13000000,2,0.00000000,50,50,100.00000000,2.04624326
kitti,000021,roll_deg,1.00000000,7,Car,31.83257608,31.78000000,2,0.00000000,28,28,100.00000000,0.33767300
kitti,000021,roll_deg,2.00000000,0,Cyclist,4.49938885,3.14000000,0,0.89000000,1484,155,10.44474394,21.16600828
kitti,000021,roll_deg,2.00000000,1,Car,13.73083391,13.30000000,0,0.00000000,850,826,97.17647059,6.20292832
kitti,000021,roll_deg,2.00000000,2,Car,17.85224076,17.60000000,1,0.00000000,238,230,96.63865546,3.46370350
kitti,000021,roll_deg,2.00000000,3,Van,23.95364064,21.30000000,1,0.00000000,964,853,88.48547718,12.74332277
kitti,000021,roll_deg,2.00000000,4,Car,26.51960973,25.97000000,0,0.00000000,176,155,88.06818182,5.26680146
kitti,000021,roll_deg,2.00000000,5,Car,26.92237360,26.83000000,1,0.00000000,113,113,100.00000000,1.61115270
kitti,000021,roll_deg,2.00000000,6,Car,32.63841602,32.13000000,2,0.00000000,50,50,100.00000000,4.09239047
kitti,000021,roll_deg,2.00000000,7,Car,31.83257608,31.78000000,2,0.00000000,28,28,100.00000000,0.67531876
kitti,000021,roll_deg,3.00000000,0,Cyclist,4.49938885,3.14000000,0,0.89000000,1484,155,10.44474394,31.73408202
kitti,000021,roll_deg,3.00000000,1,Car,13.73083391,13.30000000,0,0.00000000,850,802,94.35294118,9.30359232
kitti,000021,roll_deg,3.00000000,2,Car,17.85224076,17.60000000,1,0.00000000,238,216,90.75630252,5.19516077
kitti,000021,roll_deg,3.00000000,3,Van,23.95364064,21.30000000,1,0.00000000,964,778,80.70539419,19.11464714
kitti,000021,roll_deg,3.00000000,4,Car,26.51960973,25.97000000,0,0.00000000,176,138,78.40909091,7.89984670
kitti,000021,roll_deg,3.00000000,5,Car,26.92237360,26.83000000,1,0.00000000,113,113,100.00000000,2.41656127
kitti,000021,roll_deg,3.00000000,6,Car,32.63841602,32.13000000,2,0.00000000,50,42,84.00000000,6.13828571
kitti,000021,roll_deg,3.00000000,7,Car,31.83257608,31.78000000,2,0.00000000,28,28,100.00000000,1.01291156
kitti,000021,ty_m,-0.10000000,0,Cyclist,4.49938885,3.14000000,0,0.89000000,1484,98,6.60377358,21.28689791
kitti,000021,ty_m,-0.10000000,1,Car,13.73083391,13.30000000,0,0.00000000,850,849,99.88235294,5.92474260
kitti,000021,ty_m,-0.10000000,2,Car,17.85224076,17.60000000,1,0.00000000,238,238,100.00000000,4.10499910
kitti,000021,ty_m,-0.10000000,3,Van,23.95364064,21.30000000,1,0.00000000,964,964,100.00000000,3.53463112
kitti,000021,ty_m,-0.10000000,4,Car,26.51960973,25.97000000,0,0.00000000,176,175,99.43181818,2.97295036
kitti,000021,ty_m,-0.10000000,5,Car,26.92237360,26.83000000,1,0.00000000,113,110,97.34513274,2.85985804
kitti,000021,ty_m,-0.10000000,6,Car,32.63841602,32.13000000,2,0.00000000,50,49,98.00000000,2.38854618
kitti,000021,ty_m,-0.10000000,7,Car,31.83257608,31.78000000,2,0.00000000,28,28,100.00000000,2.32597631
kitti,000021,ty_m,-0.05000000,0,Cyclist,4.49938885,3.14000000,0,0.89000000,1484,131,8.82749326,10.84405600
kitti,000021,ty_m,-0.05000000,1,Car,13.73083391,13.30000000,0,0.00000000,850,850,100.00000000,2.96236979
kitti,000021,ty_m,-0.05000000,2,Car,17.85224076,17.60000000,1,0.00000000,238,238,100.00000000,2.05249882
kitti,000021,ty_m,-0.05000000,3,Van,23.95364064,21.30000000,1,0.00000000,964,964,100.00000000,1.76731502
kitti,000021,ty_m,-0.05000000,4,Car,26.51960973,25.97000000,0,0.00000000,176,176,100.00000000,1.48647480
kitti,000021,ty_m,-0.05000000,5,Car,26.92237360,26.83000000,1,0.00000000,113,113,100.00000000,1.42992867
kitti,000021,ty_m,-0.05000000,6,Car,32.63841602,32.13000000,2,0.00000000,50,50,100.00000000,1.19427284
kitti,000021,ty_m,-0.05000000,7,Car,31.83257608,31.78000000,2,0.00000000,28,28,100.00000000,1.16298792
kitti,000021,ty_m,-0.02000000,0,Cyclist,4.49938885,3.14000000,0,0.89000000,1484,158,10.64690027,4.41066467
kitti,000021,ty_m,-0.02000000,1,Car,13.73083391,13.30000000,0,0.00000000,850,850,100.00000000,1.18494755
kitti,000021,ty_m,-0.02000000,2,Car,17.85224076,17.60000000,1,0.00000000,238,238,100.00000000,0.82099936
kitti,000021,ty_m,-0.02000000,3,Van,23.95364064,21.30000000,1,0.00000000,964,964,100.00000000,0.70692588
kitti,000021,ty_m,-0.02000000,4,Car,26.51960973,25.97000000,0,0.00000000,176,176,100.00000000,0.59458983
kitti,000021,ty_m,-0.02000000,5,Car,26.92237360,26.83000000,1,0.00000000,113,113,100.00000000,0.57197138
kitti,000021,ty_m,-0.02000000,6,Car,32.63841602,32.13000000,2,0.00000000,50,50,100.00000000,0.47770908
kitti,000021,ty_m,-0.02000000,7,Car,31.83257608,31.78000000,2,0.00000000,28,28,100.00000000,0.46519511
kitti,000021,ty_m,0.00000000,0,Cyclist,4.49938885,3.14000000,0,0.89000000,1484,176,11.85983827,0.00000000
kitti,000021,ty_m,0.00000000,1,Car,13.73083391,13.30000000,0,0.00000000,850,850,100.00000000,0.00000000
kitti,000021,ty_m,0.00000000,2,Car,17.85224076,17.60000000,1,0.00000000,238,238,100.00000000,0.00000000
kitti,000021,ty_m,0.00000000,3,Van,23.95364064,21.30000000,1,0.00000000,964,964,100.00000000,0.00000000
kitti,000021,ty_m,0.00000000,4,Car,26.51960973,25.97000000,0,0.00000000,176,176,100.00000000,0.00000000
kitti,000021,ty_m,0.00000000,5,Car,26.92237360,26.83000000,1,0.00000000,113,113,100.00000000,0.00000000
kitti,000021,ty_m,0.00000000,6,Car,32.63841602,32.13000000,2,0.00000000,50,50,100.00000000,0.00000000
kitti,000021,ty_m,0.00000000,7,Car,31.83257608,31.78000000,2,0.00000000,28,28,100.00000000,0.00000000
kitti,000021,ty_m,0.02000000,0,Cyclist,4.49938885,3.14000000,0,0.89000000,1484,199,13.40970350,4.46427295
kitti,000021,ty_m,0.02000000,1,Car,13.73083391,13.30000000,0,0.00000000,850,850,100.00000000,1.18494707
kitti,000021,ty_m,0.02000000,2,Car,17.85224076,17.60000000,1,0.00000000,238,238,100.00000000,0.82099912
kitti,000021,ty_m,0.02000000,3,Van,23.95364064,21.30000000,1,0.00000000,964,964,100.00000000,0.70692571
kitti,000021,ty_m,0.02000000,4,Car,26.51960973,25.97000000,0,0.00000000,176,176,100.00000000,0.59458971
kitti,000021,ty_m,0.02000000,5,Car,26.92237360,26.83000000,1,0.00000000,113,113,100.00000000,0.57197127
kitti,000021,ty_m,0.02000000,6,Car,32.63841602,32.13000000,2,0.00000000,50,50,100.00000000,0.47770900
kitti,000021,ty_m,0.02000000,7,Car,31.83257608,31.78000000,2,0.00000000,28,28,100.00000000,0.46519504
kitti,000021,ty_m,0.05000000,0,Cyclist,4.49938885,3.14000000,0,0.89000000,1484,227,15.29649596,11.16066948
kitti,000021,ty_m,0.05000000,1,Car,13.73083391,13.30000000,0,0.00000000,850,850,100.00000000,2.96236676
kitti,000021,ty_m,0.05000000,2,Car,17.85224076,17.60000000,1,0.00000000,238,238,100.00000000,2.05249737
kitti,000021,ty_m,0.05000000,3,Van,23.95364064,21.30000000,1,0.00000000,964,964,100.00000000,1.76731394
kitti,000021,ty_m,0.05000000,4,Car,26.51960973,25.97000000,0,0.00000000,176,176,100.00000000,1.48647404
kitti,000021,ty_m,0.05000000,5,Car,26.92237360,26.83000000,1,0.00000000,113,113,100.00000000,1.42992796
kitti,000021,ty_m,0.05000000,6,Car,32.63841602,32.13000000,2,0.00000000,50,50,100.00000000,1.19427235
kitti,000021,ty_m,0.05000000,7,Car,31.83257608,31.78000000,2,0.00000000,28,28,100.00000000,1.16298746
kitti,000021,ty_m,0.10000000,0,Cyclist,4.49938885,3.14000000,0,0.89000000,1484,272,18.32884097,22.32172550
kitti,000021,ty_m,0.10000000,1,Car,13.73083391,13.30000000,0,0.00000000,850,850,100.00000000,5.92473050
kitti,000021,ty_m,0.10000000,2,Car,17.85224076,17.60000000,1,0.00000000,238,238,100.00000000,4.10499329
kitti,000021,ty_m,0.10000000,3,Van,23.95364064,21.30000000,1,0.00000000,964,964,100.00000000,3.53462681
kitti,000021,ty_m,0.10000000,4,Car,26.51960973,25.97000000,0,0.00000000,176,176,100.00000000,2.97294731
kitti,000021,ty_m,0.10000000,5,Car,26.92237360,26.83000000,1,0.00000000,113,113,100.00000000,2.85985522
kitti,000021,ty_m,0.10000000,6,Car,32.63841602,32.13000000,2,0.00000000,50,50,100.00000000,2.38854421
kitti,000021,ty_m,0.10000000,7,Car,31.83257608,31.78000000,2,0.00000000,28,28,100.00000000,2.32597445
kitti,000023,yaw_deg,-3.00000000,0,Truck,69.30794255,69.29000000,0,0.00000000,74,0,0.00000000,37.98774381
kitti,000023,yaw_deg,-3.00000000,1,Car,57.56975074,55.08000000,0,0.00000000,13,0,0.00000000,40.95727428
kitti,000023,yaw_deg,-3.00000000,2,Cyclist,45.01456320,44.76000000,3,0.00000000,20,0,0.00000000,38.67085775
kitti,000023,yaw_deg,-2.00000000,0,Truck,69.30794255,69.29000000,0,0.00000000,74,13,17.56756757,25.30985397
kitti,000023,yaw_deg,-2.00000000,1,Car,57.56975074,55.08000000,0,0.00000000,13,4,30.76923077,27.43707552
kitti,000023,yaw_deg,-2.00000000,2,Cyclist,45.01456320,44.76000000,3,0.00000000,20,0,0.00000000,25.71989223
kitti,000023,yaw_deg,-1.00000000,0,Truck,69.30794255,69.29000000,0,0.00000000,74,43,58.10810811,12.64971681
kitti,000023,yaw_deg,-1.00000000,1,Car,57.56975074,55.08000000,0,0.00000000,13,13,100.00000000,13.78810179
kitti,000023,yaw_deg,-1.00000000,2,Cyclist,45.01456320,44.76000000,3,0.00000000,20,0,0.00000000,12.83238325
kitti,000023,yaw_deg,-0.50000000,0,Truck,69.30794255,69.29000000,0,0.00000000,74,61,82.43243243,6.32430483
kitti,000023,yaw_deg,-0.50000000,1,Car,57.56975074,55.08000000,0,0.00000000,13,13,100.00000000,6.91210359
kitti,000023,yaw_deg,-0.50000000,2,Cyclist,45.01456320,44.76000000,3,0.00000000,20,8,40.00000000,6.40981593
kitti,000023,yaw_deg,0.00000000,0,Truck,69.30794255,69.29000000,0,0.00000000,74,74,100.00000000,0.00000000
kitti,000023,yaw_deg,0.00000000,1,Car,57.56975074,55.08000000,0,0.00000000,13,13,100.00000000,0.00000000
kitti,000023,yaw_deg,0.00000000,2,Cyclist,45.01456320,44.76000000,3,0.00000000,20,20,100.00000000,0.00000000
kitti,000023,yaw_deg,0.50000000,0,Truck,69.30794255,69.29000000,0,0.00000000,74,61,82.43243243,6.32390446
kitti,000023,yaw_deg,0.50000000,1,Car,57.56975074,55.08000000,0,0.00000000,13,11,84.61538462,6.94956351
kitti,000023,yaw_deg,0.50000000,2,Cyclist,45.01456320,44.76000000,3,0.00000000,20,12,60.00000000,6.39808447
kitti,000023,yaw_deg,1.00000000,0,Truck,69.30794255,69.29000000,0,0.00000000,74,43,58.10810811,12.64790433
kitti,000023,yaw_deg,1.00000000,1,Car,57.56975074,55.08000000,0,0.00000000,13,7,53.84615385,13.93796773
kitti,000023,yaw_deg,1.00000000,2,Cyclist,45.01456320,44.76000000,3,0.00000000,20,0,0.00000000,12.78545010
kitti,000023,yaw_deg,2.00000000,0,Truck,69.30794255,69.29000000,0,0.00000000,74,10,13.51351351,25.29894345
kitti,000023,yaw_deg,2.00000000,1,Car,57.56975074,55.08000000,0,0.00000000,13,0,0.00000000,28.03696000
kitti,000023,yaw_deg,2.00000000,2,Cyclist,45.01456320,44.76000000,3,0.00000000,20,0,0.00000000,25.53204270
kitti,000023,yaw_deg,3.00000000,0,Truck,69.30794255,69.29000000,0,0.00000000,74,0,0.00000000,37.96435713
kitti,000023,yaw_deg,3.00000000,1,Car,57.56975074,55.08000000,0,0.00000000,13,0,0.00000000,42.30859478
kitti,000023,yaw_deg,3.00000000,2,Cyclist,45.01456320,44.76000000,3,0.00000000,20,0,0.00000000,38.24775713
kitti,000023,pitch_deg,0.00000000,0,Truck,69.30794255,69.29000000,0,0.00000000,74,74,100.00000000,0.00000000
kitti,000023,pitch_deg,0.00000000,1,Car,57.56975074,55.08000000,0,0.00000000,13,13,100.00000000,0.00000000
kitti,000023,pitch_deg,0.00000000,2,Cyclist,45.01456320,44.76000000,3,0.00000000,20,20,100.00000000,0.00000000
kitti,000023,pitch_deg,0.50000000,0,Truck,69.30794255,69.29000000,0,0.00000000,74,69,93.24324324,6.32390803
kitti,000023,pitch_deg,0.50000000,1,Car,57.56975074,55.08000000,0,0.00000000,13,13,100.00000000,6.33509395
kitti,000023,pitch_deg,0.50000000,2,Cyclist,45.01456320,44.76000000,3,0.00000000,20,16,80.00000000,6.33656217
kitti,000023,pitch_deg,1.00000000,0,Truck,69.30794255,69.29000000,0,0.00000000,74,49,66.21621622,12.64844104
kitti,000023,pitch_deg,1.00000000,1,Car,57.56975074,55.08000000,0,0.00000000,13,0,0.00000000,12.67446029
kitti,000023,pitch_deg,1.00000000,2,Cyclist,45.01456320,44.76000000,3,0.00000000,20,12,60.00000000,12.67555843
kitti,000023,pitch_deg,2.00000000,0,Truck,69.30794255,69.29000000,0,0.00000000,74,10,13.51351351,25.30432240
kitti,000023,pitch_deg,2.00000000,1,Car,57.56975074,55.08000000,0,0.00000000,13,0,0.00000000,25.37008067
kitti,000023,pitch_deg,2.00000000,2,Cyclist,45.01456320,44.76000000,3,0.00000000,20,2,10.00000000,25.36477678
kitti,000023,pitch_deg,3.00000000,0,Truck,69.30794255,69.29000000,0,0.00000000,74,0,0.00000000,37.97588836
kitti,000023,pitch_deg,3.00000000,1,Car,57.56975074,55.08000000,0,0.00000000,13,0,0.00000000,38.09504254
kitti,000023,pitch_deg,3.00000000,2,Cyclist,45.01456320,44.76000000,3,0.00000000,20,0,0.00000000,38.07552691
kitti,000023,roll_deg,0.00000000,0,Truck,69.30794255,69.29000000,0,0.00000000,74,74,100.00000000,0.00000000
kitti,000023,roll_deg,0.00000000,1,Car,57.56975074,55.08000000,0,0.00000000,13,13,100.00000000,0.00000000
kitti,000023,roll_deg,0.00000000,2,Cyclist,45.01456320,44.76000000,3,0.00000000,20,20,100.00000000,0.00000000
kitti,000023,roll_deg,1.00000000,0,Truck,69.30794255,69.29000000,0,0.00000000,74,74,100.00000000,0.21893173
kitti,000023,roll_deg,1.00000000,1,Car,57.56975074,55.08000000,0,0.00000000,13,13,100.00000000,3.90474580
kitti,000023,roll_deg,1.00000000,2,Cyclist,45.01456320,44.76000000,3,0.00000000,20,18,90.00000000,1.31253717
kitti,000023,roll_deg,2.00000000,0,Truck,69.30794255,69.29000000,0,0.00000000,74,74,100.00000000,0.43784684
kitti,000023,roll_deg,2.00000000,1,Car,57.56975074,55.08000000,0,0.00000000,13,13,100.00000000,7.80897286
kitti,000023,roll_deg,2.00000000,2,Cyclist,45.01456320,44.76000000,3,0.00000000,20,18,90.00000000,2.62499886
kitti,000023,roll_deg,3.00000000,0,Truck,69.30794255,69.29000000,0,0.00000000,74,74,100.00000000,0.65672866
kitti,000023,roll_deg,3.00000000,1,Car,57.56975074,55.08000000,0,0.00000000,13,13,100.00000000,11.71238376
kitti,000023,roll_deg,3.00000000,2,Cyclist,45.01456320,44.76000000,3,0.00000000,20,18,90.00000000,3.93728505
kitti,000023,ty_m,-0.10000000,0,Truck,69.30794255,69.29000000,0,0.00000000,74,74,100.00000000,1.14115915
kitti,000023,ty_m,-0.10000000,1,Car,57.56975074,55.08000000,0,0.00000000,13,13,100.00000000,1.35026948
kitti,000023,ty_m,-0.10000000,2,Cyclist,45.01456320,44.76000000,3,0.00000000,20,19,95.00000000,1.61485791
kitti,000023,ty_m,-0.05000000,0,Truck,69.30794255,69.29000000,0,0.00000000,74,74,100.00000000,0.57057952
kitti,000023,ty_m,-0.05000000,1,Car,57.56975074,55.08000000,0,0.00000000,13,13,100.00000000,0.67513466
kitti,000023,ty_m,-0.05000000,2,Cyclist,45.01456320,44.76000000,3,0.00000000,20,20,100.00000000,0.80742884
kitti,000023,ty_m,-0.02000000,0,Truck,69.30794255,69.29000000,0,0.00000000,74,74,100.00000000,0.22823179
kitti,000023,ty_m,-0.02000000,1,Car,57.56975074,55.08000000,0,0.00000000,13,13,100.00000000,0.27005385
kitti,000023,ty_m,-0.02000000,2,Cyclist,45.01456320,44.76000000,3,0.00000000,20,20,100.00000000,0.32297151
kitti,000023,ty_m,0.00000000,0,Truck,69.30794255,69.29000000,0,0.00000000,74,74,100.00000000,0.00000000
kitti,000023,ty_m,0.00000000,1,Car,57.56975074,55.08000000,0,0.00000000,13,13,100.00000000,0.00000000
kitti,000023,ty_m,0.00000000,2,Cyclist,45.01456320,44.76000000,3,0.00000000,20,20,100.00000000,0.00000000
kitti,000023,ty_m,0.02000000,0,Truck,69.30794255,69.29000000,0,0.00000000,74,74,100.00000000,0.22823178
kitti,000023,ty_m,0.02000000,1,Car,57.56975074,55.08000000,0,0.00000000,13,13,100.00000000,0.27005382
kitti,000023,ty_m,0.02000000,2,Cyclist,45.01456320,44.76000000,3,0.00000000,20,20,100.00000000,0.32297147
kitti,000023,ty_m,0.05000000,0,Truck,69.30794255,69.29000000,0,0.00000000,74,74,100.00000000,0.57057941
kitti,000023,ty_m,0.05000000,1,Car,57.56975074,55.08000000,0,0.00000000,13,13,100.00000000,0.67513450
kitti,000023,ty_m,0.05000000,2,Cyclist,45.01456320,44.76000000,3,0.00000000,20,20,100.00000000,0.80742862
kitti,000023,ty_m,0.10000000,0,Truck,69.30794255,69.29000000,0,0.00000000,74,72,97.29729730,1.14115870
kitti,000023,ty_m,0.10000000,1,Car,57.56975074,55.08000000,0,0.00000000,13,13,100.00000000,1.35026885
kitti,000023,ty_m,0.10000000,2,Cyclist,45.01456320,44.76000000,3,0.00000000,20,20,100.00000000,1.61485701
kitti,000025,yaw_deg,-3.00000000,0,Car,4.31125272,3.14000000,3,0.94000000,1319,110,8.33965125,53.82020033
kitti,000025,yaw_deg,-3.00000000,1,Car,10.77577839,10.42000000,0,0.00000000,1121,962,85.81623550,40.52373483
kitti,000025,yaw_deg,-3.00000000,2,Car,30.24075561,30.18000000,0,0.00000000,61,22,36.06557377,38.16824289
kitti,000025,yaw_deg,-3.00000000,3,Car,17.94052675,17.48000000,0,0.00000000,316,156,49.36708861,40.64127830
kitti,000025,yaw_deg,-3.00000000,4,Cyclist,44.75969392,44.63000000,3,0.00000000,21,0,0.00000000,38.31780025
kitti,000025,yaw_deg,-3.00000000,5,Car,22.77129333,22.30000000,1,0.00000000,27,27,100.00000000,39.65165752
kitti,000025,yaw_deg,-2.00000000,0,Car,4.31125272,3.14000000,3,0.94000000,1319,113,8.56709629,35.49549257
kitti,000025,yaw_deg,-2.00000000,1,Car,10.77577839,10.42000000,0,0.00000000,1121,1032,92.06066012,27.11210108
kitti,000025,yaw_deg,-2.00000000,2,Car,30.24075561,30.18000000,0,0.00000000,61,44,72.13114754,25.44746770
kitti,000025,yaw_deg,-2.00000000,3,Car,17.94052675,17.48000000,0,0.00000000,316,225,71.20253165,26.97751322
kitti,000025,yaw_deg,-2.00000000,4,Cyclist,44.75969392,44.63000000,3,0.00000000,21,0,0.00000000,25.50422955
kitti,000025,yaw_deg,-2.00000000,5,Car,22.77129333,22.30000000,1,0.00000000,27,27,100.00000000,26.34525020
kitti,000025,yaw_deg,-1.00000000,0,Car,4.31125272,3.14000000,3,0.94000000,1319,123,9.32524640,17.72044113
kitti,000025,yaw_deg,-1.00000000,1,Car,10.77577839,10.42000000,0,0.00000000,1121,1101,98.21587868,13.60791993
kitti,000025,yaw_deg,-1.00000000,2,Car,30.24075561,30.18000000,0,0.00000000,61,58,95.08196721,12.72727117
kitti,000025,yaw_deg,-1.00000000,3,Car,17.94052675,17.48000000,0,0.00000000,316,289,91.45569620,13.43372659
kitti,000025,yaw_deg,-1.00000000,4,Cyclist,44.75969392,44.63000000,3,0.00000000,21,0,0.00000000,12.73430808
kitti,000025,yaw_deg,-1.00000000,5,Car,22.77129333,22.30000000,1,0.00000000,27,27,100.00000000,13.13106028
kitti,000025,yaw_deg,-0.50000000,0,Car,4.31125272,3.14000000,3,0.94000000,1319,129,9.78013647,9.23388298
kitti,000025,yaw_deg,-0.50000000,1,Car,10.77577839,10.42000000,0,0.00000000,1121,1119,99.82158787,6.81754315
kitti,000025,yaw_deg,-0.50000000,2,Car,30.24075561,30.18000000,0,0.00000000,61,60,98.36065574,6.36501249
kitti,000025,yaw_deg,-0.50000000,3,Car,17.94052675,17.48000000,0,0.00000000,316,312,98.73417722,6.70371382
kitti,000025,yaw_deg,-0.50000000,4,Cyclist,44.75969392,44.63000000,3,0.00000000,21,7,33.33333333,6.36320093
kitti,000025,yaw_deg,-0.50000000,5,Car,22.77129333,22.30000000,1,0.00000000,27,27,100.00000000,6.55569821
kitti,000025,yaw_deg,0.00000000,0,Car,4.31125272,3.14000000,3,0.94000000,1319,138,10.46247157,0.00000000
kitti,000025,yaw_deg,0.00000000,1,Car,10.77577839,10.42000000,0,0.00000000,1121,1121,100.00000000,0.00000000
kitti,000025,yaw_deg,0.00000000,2,Car,30.24075561,30.18000000,0,0.00000000,61,61,100.00000000,0.00000000
kitti,000025,yaw_deg,0.00000000,3,Car,17.94052675,17.48000000,0,0.00000000,316,316,100.00000000,0.00000000
kitti,000025,yaw_deg,0.00000000,4,Cyclist,44.75969392,44.63000000,3,0.00000000,21,21,100.00000000,0.00000000
kitti,000025,yaw_deg,0.00000000,5,Car,22.77129333,22.30000000,1,0.00000000,27,27,100.00000000,0.00000000
kitti,000025,yaw_deg,0.50000000,0,Car,4.31125272,3.14000000,3,0.94000000,1319,146,11.06899166,9.28743229
kitti,000025,yaw_deg,0.50000000,1,Car,10.77577839,10.42000000,0,0.00000000,1121,1118,99.73238180,6.84560115
kitti,000025,yaw_deg,0.50000000,2,Car,30.24075561,30.18000000,0,0.00000000,61,56,91.80327869,6.36890617
kitti,000025,yaw_deg,0.50000000,3,Car,17.94052675,17.48000000,0,0.00000000,316,312,98.73417722,6.67860881
kitti,000025,yaw_deg,0.50000000,4,Cyclist,44.75969392,44.63000000,3,0.00000000,21,5,23.80952381,6.35628558
kitti,000025,yaw_deg,0.50000000,5,Car,22.77129333,22.30000000,1,0.00000000,27,14,51.85185185,6.53713686
kitti,000025,yaw_deg,1.00000000,0,Car,4.31125272,3.14000000,3,0.94000000,1319,156,11.82714177,18.47344027
kitti,000025,yaw_deg,1.00000000,1,Car,10.77577839,10.42000000,0,0.00000000,1121,1095,97.68064228,13.72037170
kitti,000025,yaw_deg,1.00000000,2,Car,30.24075561,30.18000000,0,0.00000000,61,48,78.68852459,12.74259672
kitti,000025,yaw_deg,1.00000000,3,Car,17.94052675,17.48000000,0,0.00000000,316,293,92.72151899,13.33328994
kitti,000025,yaw_deg,1.00000000,4,Cyclist,44.75969392,44.63000000,3,0.00000000,21,0,0.00000000,12.70670734
kitti,000025,yaw_deg,1.00000000,5,Car,22.77129333,22.30000000,1,0.00000000,27,2,7.40740741,13.05680296
kitti,000025,yaw_deg,2.00000000,0,Car,4.31125272,3.14000000,3,0.94000000,1319,155,11.75132676,36.55368810
kitti,000025,yaw_deg,2.00000000,1,Car,10.77577839,10.42000000,0,0.00000000,1121,1015,90.54415700,27.56261775
kitti,000025,yaw_deg,2.00000000,2,Car,30.24075561,30.18000000,0,0.00000000,61,25,40.98360656,25.50830435
kitti,000025,yaw_deg,2.00000000,3,Car,17.94052675,17.48000000,0,0.00000000,316,233,73.73417722,26.57550049
kitti,000025,yaw_deg,2.00000000,4,Cyclist,44.75969392,44.63000000,3,0.00000000,21,0,0.00000000,25.39451749
kitti,000025,yaw_deg,2.00000000,5,Car,22.77129333,22.30000000,1,0.00000000,27,0,0.00000000,26.04803027
kitti,000025,yaw_deg,3.00000000,0,Car,4.31125272,3.14000000,3,0.94000000,1319,160,12.13040182,54.26480444
kitti,000025,yaw_deg,3.00000000,1,Car,10.77577839,10.42000000,0,0.00000000,1121,929,82.87243533,41.53735001
kitti,000025,yaw_deg,3.00000000,2,Car,30.24075561,30.18000000,0,0.00000000,61,8,13.11475410,38.30510950
kitti,000025,yaw_deg,3.00000000,3,Car,17.94052675,17.48000000,0,0.00000000,316,165,52.21518987,39.73575017
kitti,000025,yaw_deg,3.00000000,4,Cyclist,44.75969392,44.63000000,3,0.00000000,21,0,0.00000000,38.07126259
kitti,000025,yaw_deg,3.00000000,5,Car,22.77129333,22.30000000,1,0.00000000,27,0,0.00000000,38.98219659
kitti,000025,pitch_deg,0.00000000,0,Car,4.31125272,3.14000000,3,0.94000000,1319,138,10.46247157,0.00000000
kitti,000025,pitch_deg,0.00000000,1,Car,10.77577839,10.42000000,0,0.00000000,1121,1121,100.00000000,0.00000000
kitti,000025,pitch_deg,0.00000000,2,Car,30.24075561,30.18000000,0,0.00000000,61,61,100.00000000,0.00000000
kitti,000025,pitch_deg,0.00000000,3,Car,17.94052675,17.48000000,0,0.00000000,316,316,100.00000000,0.00000000
kitti,000025,pitch_deg,0.00000000,4,Cyclist,44.75969392,44.63000000,3,0.00000000,21,21,100.00000000,0.00000000
kitti,000025,pitch_deg,0.00000000,5,Car,22.77129333,22.30000000,1,0.00000000,27,27,100.00000000,0.00000000
kitti,000025,pitch_deg,0.50000000,0,Car,4.31125272,3.14000000,3,0.94000000,1319,120,9.09780136,7.20245178
kitti,000025,pitch_deg,0.50000000,1,Car,10.77577839,10.42000000,0,0.00000000,1121,1114,99.37555754,6.55827151
kitti,000025,pitch_deg,0.50000000,2,Car,30.24075561,30.18000000,0,0.00000000,61,54,88.52459016,6.36960318
kitti,000025,pitch_deg,0.50000000,3,Car,17.94052675,17.48000000,0,0.00000000,316,304,96.20253165,6.43601961
kitti,000025,pitch_deg,0.50000000,4,Cyclist,44.75969392,44.63000000,3,0.00000000,21,17,80.95238095,6.34050883
kitti,000025,pitch_deg,0.50000000,5,Car,22.77129333,22.30000000,1,0.00000000,27,27,100.00000000,6.39299153
kitti,000025,pitch_deg,1.00000000,0,Car,4.31125272,3.14000000,3,0.94000000,1319,104,7.88476118,14.40557903
kitti,000025,pitch_deg,1.00000000,1,Car,10.77577839,10.42000000,0,0.00000000,1121,1107,98.75111508,13.12973266
kitti,000025,pitch_deg,1.00000000,2,Car,30.24075561,30.18000000,0,0.00000000,61,33,54.09836066,12.74477461
kitti,000025,pitch_deg,1.00000000,3,Car,17.94052675,17.48000000,0,0.00000000,316,277,87.65822785,12.88155868
kitti,000025,pitch_deg,1.00000000,4,Cyclist,44.75969392,44.63000000,3,0.00000000,21,13,61.90476190,12.68491448
kitti,000025,pitch_deg,1.00000000,5,Car,22.77129333,22.30000000,1,0.00000000,27,23,85.18518519,12.79209560
kitti,000025,pitch_deg,2.00000000,0,Car,4.31125272,3.14000000,3,0.94000000,1319,99,7.50568613,28.90031823
kitti,000025,pitch_deg,2.00000000,1,Car,10.77577839,10.42000000,0,0.00000000,1121,1068,95.27207850,26.31663130
kitti,000025,pitch_deg,2.00000000,2,Car,30.24075561,30.18000000,0,0.00000000,61,4,6.55737705,25.51580302
kitti,000025,pitch_deg,2.00000000,3,Car,17.94052675,17.48000000,0,0.00000000,316,183,57.91139241,25.80599312
kitti,000025,pitch_deg,2.00000000,4,Cyclist,44.75969392,44.63000000,3,0.00000000,21,3,14.28571429,25.38934453
kitti,000025,pitch_deg,2.00000000,5,Car,22.77129333,22.30000000,1,0.00000000,27,14,51.85185185,25.61270301
kitti,000025,pitch_deg,3.00000000,0,Car,4.31125272,3.14000000,3,0.94000000,1319,78,5.91357089,43.40409027
kitti,000025,pitch_deg,3.00000000,1,Car,10.77577839,10.42000000,0,0.00000000,1121,905,80.73148974,39.57304945
kitti,000025,pitch_deg,3.00000000,2,Car,30.24075561,30.18000000,0,0.00000000,61,0,0.00000000,38.32109169
kitti,000025,pitch_deg,3.00000000,3,Car,17.94052675,17.48000000,0,0.00000000,316,103,32.59493671,38.77970453
kitti,000025,pitch_deg,3.00000000,4,Cyclist,44.75969392,44.63000000,3,0.00000000,21,0,0.00000000,38.12118059
kitti,000025,pitch_deg,3.00000000,5,Car,22.77129333,22.30000000,1,0.00000000,27,9,33.33333333,38.46999442
kitti,000025,roll_deg,0.00000000,0,Car,4.31125272,3.14000000,3,0.94000000,1319,138,10.46247157,0.00000000
kitti,000025,roll_deg,0.00000000,1,Car,10.77577839,10.42000000,0,0.00000000,1121,1121,100.00000000,0.00000000
kitti,000025,roll_deg,0.00000000,2,Car,30.24075561,30.18000000,0,0.00000000,61,61,100.00000000,0.00000000
kitti,000025,roll_deg,0.00000000,3,Car,17.94052675,17.48000000,0,0.00000000,316,316,100.00000000,0.00000000
kitti,000025,roll_deg,0.00000000,4,Cyclist,44.75969392,44.63000000,3,0.00000000,21,21,100.00000000,0.00000000
kitti,000025,roll_deg,0.00000000,5,Car,22.77129333,22.30000000,1,0.00000000,27,27,100.00000000,0.00000000
kitti,000025,roll_deg,1.00000000,0,Car,4.31125272,3.14000000,3,0.94000000,1319,121,9.17361638,8.17899329
kitti,000025,roll_deg,1.00000000,1,Car,10.77577839,10.42000000,0,0.00000000,1121,1121,100.00000000,3.21767121
kitti,000025,roll_deg,1.00000000,2,Car,30.24075561,30.18000000,0,0.00000000,61,61,100.00000000,0.64585407
kitti,000025,roll_deg,1.00000000,3,Car,17.94052675,17.48000000,0,0.00000000,316,316,100.00000000,2.78448254
kitti,000025,roll_deg,1.00000000,4,Cyclist,44.75969392,44.63000000,3,0.00000000,21,21,100.00000000,0.79546196
kitti,000025,roll_deg,1.00000000,5,Car,22.77129333,22.30000000,1,0.00000000,27,27,100.00000000,2.12561688
kitti,000025,roll_deg,2.00000000,0,Car,4.31125272,3.14000000,3,0.94000000,1319,110,8.33965125,14.91216089
kitti,000025,roll_deg,2.00000000,1,Car,10.77577839,10.42000000,0,0.00000000,1121,1120,99.91079393,6.43494556
kitti,000025,roll_deg,2.00000000,2,Car,30.24075561,30.18000000,0,0.00000000,61,61,100.00000000,1.29165779
kitti,000025,roll_deg,2.00000000,3,Car,17.94052675,17.48000000,0,0.00000000,316,310,98.10126582,5.56885716
kitti,000025,roll_deg,2.00000000,4,Cyclist,44.75969392,44.63000000,3,0.00000000,21,21,100.00000000,1.59087132
kitti,000025,roll_deg,2.00000000,5,Car,22.77129333,22.30000000,1,0.00000000,27,27,100.00000000,4.25113251
kitti,000025,roll_deg,3.00000000,0,Car,4.31125272,3.14000000,3,0.94000000,1319,108,8.18802123,22.49907682
kitti,000025,roll_deg,3.00000000,1,Car,10.77577839,10.42000000,0,0.00000000,1121,1098,97.94826048,9.65157754
kitti,000025,roll_deg,3.00000000,2,Car,30.24075561,30.18000000,0,0.00000000,61,61,100.00000000,1.93736181
kitti,000025,roll_deg,3.00000000,3,Car,17.94052675,17.48000000,0,0.00000000,316,300,94.93670886,8.35291083
kitti,000025,roll_deg,3.00000000,4,Cyclist,44.75969392,44.63000000,3,0.00000000,21,17,80.95238095,2.38616742
kitti,000025,roll_deg,3.00000000,5,Car,22.77129333,22.30000000,1,0.00000000,27,27,100.00000000,6.37638445
kitti,000025,ty_m,-0.10000000,0,Car,4.31125272,3.14000000,3,0.94000000,1319,126,9.55269143,22.86679941
kitti,000025,ty_m,-0.10000000,1,Car,10.77577839,10.42000000,0,0.00000000,1121,1121,100.00000000,8.15862601
kitti,000025,ty_m,-0.10000000,2,Car,30.24075561,30.18000000,0,0.00000000,61,61,100.00000000,2.53993453
kitti,000025,ty_m,-0.10000000,3,Car,17.94052675,17.48000000,0,0.00000000,316,316,100.00000000,4.40368650
kitti,000025,ty_m,-0.10000000,4,Cyclist,44.75969392,44.63000000,3,0.00000000,21,20,95.23809524,1.61604009
kitti,000025,ty_m,-0.10000000,5,Car,22.77129333,22.30000000,1,0.00000000,27,27,100.00000000,3.41950133
kitti,000025,ty_m,-0.05000000,0,Car,4.31125272,3.14000000,3,0.94000000,1319,130,9.85595148,12.13664163
kitti,000025,ty_m,-0.05000000,1,Car,10.77577839,10.42000000,0,0.00000000,1121,1121,100.00000000,4.07931014
kitti,000025,ty_m,-0.05000000,2,Car,30.24075561,30.18000000,0,0.00000000,61,61,100.00000000,1.26996699
kitti,000025,ty_m,-0.05000000,3,Car,17.94052675,17.48000000,0,0.00000000,316,316,100.00000000,2.20184241
kitti,000025,ty_m,-0.05000000,4,Cyclist,44.75969392,44.63000000,3,0.00000000,21,21,100.00000000,0.80801993
kitti,000025,ty_m,-0.05000000,5,Car,22.77129333,22.30000000,1,0.00000000,27,27,100.00000000,1.70975016
kitti,000025,ty_m,-0.02000000,0,Car,4.31125272,3.14000000,3,0.94000000,1319,135,10.23502654,4.95329975
kitti,000025,ty_m,-0.02000000,1,Car,10.77577839,10.42000000,0,0.00000000,1121,1121,100.00000000,1.63172337
kitti,000025,ty_m,-0.02000000,2,Car,30.24075561,30.18000000,0,0.00000000,61,61,100.00000000,0.50798673
kitti,000025,ty_m,-0.02000000,3,Car,17.94052675,17.48000000,0,0.00000000,316,316,100.00000000,0.88073676
kitti,000025,ty_m,-0.02000000,4,Cyclist,44.75969392,44.63000000,3,0.00000000,21,21,100.00000000,0.32320795
kitti,000025,ty_m,-0.02000000,5,Car,22.77129333,22.30000000,1,0.00000000,27,27,100.00000000,0.68389994
kitti,000025,ty_m,0.00000000,0,Car,4.31125272,3.14000000,3,0.94000000,1319,138,10.46247157,0.00000000
kitti,000025,ty_m,0.00000000,1,Car,10.77577839,10.42000000,0,0.00000000,1121,1121,100.00000000,0.00000000
kitti,000025,ty_m,0.00000000,2,Car,30.24075561,30.18000000,0,0.00000000,61,61,100.00000000,0.00000000
kitti,000025,ty_m,0.00000000,3,Car,17.94052675,17.48000000,0,0.00000000,316,316,100.00000000,0.00000000
kitti,000025,ty_m,0.00000000,4,Cyclist,44.75969392,44.63000000,3,0.00000000,21,21,100.00000000,0.00000000
kitti,000025,ty_m,0.00000000,5,Car,22.77129333,22.30000000,1,0.00000000,27,27,100.00000000,0.00000000
kitti,000025,ty_m,0.02000000,0,Car,4.31125272,3.14000000,3,0.94000000,1319,141,10.68991660,5.01347463
kitti,000025,ty_m,0.02000000,1,Car,10.77577839,10.42000000,0,0.00000000,1121,1121,100.00000000,1.63172245
kitti,000025,ty_m,0.02000000,2,Car,30.24075561,30.18000000,0,0.00000000,61,61,100.00000000,0.50798664
kitti,000025,ty_m,0.02000000,3,Car,17.94052675,17.48000000,0,0.00000000,316,316,100.00000000,0.88073650
kitti,000025,ty_m,0.02000000,4,Cyclist,44.75969392,44.63000000,3,0.00000000,21,21,100.00000000,0.32320791
kitti,000025,ty_m,0.02000000,5,Car,22.77129333,22.30000000,1,0.00000000,27,27,100.00000000,0.68389978
kitti,000025,ty_m,0.05000000,0,Car,4.31125272,3.14000000,3,0.94000000,1319,146,11.06899166,12.53367034
kitti,000025,ty_m,0.05000000,1,Car,10.77577839,10.42000000,0,0.00000000,1121,1120,99.91079393,4.07930440
kitti,000025,ty_m,0.05000000,2,Car,30.24075561,30.18000000,0,0.00000000,61,61,100.00000000,1.26996643
kitti,000025,ty_m,0.05000000,3,Car,17.94052675,17.48000000,0,0.00000000,316,316,100.00000000,2.20184074
kitti,000025,ty_m,0.05000000,4,Cyclist,44.75969392,44.63000000,3,0.00000000,21,21,100.00000000,0.80801971
kitti,000025,ty_m,0.05000000,5,Car,22.77129333,22.30000000,1,0.00000000,27,27,100.00000000,1.70974915
kitti,000025,ty_m,0.10000000,0,Car,4.31125272,3.14000000,3,0.94000000,1319,156,11.82714177,25.06728653
kitti,000025,ty_m,0.10000000,1,Car,10.77577839,10.42000000,0,0.00000000,1121,1117,99.64317574,8.15860306
kitti,000025,ty_m,0.10000000,2,Car,30.24075561,30.18000000,0,0.00000000,61,61,100.00000000,2.53993230
kitti,000025,ty_m,0.10000000,3,Car,17.94052675,17.48000000,0,0.00000000,316,316,100.00000000,4.40367981
kitti,000025,ty_m,0.10000000,4,Cyclist,44.75969392,44.63000000,3,0.00000000,21,20,95.23809524,1.61603919
kitti,000025,ty_m,0.10000000,5,Car,22.77129333,22.30000000,1,0.00000000,27,26,96.29629630,3.41949730
kitti,000031,yaw_deg,-3.00000000,0,Car,12.73406848,12.20000000,0,0.00000000,1028,811,78.89105058,41.04310552
kitti,000031,yaw_deg,-3.00000000,1,Car,9.18020152,8.46000000,0,0.00000000,1028,830,80.73929961,47.37597484
kitti,000031,yaw_deg,-3.00000000,2,Car,13.55821522,13.14000000,1,0.00000000,517,482,93.23017408,40.85752747
kitti,000031,yaw_deg,-3.00000000,3,Truck,22.59145192,22.27000000,2,0.00000000,328,175,53.35365854,38.90671053
kitti,000031,yaw_deg,-3.00000000,4,Car,26.60241154,26.41000000,0,0.00000000,141,34,24.11347518,38.86464775
kitti,000031,yaw_deg,-3.00000000,5,Van,51.96460911,51.90000000,0,0.00000000,32,0,0.00000000,38.14568021
kitti,000031,yaw_deg,-2.00000000,0,Car,12.73406848,12.20000000,0,0.00000000,1028,917,89.20233463,27.47891638
kitti,000031,yaw_deg,-2.00000000,1,Car,9.18020152,8.46000000,0,0.00000000,1028,916,89.10505837,31.32164881
kitti,000031,yaw_deg,-2.00000000,2,Car,13.55821522,13.14000000,1,0.00000000,517,513,99.22630561,27.12221682
kitti,000031,yaw_deg,-2.00000000,3,Truck,22.59145192,22.27000000,2,0.00000000,328,227,69.20731707,25.99468483
kitti,000031,yaw_deg,-2.00000000,4,Car,26.60241154,26.41000000,0,0.00000000,141,75,53.19148936,25.84878099
kitti,000031,yaw_deg,-2.00000000,5,Van,51.96460911,51.90000000,0,0.00000000,32,0,0.00000000,25.40124448
kitti,000031,yaw_deg,-1.00000000,0,Car,12.73406848,12.20000000,0,0.00000000,1028,992,96.49805447,13.80129296
kitti,000031,yaw_deg,-1.00000000,1,Car,9.18020152,8.46000000,0,0.00000000,1028,1011,98.34630350,15.53513774
kitti,000031,yaw_deg,-1.00000000,2,Car,13.55821522,13.14000000,1,0.00000000,517,517,100.00000000,13.50638708
kitti,000031,yaw_deg,-1.00000000,3,Truck,22.59145192,22.27000000,2,0.00000000,328,298,90.85365854,13.02855094
kitti,000031,yaw_deg,-1.00000000,4,Car,26.60241154,26.41000000,0,0.00000000,141,113,80.14184397,12.89670961
kitti,000031,yaw_deg,-1.00000000,5,Van,51.96460911,51.90000000,0,0.00000000,32,17,53.12500000,12.68865180
kitti,000031,yaw_deg,-0.50000000,0,Car,12.73406848,12.20000000,0,0.00000000,1028,1025,99.70817121,6.91675788
kitti,000031,yaw_deg,-0.50000000,1,Car,9.18020152,8.46000000,0,0.00000000,1028,1028,100.00000000,7.73714167
kitti,000031,yaw_deg,-0.50000000,2,Car,13.55821522,13.14000000,1,0.00000000,517,517,100.00000000,6.74012873
kitti,000031,yaw_deg,-0.50000000,3,Truck,22.59145192,22.27000000,2,0.00000000,328,310,94.51219512,6.52272519
kitti,000031,yaw_deg,-0.50000000,4,Car,26.60241154,26.41000000,0,0.00000000,141,134,95.03546099,6.44191607
kitti,000031,yaw_deg,-0.50000000,5,Van,51.96460911,51.90000000,0,0.00000000,32,25,78.12500000,6.34182465
kitti,000031,yaw_deg,0.00000000,0,Car,12.73406848,12.20000000,0,0.00000000,1028,1028,100.00000000,0.00000000
kitti,000031,yaw_deg,0.00000000,1,Car,9.18020152,8.46000000,0,0.00000000,1028,1028,100.00000000,0.00000000
kitti,000031,yaw_deg,0.00000000,2,Car,13.55821522,13.14000000,1,0.00000000,517,517,100.00000000,0.00000000
kitti,000031,yaw_deg,0.00000000,3,Truck,22.59145192,22.27000000,2,0.00000000,328,328,100.00000000,0.00000000
kitti,000031,yaw_deg,0.00000000,4,Car,26.60241154,26.41000000,0,0.00000000,141,141,100.00000000,0.00000000
kitti,000031,yaw_deg,0.00000000,5,Van,51.96460911,51.90000000,0,0.00000000,32,32,100.00000000,0.00000000
kitti,000031,yaw_deg,0.50000000,0,Car,12.73406848,12.20000000,0,0.00000000,1028,1025,99.70817121,6.95031390
kitti,000031,yaw_deg,0.50000000,1,Car,9.18020152,8.46000000,0,0.00000000,1028,1028,100.00000000,7.67821381
kitti,000031,yaw_deg,0.50000000,2,Car,13.55821522,13.14000000,1,0.00000000,517,508,98.25918762,6.71520808
kitti,000031,yaw_deg,0.50000000,3,Truck,22.59145192,22.27000000,2,0.00000000,328,320,97.56097561,6.54081111
kitti,000031,yaw_deg,0.50000000,4,Car,26.60241154,26.41000000,0,0.00000000,141,131,92.90780142,6.43019091
kitti,000031,yaw_deg,0.50000000,5,Van,51.96460911,51.90000000,0,0.00000000,32,28,87.50000000,6.33783370
kitti,000031,yaw_deg,1.00000000,0,Car,12.73406848,12.20000000,0,0.00000000,1028,1000,97.27626459,13.93554058
kitti,000031,yaw_deg,1.00000000,1,Car,9.18020152,8.46000000,0,0.00000000,1028,1017,98.92996109,15.29937889
kitti,000031,yaw_deg,1.00000000,2,Car,13.55821522,13.14000000,1,0.00000000,517,491,94.97098646,13.40630805
kitti,000031,yaw_deg,1.00000000,3,Truck,22.59145192,22.27000000,2,0.00000000,328,304,92.68292683,13.10077825
kitti,000031,yaw_deg,1.00000000,4,Car,26.60241154,26.41000000,0,0.00000000,141,110,78.01418440,12.84964197
kitti,000031,yaw_deg,1.00000000,5,Van,51.96460911,51.90000000,0,0.00000000,32,19,59.37500000,12.67286017
kitti,000031,yaw_deg,2.00000000,0,Car,12.73406848,12.20000000,0,0.00000000,1028,903,87.84046693,28.01698933
kitti,000031,yaw_deg,2.00000000,1,Car,9.18020152,8.46000000,0,0.00000000,1028,977,95.03891051,30.37785425
kitti,000031,yaw_deg,2.00000000,2,Car,13.55821522,13.14000000,1,0.00000000,517,432,83.55899420,26.72029937
kitti,000031,yaw_deg,2.00000000,3,Truck,22.59145192,22.27000000,2,0.00000000,328,255,77.74390244,26.28259239
kitti,000031,yaw_deg,2.00000000,4,Car,26.60241154,26.41000000,0,0.00000000,141,68,48.22695035,25.66039261
kitti,000031,yaw_deg,2.00000000,5,Van,51.96460911,51.90000000,0,0.00000000,32,3,9.37500000,25.33838795
kitti,000031,yaw_deg,3.00000000,0,Car,12.73406848,12.20000000,0,0.00000000,1028,801,77.91828794,42.25590149
kitti,000031,yaw_deg,3.00000000,1,Car,9.18020152,8.46000000,0,0.00000000,1028,953,92.70428016,45.24958464
kitti,000031,yaw_deg,3.00000000,2,Car,13.55821522,13.14000000,1,0.00000000,517,351,67.89168279,39.95274145
kitti,000031,yaw_deg,3.00000000,3,Truck,22.59145192,22.27000000,2,0.00000000,328,209,63.71951220,39.55377786
kitti,000031,yaw_deg,3.00000000,4,Car,26.60241154,26.41000000,0,0.00000000,141,29,20.56737589,38.44033146
kitti,000031,yaw_deg,3.00000000,5,Van,51.96460911,51.90000000,0,0.00000000,32,0,0.00000000,38.00520947
kitti,000031,pitch_deg,0.00000000,0,Car,12.73406848,12.20000000,0,0.00000000,1028,1028,100.00000000,0.00000000
kitti,000031,pitch_deg,0.00000000,1,Car,9.18020152,8.46000000,0,0.00000000,1028,1028,100.00000000,0.00000000
kitti,000031,pitch_deg,0.00000000,2,Car,13.55821522,13.14000000,1,0.00000000,517,517,100.00000000,0.00000000
kitti,000031,pitch_deg,0.00000000,3,Truck,22.59145192,22.27000000,2,0.00000000,328,328,100.00000000,0.00000000
kitti,000031,pitch_deg,0.00000000,4,Car,26.60241154,26.41000000,0,0.00000000,141,141,100.00000000,0.00000000
kitti,000031,pitch_deg,0.00000000,5,Van,51.96460911,51.90000000,0,0.00000000,32,32,100.00000000,0.00000000
kitti,000031,pitch_deg,0.50000000,0,Car,12.73406848,12.20000000,0,0.00000000,1028,1025,99.70817121,6.51641196
kitti,000031,pitch_deg,0.50000000,1,Car,9.18020152,8.46000000,0,0.00000000,1028,1012,98.44357977,6.67760192
kitti,000031,pitch_deg,0.50000000,2,Car,13.55821522,13.14000000,1,0.00000000,517,511,98.83945841,6.48430926
kitti,000031,pitch_deg,0.50000000,3,Truck,22.59145192,22.27000000,2,0.00000000,328,321,97.86585366,6.38097991
kitti,000031,pitch_deg,0.50000000,4,Car,26.60241154,26.41000000,0,0.00000000,141,124,87.94326241,6.38161618
kitti,000031,pitch_deg,0.50000000,5,Van,51.96460911,51.90000000,0,0.00000000,32,23,71.87500000,6.33676900
kitti,000031,pitch_deg,1.00000000,0,Car,12.73406848,12.20000000,0,0.00000000,1028,1002,97.47081712,13.04472813
kitti,000031,pitch_deg,1.00000000,1,Car,9.18020152,8.46000000,0,0.00000000,1028,985,95.81712062,13.37443661
kitti,000031,pitch_deg,1.00000000,2,Car,13.55821522,13.14000000,1,0.00000000,517,503,97.29206963,12.97889934
kitti,000031,pitch_deg,1.00000000,3,Truck,22.59145192,22.27000000,2,0.00000000,328,304,92.68292683,12.76042658
kitti,000031,pitch_deg,1.00000000,4,Car,26.60241154,26.41000000,0,0.00000000,141,101,71.63120567,12.76942145
kitti,000031,pitch_deg,1.00000000,5,Van,51.96460911,51.90000000,0,0.00000000,32,14,43.75000000,12.67748158
kitti,000031,pitch_deg,2.00000000,0,Car,12.73406848,12.20000000,0,0.00000000,1028,890,86.57587549,26.14240763
kitti,000031,pitch_deg,2.00000000,1,Car,9.18020152,8.46000000,0,0.00000000,1028,927,90.17509728,26.83069634
kitti,000031,pitch_deg,2.00000000,2,Car,13.55821522,13.14000000,1,0.00000000,517,440,85.10638298,26.00232288
kitti,000031,pitch_deg,2.00000000,3,Truck,22.59145192,22.27000000,2,0.00000000,328,291,88.71951220,25.51857530
kitti,000031,pitch_deg,2.00000000,4,Car,26.60241154,26.41000000,0,0.00000000,141,40,28.36879433,25.56754034
kitti,000031,pitch_deg,2.00000000,5,Van,51.96460911,51.90000000,0,0.00000000,32,1,3.12500000,25.37465590
kitti,000031,pitch_deg,3.00000000,0,Car,12.73406848,12.20000000,0,0.00000000,1028,741,72.08171206,39.30531725
kitti,000031,pitch_deg,3.00000000,1,Car,9.18020152,8.46000000,0,0.00000000,1028,805,78.30739300,40.36909739
kitti,000031,pitch_deg,3.00000000,2,Car,13.55821522,13.14000000,1,0.00000000,517,341,65.95744681,39.07956718
kitti,000031,pitch_deg,3.00000000,3,Truck,22.59145192,22.27000000,2,0.00000000,328,281,85.67073171,38.28960348
kitti,000031,pitch_deg,3.00000000,4,Car,26.60241154,26.41000000,0,0.00000000,141,7,4.96453901,38.40245208
kitti,000031,pitch_deg,3.00000000,5,Van,51.96460911,51.90000000,0,0.00000000,32,0,0.00000000,38.09939392
kitti,000031,roll_deg,0.00000000,0,Car,12.73406848,12.20000000,0,0.00000000,1028,1028,100.00000000,0.00000000
kitti,000031,roll_deg,0.00000000,1,Car,9.18020152,8.46000000,0,0.00000000,1028,1028,100.00000000,0.00000000
kitti,000031,roll_deg,0.00000000,2,Car,13.55821522,13.14000000,1,0.00000000,517,517,100.00000000,0.00000000
kitti,000031,roll_deg,0.00000000,3,Truck,22.59145192,22.27000000,2,0.00000000,328,328,100.00000000,0.00000000
kitti,000031,roll_deg,0.00000000,4,Car,26.60241154,26.41000000,0,0.00000000,141,141,100.00000000,0.00000000
kitti,000031,roll_deg,0.00000000,5,Van,51.96460911,51.90000000,0,0.00000000,32,32,100.00000000,0.00000000
kitti,000031,roll_deg,1.00000000,0,Car,12.73406848,12.20000000,0,0.00000000,1028,1028,100.00000000,3.66133692
kitti,000031,roll_deg,1.00000000,1,Car,9.18020152,8.46000000,0,0.00000000,1028,1012,98.44357977,5.61671365
kitti,000031,roll_deg,1.00000000,2,Car,13.55821522,13.14000000,1,0.00000000,517,517,100.00000000,2.85393789
kitti,000031,roll_deg,1.00000000,3,Truck,22.59145192,22.27000000,2,0.00000000,328,328,100.00000000,2.03047802
kitti,000031,roll_deg,1.00000000,4,Car,26.60241154,26.41000000,0,0.00000000,141,141,100.00000000,1.38159195
kitti,000031,roll_deg,1.00000000,5,Van,51.96460911,51.90000000,0,0.00000000,32,32,100.00000000,0.49375018
kitti,000031,roll_deg,2.00000000,0,Car,12.73406848,12.20000000,0,0.00000000,1028,999,97.17898833,7.32220899
kitti,000031,roll_deg,2.00000000,1,Car,9.18020152,8.46000000,0,0.00000000,1028,999,97.17898833,11.23341712
kitti,000031,roll_deg,2.00000000,2,Car,13.55821522,13.14000000,1,0.00000000,517,516,99.80657640,5.70775805
kitti,000031,roll_deg,2.00000000,3,Truck,22.59145192,22.27000000,2,0.00000000,328,328,100.00000000,4.06074191
kitti,000031,roll_deg,2.00000000,4,Car,26.60241154,26.41000000,0,0.00000000,141,141,100.00000000,2.76310350
kitti,000031,roll_deg,2.00000000,5,Van,51.96460911,51.90000000,0,0.00000000,32,32,100.00000000,0.98746576
kitti,000031,roll_deg,3.00000000,0,Car,12.73406848,12.20000000,0,0.00000000,1028,964,93.77431907,10.98233581
kitti,000031,roll_deg,3.00000000,1,Car,9.18020152,8.46000000,0,0.00000000,1028,973,94.64980545,16.84967820
kitti,000031,roll_deg,3.00000000,2,Car,13.55821522,13.14000000,1,0.00000000,517,509,98.45261122,8.56124159
kitti,000031,roll_deg,3.00000000,3,Truck,22.59145192,22.27000000,2,0.00000000,328,328,100.00000000,6.09063743
kitti,000031,roll_deg,3.00000000,4,Car,26.60241154,26.41000000,0,0.00000000,141,140,99.29078014,4.14442915
kitti,000031,roll_deg,3.00000000,5,Van,51.96460911,51.90000000,0,0.00000000,32,32,100.00000000,1.48110910
kitti,000031,ty_m,-0.10000000,0,Car,12.73406848,12.20000000,0,0.00000000,1028,1027,99.90272374,6.78448887
kitti,000031,ty_m,-0.10000000,1,Car,9.18020152,8.46000000,0,0.00000000,1028,1028,100.00000000,10.12935148
kitti,000031,ty_m,-0.10000000,2,Car,13.55821522,13.14000000,1,0.00000000,517,517,100.00000000,6.08989815
kitti,000031,ty_m,-0.10000000,3,Truck,22.59145192,22.27000000,2,0.00000000,328,326,99.39024390,3.41837059
kitti,000031,ty_m,-0.10000000,4,Car,26.60241154,26.41000000,0,0.00000000,141,140,99.29078014,2.91971796
kitti,000031,ty_m,-0.10000000,5,Van,51.96460911,51.90000000,0,0.00000000,32,31,96.87500000,1.44701294
kitti,000031,ty_m,-0.05000000,0,Car,12.73406848,12.20000000,0,0.00000000,1028,1028,100.00000000,3.39224245
kitti,000031,ty_m,-0.05000000,1,Car,9.18020152,8.46000000,0,0.00000000,1028,1028,100.00000000,5.06467132
kitti,000031,ty_m,-0.05000000,2,Car,13.55821522,13.14000000,1,0.00000000,517,517,100.00000000,3.04494748
kitti,000031,ty_m,-0.05000000,3,Truck,22.59145192,22.27000000,2,0.00000000,328,327,99.69512195,1.70918479
kitti,000031,ty_m,-0.05000000,4,Car,26.60241154,26.41000000,0,0.00000000,141,141,100.00000000,1.45985861
kitti,000031,ty_m,-0.05000000,5,Van,51.96460911,51.90000000,0,0.00000000,32,32,100.00000000,0.72350638
kitti,000031,ty_m,-0.02000000,0,Car,12.73406848,12.20000000,0,0.00000000,1028,1028,100.00000000,1.35689650
kitti,000031,ty_m,-0.02000000,1,Car,9.18020152,8.46000000,0,0.00000000,1028,1028,100.00000000,2.02586747
kitti,000031,ty_m,-0.02000000,2,Car,13.55821522,13.14000000,1,0.00000000,517,517,100.00000000,1.21797861
kitti,000031,ty_m,-0.02000000,3,Truck,22.59145192,22.27000000,2,0.00000000,328,328,100.00000000,0.68367380
kitti,000031,ty_m,-0.02000000,4,Car,26.60241154,26.41000000,0,0.00000000,141,141,100.00000000,0.58394336
kitti,000031,ty_m,-0.02000000,5,Van,51.96460911,51.90000000,0,0.00000000,32,32,100.00000000,0.28940253
kitti,000031,ty_m,0.00000000,0,Car,12.73406848,12.20000000,0,0.00000000,1028,1028,100.00000000,0.00000000
kitti,000031,ty_m,0.00000000,1,Car,9.18020152,8.46000000,0,0.00000000,1028,1028,100.00000000,0.00000000
kitti,000031,ty_m,0.00000000,2,Car,13.55821522,13.14000000,1,0.00000000,517,517,100.00000000,0.00000000
kitti,000031,ty_m,0.00000000,3,Truck,22.59145192,22.27000000,2,0.00000000,328,328,100.00000000,0.00000000
kitti,000031,ty_m,0.00000000,4,Car,26.60241154,26.41000000,0,0.00000000,141,141,100.00000000,0.00000000
kitti,000031,ty_m,0.00000000,5,Van,51.96460911,51.90000000,0,0.00000000,32,32,100.00000000,0.00000000
kitti,000031,ty_m,0.02000000,0,Car,12.73406848,12.20000000,0,0.00000000,1028,1028,100.00000000,1.35689587
kitti,000031,ty_m,0.02000000,1,Car,9.18020152,8.46000000,0,0.00000000,1028,1028,100.00000000,2.02586605
kitti,000031,ty_m,0.02000000,2,Car,13.55821522,13.14000000,1,0.00000000,517,517,100.00000000,1.21797810
kitti,000031,ty_m,0.02000000,3,Truck,22.59145192,22.27000000,2,0.00000000,328,328,100.00000000,0.68367363
kitti,000031,ty_m,0.02000000,4,Car,26.60241154,26.41000000,0,0.00000000,141,141,100.00000000,0.58394324
kitti,000031,ty_m,0.02000000,5,Van,51.96460911,51.90000000,0,0.00000000,32,32,100.00000000,0.28940250
kitti,000031,ty_m,0.05000000,0,Car,12.73406848,12.20000000,0,0.00000000,1028,1028,100.00000000,3.39223849
kitti,000031,ty_m,0.05000000,1,Car,9.18020152,8.46000000,0,0.00000000,1028,1028,100.00000000,5.06466248
kitti,000031,ty_m,0.05000000,2,Car,13.55821522,13.14000000,1,0.00000000,517,516,99.80657640,3.04494428
kitti,000031,ty_m,0.05000000,3,Truck,22.59145192,22.27000000,2,0.00000000,328,328,100.00000000,1.70918378
kitti,000031,ty_m,0.05000000,4,Car,26.60241154,26.41000000,0,0.00000000,141,141,100.00000000,1.45985788
kitti,000031,ty_m,0.05000000,5,Van,51.96460911,51.90000000,0,0.00000000,32,32,100.00000000,0.72350620
kitti,000031,ty_m,0.10000000,0,Car,12.73406848,12.20000000,0,0.00000000,1028,1025,99.70817121,6.78447300
kitti,000031,ty_m,0.10000000,1,Car,9.18020152,8.46000000,0,0.00000000,1028,1028,100.00000000,10.12931611
kitti,000031,ty_m,0.10000000,2,Car,13.55821522,13.14000000,1,0.00000000,517,511,98.83945841,6.08988536
kitti,000031,ty_m,0.10000000,3,Truck,22.59145192,22.27000000,2,0.00000000,328,327,99.69512195,3.41836656
kitti,000031,ty_m,0.10000000,4,Car,26.60241154,26.41000000,0,0.00000000,141,140,99.29078014,2.91971502
kitti,000031,ty_m,0.10000000,5,Van,51.96460911,51.90000000,0,0.00000000,32,32,100.00000000,1.44701222
kitti,000032,yaw_deg,-3.00000000,0,Car,9.80153559,9.00000000,0,0.00000000,1435,1287,89.68641115,44.00121727
kitti,000032,yaw_deg,-3.00000000,1,Car,9.27557006,8.60000000,0,0.00000000,1352,1125,83.21005917,46.03048278
kitti,000032,yaw_deg,-3.00000000,2,Van,14.90556272,14.34000000,1,0.00000000,803,530,66.00249066,40.36971320
kitti,000032,yaw_deg,-3.00000000,3,Car,13.89888125,13.47000000,1,0.00000000,410,404,98.53658537,40.93449129
kitti,000032,yaw_deg,-3.00000000,4,Car,20.23326469,19.85000000,2,0.00000000,71,56,78.87323944,39.69475508
kitti,000032,yaw_deg,-3.00000000,5,Van,25.46885353,22.71000000,2,0.00000000,584,452,77.39726027,44.88227720
kitti,000032,yaw_deg,-3.00000000,6,Car,25.88769206,25.25000000,2,0.00000000,75,36,48.00000000,40.49036366
kitti,000032,yaw_deg,-3.00000000,7,Van,44.74503995,44.71000000,0,0.00000000,64,0,0.00000000,38.13549766
kitti,000032,yaw_deg,-3.00000000,8,Van,41.11421165,39.04000000,2,0.00000000,154,146,94.80519481,42.00751451
kitti,000032,yaw_deg,-3.00000000,9,Car,45.17375676,44.75000000,0,0.00000000,39,0,0.00000000,38.49111716
kitti,000032,yaw_deg,-2.00000000,0,Car,9.80153559,9.00000000,0,0.00000000,1435,1382,96.30662021,29.51952342
kitti,000032,yaw_deg,-2.00000000,1,Car,9.27557006,8.60000000,0,0.00000000,1352,1223,90.45857988,30.45413122
kitti,000032,yaw_deg,-2.00000000,2,Van,14.90556272,14.34000000,1,0.00000000,803,653,81.32004981,27.01385061
kitti,000032,yaw_deg,-2.00000000,3,Car,13.89888125,13.47000000,1,0.00000000,410,410,100.00000000,27.16995365
kitti,000032,yaw_deg,-2.00000000,4,Car,20.23326469,19.85000000,2,0.00000000,71,64,90.14084507,26.37428121
kitti,000032,yaw_deg,-2.00000000,5,Van,25.46885353,22.71000000,2,0.00000000,584,522,89.38356164,30.13925219
kitti,000032,yaw_deg,-2.00000000,6,Car,25.88769206,25.25000000,2,0.00000000,75,60,80.00000000,26.87590888
kitti,000032,yaw_deg,-2.00000000,7,Van,44.74503995,44.71000000,0,0.00000000,64,6,9.37500000,25.39842467
kitti,000032,yaw_deg,-2.00000000,8,Van,41.11421165,39.04000000,2,0.00000000,154,153,99.35064935,27.84464738
kitti,000032,yaw_deg,-2.00000000,9,Car,45.17375676,44.75000000,0,0.00000000,39,11,28.20512821,25.70886540
kitti,000032,yaw_deg,-1.00000000,0,Car,9.80153559,9.00000000,0,0.00000000,1435,1429,99.58188153,14.85644061
kitti,000032,yaw_deg,-1.00000000,1,Car,9.27557006,8.60000000,0,0.00000000,1352,1321,97.70710059,15.11562289
kitti,000032,yaw_deg,-1.00000000,2,Van,14.90556272,14.34000000,1,0.00000000,803,747,93.02615193,13.56033752
kitti,000032,yaw_deg,-1.00000000,3,Car,13.89888125,13.47000000,1,0.00000000,410,410,100.00000000,13.52893862
kitti,000032,yaw_deg,-1.00000000,4,Car,20.23326469,19.85000000,2,0.00000000,71,70,98.59154930,13.14572879
kitti,000032,yaw_deg,-1.00000000,5,Van,25.46885353,22.71000000,2,0.00000000,584,574,98.28767123,15.18320125
kitti,000032,yaw_deg,-1.00000000,6,Car,25.88769206,25.25000000,2,0.00000000,75,72,96.00000000,13.38240262
kitti,000032,yaw_deg,-1.00000000,7,Van,44.74503995,44.71000000,0,0.00000000,64,36,56.25000000,12.68963711
kitti,000032,yaw_deg,-1.00000000,8,Van,41.11421165,39.04000000,2,0.00000000,154,154,100.00000000,13.84590838
kitti,000032,yaw_deg,-1.00000000,9,Car,45.17375676,44.75000000,0,0.00000000,39,29,74.35897436,12.88121957
kitti,000032,yaw_deg,-0.50000000,0,Car,9.80153559,9.00000000,0,0.00000000,1435,1435,100.00000000,7.45326621
kitti,000032,yaw_deg,-0.50000000,1,Car,9.27557006,8.60000000,0,0.00000000,1352,1346,99.55621302,7.53085735
kitti,000032,yaw_deg,-0.50000000,2,Van,14.90556272,14.34000000,1,0.00000000,803,789,98.25653798,6.79412864
kitti,000032,yaw_deg,-0.50000000,3,Car,13.89888125,13.47000000,1,0.00000000,410,410,100.00000000,6.75109408
kitti,000032,yaw_deg,-0.50000000,4,Car,20.23326469,19.85000000,2,0.00000000,71,71,100.00000000,6.56307137
kitti,000032,yaw_deg,-0.50000000,5,Van,25.46885353,22.71000000,2,0.00000000,584,580,99.31506849,7.62090451
kitti,000032,yaw_deg,-0.50000000,6,Car,25.88769206,25.25000000,2,0.00000000,75,75,100.00000000,6.67791672
kitti,000032,yaw_deg,-0.50000000,7,Van,44.74503995,44.71000000,0,0.00000000,64,49,76.56250000,6.34291527
kitti,000032,yaw_deg,-0.50000000,8,Van,41.11421165,39.04000000,2,0.00000000,154,154,100.00000000,6.90453919
kitti,000032,yaw_deg,-0.50000000,9,Car,45.17375676,44.75000000,0,0.00000000,39,37,94.87179487,6.44782275
kitti,000032,yaw_deg,0.00000000,0,Car,9.80153559,9.00000000,0,0.00000000,1435,1435,100.00000000,0.00000000
kitti,000032,yaw_deg,0.00000000,1,Car,9.27557006,8.60000000,0,0.00000000,1352,1350,99.85207101,0.00000000
kitti,000032,yaw_deg,0.00000000,2,Van,14.90556272,14.34000000,1,0.00000000,803,803,100.00000000,0.00000000
kitti,000032,yaw_deg,0.00000000,3,Car,13.89888125,13.47000000,1,0.00000000,410,410,100.00000000,0.00000000
kitti,000032,yaw_deg,0.00000000,4,Car,20.23326469,19.85000000,2,0.00000000,71,71,100.00000000,0.00000000
kitti,000032,yaw_deg,0.00000000,5,Van,25.46885353,22.71000000,2,0.00000000,584,584,100.00000000,0.00000000
kitti,000032,yaw_deg,0.00000000,6,Car,25.88769206,25.25000000,2,0.00000000,75,75,100.00000000,0.00000000
kitti,000032,yaw_deg,0.00000000,7,Van,44.74503995,44.71000000,0,0.00000000,64,64,100.00000000,0.00000000
kitti,000032,yaw_deg,0.00000000,8,Van,41.11421165,39.04000000,2,0.00000000,154,154,100.00000000,0.00000000
kitti,000032,yaw_deg,0.00000000,9,Car,45.17375676,44.75000000,0,0.00000000,39,39,100.00000000,0.00000000
kitti,000032,yaw_deg,0.50000000,0,Car,9.80153559,9.00000000,0,0.00000000,1435,1435,100.00000000,7.50507400
kitti,000032,yaw_deg,0.50000000,1,Car,9.27557006,8.60000000,0,0.00000000,1352,1352,100.00000000,7.47870910
kitti,000032,yaw_deg,0.50000000,2,Van,14.90556272,14.34000000,1,0.00000000,803,803,100.00000000,6.82330687
kitti,000032,yaw_deg,0.50000000,3,Car,13.89888125,13.47000000,1,0.00000000,410,410,100.00000000,6.72555918
kitti,000032,yaw_deg,0.50000000,4,Car,20.23326469,19.85000000,2,0.00000000,71,59,83.09859155,6.54458918
kitti,000032,yaw_deg,0.50000000,5,Van,25.46885353,22.71000000,2,0.00000000,584,584,100.00000000,7.68139040
kitti,000032,yaw_deg,0.50000000,6,Car,25.88769206,25.25000000,2,0.00000000,75,75,100.00000000,6.65253201
kitti,000032,yaw_deg,0.50000000,7,Van,44.74503995,44.71000000,0,0.00000000,64,58,90.62500000,6.34008300
kitti,000032,yaw_deg,0.50000000,8,Van,41.11421165,39.04000000,2,0.00000000,154,153,99.35064935,6.86905441
kitti,000032,yaw_deg,0.50000000,9,Car,45.17375676,44.75000000,0,0.00000000,39,34,87.17948718,6.46329237
kitti,000032,yaw_deg,1.00000000,0,Car,9.80153559,9.00000000,0,0.00000000,1435,1435,100.00000000,15.06371228
kitti,000032,yaw_deg,1.00000000,1,Car,9.27557006,8.60000000,0,0.00000000,1352,1334,98.66863905,14.90698944
kitti,000032,yaw_deg,1.00000000,2,Van,14.90556272,14.34000000,1,0.00000000,803,803,100.00000000,13.67706187
kitti,000032,yaw_deg,1.00000000,3,Car,13.89888125,13.47000000,1,0.00000000,410,395,96.34146341,13.42678200
kitti,000032,yaw_deg,1.00000000,4,Car,20.23326469,19.85000000,2,0.00000000,71,46,64.78873239,13.07178818
kitti,000032,yaw_deg,1.00000000,5,Van,25.46885353,22.71000000,2,0.00000000,584,584,100.00000000,15.42519359
kitti,000032,yaw_deg,1.00000000,6,Car,25.88769206,25.25000000,2,0.00000000,75,73,97.33333333,13.28084702
kitti,000032,yaw_deg,1.00000000,7,Van,44.74503995,44.71000000,0,0.00000000,64,43,67.18750000,12.67799189
kitti,000032,yaw_deg,1.00000000,8,Van,41.11421165,39.04000000,2,0.00000000,154,135,87.66233766,13.70394466
kitti,000032,yaw_deg,1.00000000,9,Car,45.17375676,44.75000000,0,0.00000000,39,25,64.10256410,12.94310784
kitti,000032,yaw_deg,2.00000000,0,Car,9.80153559,9.00000000,0,0.00000000,1435,1420,98.95470383,30.35215099
kitti,000032,yaw_deg,2.00000000,1,Car,9.27557006,8.60000000,0,0.00000000,1352,1274,94.23076923,29.61894981
kitti,000032,yaw_deg,2.00000000,2,Van,14.90556272,14.34000000,1,0.00000000,803,788,98.13200498,27.48110179
kitti,000032,yaw_deg,2.00000000,3,Car,13.89888125,13.47000000,1,0.00000000,410,352,85.85365854,26.76093279
kitti,000032,yaw_deg,2.00000000,4,Car,20.23326469,19.85000000,2,0.00000000,71,18,25.35211268,26.07832870
kitti,000032,yaw_deg,2.00000000,5,Van,25.46885353,22.71000000,2,0.00000000,584,584,100.00000000,31.10800260
kitti,000032,yaw_deg,2.00000000,6,Car,25.88769206,25.25000000,2,0.00000000,75,56,74.66666667,26.46941830
kitti,000032,yaw_deg,2.00000000,7,Van,44.74503995,44.71000000,0,0.00000000,64,15,23.43750000,25.35378230
kitti,000032,yaw_deg,2.00000000,8,Van,41.11421165,39.04000000,2,0.00000000,154,110,71.42857143,27.27639863
kitti,000032,yaw_deg,2.00000000,9,Car,45.17375676,44.75000000,0,0.00000000,39,8,20.51282051,25.95657522
kitti,000032,yaw_deg,3.00000000,0,Car,9.80153559,9.00000000,0,0.00000000,1435,1362,94.91289199,45.88160588
kitti,000032,yaw_deg,3.00000000,1,Car,9.27557006,8.60000000,0,0.00000000,1352,1214,89.79289941,44.14889154
kitti,000032,yaw_deg,3.00000000,2,Van,14.90556272,14.34000000,1,0.00000000,803,754,93.89788294,41.42585493
kitti,000032,yaw_deg,3.00000000,3,Car,13.89888125,13.47000000,1,0.00000000,410,298,72.68292683,40.01173319
kitti,000032,yaw_deg,3.00000000,4,Car,20.23326469,19.85000000,2,0.00000000,71,8,11.26760563,39.02814820
kitti,000032,yaw_deg,3.00000000,5,Van,25.46885353,22.71000000,2,0.00000000,584,584,100.00000000,47.06490032
kitti,000032,yaw_deg,3.00000000,6,Car,25.88769206,25.25000000,2,0.00000000,75,42,56.00000000,39.57475267
kitti,000032,yaw_deg,3.00000000,7,Van,44.74503995,44.71000000,0,0.00000000,64,0,0.00000000,38.03385171
kitti,000032,yaw_deg,3.00000000,8,Van,41.11421165,39.04000000,2,0.00000000,154,81,52.59740260,40.72747531
kitti,000032,yaw_deg,3.00000000,9,Car,45.17375676,44.75000000,0,0.00000000,39,0,0.00000000,39.04905296
kitti,000032,pitch_deg,0.00000000,0,Car,9.80153559,9.00000000,0,0.00000000,1435,1435,100.00000000,0.00000000
kitti,000032,pitch_deg,0.00000000,1,Car,9.27557006,8.60000000,0,0.00000000,1352,1350,99.85207101,0.00000000
kitti,000032,pitch_deg,0.00000000,2,Van,14.90556272,14.34000000,1,0.00000000,803,803,100.00000000,0.00000000
kitti,000032,pitch_deg,0.00000000,3,Car,13.89888125,13.47000000,1,0.00000000,410,410,100.00000000,0.00000000
kitti,000032,pitch_deg,0.00000000,4,Car,20.23326469,19.85000000,2,0.00000000,71,71,100.00000000,0.00000000
kitti,000032,pitch_deg,0.00000000,5,Van,25.46885353,22.71000000,2,0.00000000,584,584,100.00000000,0.00000000
kitti,000032,pitch_deg,0.00000000,6,Car,25.88769206,25.25000000,2,0.00000000,75,75,100.00000000,0.00000000
kitti,000032,pitch_deg,0.00000000,7,Van,44.74503995,44.71000000,0,0.00000000,64,64,100.00000000,0.00000000
kitti,000032,pitch_deg,0.00000000,8,Van,41.11421165,39.04000000,2,0.00000000,154,154,100.00000000,0.00000000
kitti,000032,pitch_deg,0.00000000,9,Car,45.17375676,44.75000000,0,0.00000000,39,39,100.00000000,0.00000000
kitti,000032,pitch_deg,0.50000000,0,Car,9.80153559,9.00000000,0,0.00000000,1435,1435,100.00000000,6.60639971
kitti,000032,pitch_deg,0.50000000,1,Car,9.27557006,8.60000000,0,0.00000000,1352,1340,99.11242604,6.64144740
kitti,000032,pitch_deg,0.50000000,2,Van,14.90556272,14.34000000,1,0.00000000,803,803,100.00000000,6.43861858
kitti,000032,pitch_deg,0.50000000,3,Car,13.89888125,13.47000000,1,0.00000000,410,410,100.00000000,6.47538825
kitti,000032,pitch_deg,0.50000000,4,Car,20.23326469,19.85000000,2,0.00000000,71,65,91.54929577,6.40046165
kitti,000032,pitch_deg,0.50000000,5,Van,25.46885353,22.71000000,2,0.00000000,584,584,100.00000000,6.37590369
kitti,000032,pitch_deg,0.50000000,6,Car,25.88769206,25.25000000,2,0.00000000,75,75,100.00000000,6.37013530
kitti,000032,pitch_deg,0.50000000,7,Van,44.74503995,44.71000000,0,0.00000000,64,51,79.68750000,6.33840573
kitti,000032,pitch_deg,0.50000000,8,Van,41.11421165,39.04000000,2,0.00000000,154,154,100.00000000,6.34170639
kitti,000032,pitch_deg,0.50000000,9,Car,45.17375676,44.75000000,0,0.00000000,39,26,66.66666667,6.34228245
kitti,000032,pitch_deg,1.00000000,0,Car,9.80153559,9.00000000,0,0.00000000,1435,1435,100.00000000,13.22994682
kitti,000032,pitch_deg,1.00000000,1,Car,9.27557006,8.60000000,0,0.00000000,1352,1311,96.96745562,13.29993198
kitti,000032,pitch_deg,1.00000000,2,Van,14.90556272,14.34000000,1,0.00000000,803,798,99.37733499,12.88261433
kitti,000032,pitch_deg,1.00000000,3,Car,13.89888125,13.47000000,1,0.00000000,410,405,98.78048780,12.95978774
kitti,000032,pitch_deg,1.00000000,4,Car,20.23326469,19.85000000,2,0.00000000,71,65,91.54929577,12.80615393
kitti,000032,pitch_deg,1.00000000,5,Van,25.46885353,22.71000000,2,0.00000000,584,584,100.00000000,12.75297231
kitti,000032,pitch_deg,1.00000000,6,Car,25.88769206,25.25000000,2,0.00000000,75,75,100.00000000,12.74275053
kitti,000032,pitch_deg,1.00000000,7,Van,44.74503995,44.71000000,0,0.00000000,64,33,51.56250000,12.67919941
kitti,000032,pitch_deg,1.00000000,8,Van,41.11421165,39.04000000,2,0.00000000,154,154,100.00000000,12.68426174
kitti,000032,pitch_deg,1.00000000,9,Car,45.17375676,44.75000000,0,0.00000000,39,1,2.56410256,12.68847944
kitti,000032,pitch_deg,2.00000000,0,Car,9.80153559,9.00000000,0,0.00000000,1435,1390,96.86411150,26.52907129
kitti,000032,pitch_deg,2.00000000,1,Car,9.27557006,8.60000000,0,0.00000000,1352,1240,91.71597633,26.67267973
kitti,000032,pitch_deg,2.00000000,2,Van,14.90556272,14.34000000,1,0.00000000,803,758,94.39601494,25.79148481
kitti,000032,pitch_deg,2.00000000,3,Car,13.89888125,13.47000000,1,0.00000000,410,347,84.63414634,25.96204133
kitti,000032,pitch_deg,2.00000000,4,Car,20.23326469,19.85000000,2,0.00000000,71,56,78.87323944,25.63729331
kitti,000032,pitch_deg,2.00000000,5,Van,25.46885353,22.71000000,2,0.00000000,584,581,99.48630137,25.50656853
kitti,000032,pitch_deg,2.00000000,6,Car,25.88769206,25.25000000,2,0.00000000,75,73,97.33333333,25.50035154
kitti,000032,pitch_deg,2.00000000,7,Van,44.74503995,44.71000000,0,0.00000000,64,11,17.18750000,25.37186372
kitti,000032,pitch_deg,2.00000000,8,Van,41.11421165,39.04000000,2,0.00000000,154,133,86.36363636,25.37115651
kitti,000032,pitch_deg,2.00000000,9,Car,45.17375676,44.75000000,0,0.00000000,39,0,0.00000000,25.39659730
kitti,000032,pitch_deg,3.00000000,0,Car,9.80153559,9.00000000,0,0.00000000,1435,1278,89.05923345,39.90945076
kitti,000032,pitch_deg,3.00000000,1,Car,9.27557006,8.60000000,0,0.00000000,1352,1115,82.47041420,40.12588248
kitti,000032,pitch_deg,3.00000000,2,Van,14.90556272,14.34000000,1,0.00000000,803,677,84.30884184,38.73478012
kitti,000032,pitch_deg,3.00000000,3,Car,13.89888125,13.47000000,1,0.00000000,410,278,67.80487805,39.01519553
kitti,000032,pitch_deg,3.00000000,4,Car,20.23326469,19.85000000,2,0.00000000,71,30,42.25352113,38.50158735
kitti,000032,pitch_deg,3.00000000,5,Van,25.46885353,22.71000000,2,0.00000000,584,516,88.35616438,38.26673766
kitti,000032,pitch_deg,3.00000000,6,Car,25.88769206,25.25000000,2,0.00000000,75,39,52.00000000,38.28125960
kitti,000032,pitch_deg,3.00000000,7,Van,44.74503995,44.71000000,0,0.00000000,64,0,0.00000000,38.08584570
kitti,000032,pitch_deg,3.00000000,8,Van,41.11421165,39.04000000,2,0.00000000,154,52,33.76623377,38.07242700
kitti,000032,pitch_deg,3.00000000,9,Car,45.17375676,44.75000000,0,0.00000000,39,0,0.00000000,38.13226085
kitti,000032,roll_deg,0.00000000,0,Car,9.80153559,9.00000000,0,0.00000000,1435,1435,100.00000000,0.00000000
kitti,000032,roll_deg,0.00000000,1,Car,9.27557006,8.60000000,0,0.00000000,1352,1350,99.85207101,0.00000000
kitti,000032,roll_deg,0.00000000,2,Van,14.90556272,14.34000000,1,0.00000000,803,803,100.00000000,0.00000000
kitti,000032,roll_deg,0.00000000,3,Car,13.89888125,13.47000000,1,0.00000000,410,410,100.00000000,0.00000000
kitti,000032,roll_deg,0.00000000,4,Car,20.23326469,19.85000000,2,0.00000000,71,71,100.00000000,0.00000000
kitti,000032,roll_deg,0.00000000,5,Van,25.46885353,22.71000000,2,0.00000000,584,584,100.00000000,0.00000000
kitti,000032,roll_deg,0.00000000,6,Car,25.88769206,25.25000000,2,0.00000000,75,75,100.00000000,0.00000000
kitti,000032,roll_deg,0.00000000,7,Van,44.74503995,44.71000000,0,0.00000000,64,64,100.00000000,0.00000000
kitti,000032,roll_deg,0.00000000,8,Van,41.11421165,39.04000000,2,0.00000000,154,154,100.00000000,0.00000000
kitti,000032,roll_deg,0.00000000,9,Car,45.17375676,44.75000000,0,0.00000000,39,39,100.00000000,0.00000000
kitti,000032,roll_deg,1.00000000,0,Car,9.80153559,9.00000000,0,0.00000000,1435,1415,98.60627178,5.19830632
kitti,000032,roll_deg,1.00000000,1,Car,9.27557006,8.60000000,0,0.00000000,1352,1341,99.18639053,5.14750511
kitti,000032,roll_deg,1.00000000,2,Van,14.90556272,14.34000000,1,0.00000000,803,803,100.00000000,3.20029528
kitti,000032,roll_deg,1.00000000,3,Car,13.89888125,13.47000000,1,0.00000000,410,410,100.00000000,2.84930696
kitti,000032,roll_deg,1.00000000,4,Car,20.23326469,19.85000000,2,0.00000000,71,71,100.00000000,2.05261171
kitti,000032,roll_deg,1.00000000,5,Van,25.46885353,22.71000000,2,0.00000000,584,561,96.06164384,5.70148643
kitti,000032,roll_deg,1.00000000,6,Car,25.88769206,25.25000000,2,0.00000000,75,75,100.00000000,2.71868430
kitti,000032,roll_deg,1.00000000,7,Van,44.74503995,44.71000000,0,0.00000000,64,64,100.00000000,0.36641458
kitti,000032,roll_deg,1.00000000,8,Van,41.11421165,39.04000000,2,0.00000000,154,154,100.00000000,3.70095507
kitti,000032,roll_deg,1.00000000,9,Car,45.17375676,44.75000000,0,0.00000000,39,39,100.00000000,1.74035974
kitti,000032,roll_deg,2.00000000,0,Car,9.80153559,9.00000000,0,0.00000000,1435,1379,96.09756098,10.39581913
kitti,000032,roll_deg,2.00000000,1,Car,9.27557006,8.60000000,0,0.00000000,1352,1311,96.96745562,10.29495139
kitti,000032,roll_deg,2.00000000,2,Van,14.90556272,14.34000000,1,0.00000000,803,784,97.63387298,6.40019644
kitti,000032,roll_deg,2.00000000,3,Car,13.89888125,13.47000000,1,0.00000000,410,410,100.00000000,5.69850719
kitti,000032,roll_deg,2.00000000,4,Car,20.23326469,19.85000000,2,0.00000000,71,68,95.77464789,4.10512631
kitti,000032,roll_deg,2.00000000,5,Van,25.46885353,22.71000000,2,0.00000000,584,491,84.07534247,11.40206652
kitti,000032,roll_deg,2.00000000,6,Car,25.88769206,25.25000000,2,0.00000000,75,75,100.00000000,5.43726742
kitti,000032,roll_deg,2.00000000,7,Van,44.74503995,44.71000000,0,0.00000000,64,64,100.00000000,0.73280285
kitti,000032,roll_deg,2.00000000,8,Van,41.11421165,39.04000000,2,0.00000000,154,154,100.00000000,7.40182571
kitti,000032,roll_deg,2.00000000,9,Car,45.17375676,44.75000000,0,0.00000000,39,39,100.00000000,3.48054301
kitti,000032,roll_deg,3.00000000,0,Car,9.80153559,9.00000000,0,0.00000000,1435,1338,93.24041812,15.59214244
kitti,000032,roll_deg,3.00000000,1,Car,9.27557006,8.60000000,0,0.00000000,1352,1298,96.00591716,15.44194208
kitti,000032,roll_deg,3.00000000,2,Van,14.90556272,14.34000000,1,0.00000000,803,753,93.77334994,9.59945998
kitti,000032,roll_deg,3.00000000,3,Car,13.89888125,13.47000000,1,0.00000000,410,410,100.00000000,8.54738284
kitti,000032,roll_deg,3.00000000,4,Car,20.23326469,19.85000000,2,0.00000000,71,68,95.77464789,6.15738724
kitti,000032,roll_deg,3.00000000,5,Van,25.46885353,22.71000000,2,0.00000000,584,422,72.26027397,17.10130737
kitti,000032,roll_deg,3.00000000,6,Car,25.88769206,25.25000000,2,0.00000000,75,75,100.00000000,8.15554226
kitti,000032,roll_deg,3.00000000,7,Van,44.74503995,44.71000000,0,0.00000000,64,64,100.00000000,1.09913688
kitti,000032,roll_deg,3.00000000,8,Van,41.11421165,39.04000000,2,0.00000000,154,154,100.00000000,11.10233010
kitti,000032,roll_deg,3.00000000,9,Car,45.17375676,44.75000000,0,0.00000000,39,39,100.00000000,5.22041717
kitti,000032,ty_m,-0.10000000,0,Car,9.80153559,9.00000000,0,0.00000000,1435,1435,100.00000000,8.96224972
kitti,000032,ty_m,-0.10000000,1,Car,9.27557006,8.60000000,0,0.00000000,1352,1347,99.63017751,9.96010816
kitti,000032,ty_m,-0.10000000,2,Van,14.90556272,14.34000000,1,0.00000000,803,798,99.37733499,5.55525025
kitti,000032,ty_m,-0.10000000,3,Car,13.89888125,13.47000000,1,0.00000000,410,410,100.00000000,6.12678922
kitti,000032,ty_m,-0.10000000,4,Car,20.23326469,19.85000000,2,0.00000000,71,71,100.00000000,3.90883485
kitti,000032,ty_m,-0.10000000,5,Van,25.46885353,22.71000000,2,0.00000000,584,584,100.00000000,3.31851576
kitti,000032,ty_m,-0.10000000,6,Car,25.88769206,25.25000000,2,0.00000000,75,75,100.00000000,3.04525824
kitti,000032,ty_m,-0.10000000,7,Van,44.74503995,44.71000000,0,0.00000000,64,63,98.43750000,1.68704861
kitti,000032,ty_m,-0.10000000,8,Van,41.11421165,39.04000000,2,0.00000000,154,154,100.00000000,1.89188981
kitti,000032,ty_m,-0.10000000,9,Car,45.17375676,44.75000000,0,0.00000000,39,38,97.43589744,1.69444940
kitti,000032,ty_m,-0.05000000,0,Car,9.80153559,9.00000000,0,0.00000000,1435,1435,100.00000000,4.48112140
kitti,000032,ty_m,-0.05000000,1,Car,9.27557006,8.60000000,0,0.00000000,1352,1351,99.92603550,4.98004980
kitti,000032,ty_m,-0.05000000,2,Van,14.90556272,14.34000000,1,0.00000000,803,803,100.00000000,2.77762380
kitti,000032,ty_m,-0.05000000,3,Car,13.89888125,13.47000000,1,0.00000000,410,410,100.00000000,3.06339299
kitti,000032,ty_m,-0.05000000,4,Car,20.23326469,19.85000000,2,0.00000000,71,71,100.00000000,1.95441677
kitti,000032,ty_m,-0.05000000,5,Van,25.46885353,22.71000000,2,0.00000000,584,584,100.00000000,1.65925740
kitti,000032,ty_m,-0.05000000,6,Car,25.88769206,25.25000000,2,0.00000000,75,75,100.00000000,1.52262872
kitti,000032,ty_m,-0.05000000,7,Van,44.74503995,44.71000000,0,0.00000000,64,64,100.00000000,0.84352418
kitti,000032,ty_m,-0.05000000,8,Van,41.11421165,39.04000000,2,0.00000000,154,154,100.00000000,0.94594475
kitti,000032,ty_m,-0.05000000,9,Car,45.17375676,44.75000000,0,0.00000000,39,39,100.00000000,0.84722458
kitti,000032,ty_m,-0.02000000,0,Car,9.80153559,9.00000000,0,0.00000000,1435,1435,100.00000000,1.79244773
kitti,000032,ty_m,-0.02000000,1,Car,9.27557006,8.60000000,0,0.00000000,1352,1351,99.92603550,1.99201890
kitti,000032,ty_m,-0.02000000,2,Van,14.90556272,14.34000000,1,0.00000000,803,803,100.00000000,1.11104920
kitti,000032,ty_m,-0.02000000,3,Car,13.89888125,13.47000000,1,0.00000000,410,410,100.00000000,1.22535681
kitti,000032,ty_m,-0.02000000,4,Car,20.23326469,19.85000000,2,0.00000000,71,71,100.00000000,0.78176655
kitti,000032,ty_m,-0.02000000,5,Van,25.46885353,22.71000000,2,0.00000000,584,584,100.00000000,0.66370285
kitti,000032,ty_m,-0.02000000,6,Car,25.88769206,25.25000000,2,0.00000000,75,75,100.00000000,0.60905139
kitti,000032,ty_m,-0.02000000,7,Van,44.74503995,44.71000000,0,0.00000000,64,64,100.00000000,0.33740964
kitti,000032,ty_m,-0.02000000,8,Van,41.11421165,39.04000000,2,0.00000000,154,154,100.00000000,0.37837786
kitti,000032,ty_m,-0.02000000,9,Car,45.17375676,44.75000000,0,0.00000000,39,39,100.00000000,0.33888980
kitti,000032,ty_m,0.00000000,0,Car,9.80153559,9.00000000,0,0.00000000,1435,1435,100.00000000,0.00000000
kitti,000032,ty_m,0.00000000,1,Car,9.27557006,8.60000000,0,0.00000000,1352,1350,99.85207101,0.00000000
kitti,000032,ty_m,0.00000000,2,Van,14.90556272,14.34000000,1,0.00000000,803,803,100.00000000,0.00000000
kitti,000032,ty_m,0.00000000,3,Car,13.89888125,13.47000000,1,0.00000000,410,410,100.00000000,0.00000000
kitti,000032,ty_m,0.00000000,4,Car,20.23326469,19.85000000,2,0.00000000,71,71,100.00000000,0.00000000
kitti,000032,ty_m,0.00000000,5,Van,25.46885353,22.71000000,2,0.00000000,584,584,100.00000000,0.00000000
kitti,000032,ty_m,0.00000000,6,Car,25.88769206,25.25000000,2,0.00000000,75,75,100.00000000,0.00000000
kitti,000032,ty_m,0.00000000,7,Van,44.74503995,44.71000000,0,0.00000000,64,64,100.00000000,0.00000000
kitti,000032,ty_m,0.00000000,8,Van,41.11421165,39.04000000,2,0.00000000,154,154,100.00000000,0.00000000
kitti,000032,ty_m,0.00000000,9,Car,45.17375676,44.75000000,0,0.00000000,39,39,100.00000000,0.00000000
kitti,000032,ty_m,0.02000000,0,Car,9.80153559,9.00000000,0,0.00000000,1435,1435,100.00000000,1.79244662
kitti,000032,ty_m,0.02000000,1,Car,9.27557006,8.60000000,0,0.00000000,1352,1350,99.85207101,1.99201753
kitti,000032,ty_m,0.02000000,2,Van,14.90556272,14.34000000,1,0.00000000,803,803,100.00000000,1.11104877
kitti,000032,ty_m,0.02000000,3,Car,13.89888125,13.47000000,1,0.00000000,410,410,100.00000000,1.22535629
kitti,000032,ty_m,0.02000000,4,Car,20.23326469,19.85000000,2,0.00000000,71,71,100.00000000,0.78176634
kitti,000032,ty_m,0.02000000,5,Van,25.46885353,22.71000000,2,0.00000000,584,584,100.00000000,0.66370270
kitti,000032,ty_m,0.02000000,6,Car,25.88769206,25.25000000,2,0.00000000,75,75,100.00000000,0.60905127
kitti,000032,ty_m,0.02000000,7,Van,44.74503995,44.71000000,0,0.00000000,64,64,100.00000000,0.33740960
kitti,000032,ty_m,0.02000000,8,Van,41.11421165,39.04000000,2,0.00000000,154,154,100.00000000,0.37837781
kitti,000032,ty_m,0.02000000,9,Car,45.17375676,44.75000000,0,0.00000000,39,39,100.00000000,0.33888976
kitti,000032,ty_m,0.05000000,0,Car,9.80153559,9.00000000,0,0.00000000,1435,1435,100.00000000,4.48111448
kitti,000032,ty_m,0.05000000,1,Car,9.27557006,8.60000000,0,0.00000000,1352,1350,99.85207101,4.98004125
kitti,000032,ty_m,0.05000000,2,Van,14.90556272,14.34000000,1,0.00000000,803,803,100.00000000,2.77762114
kitti,000032,ty_m,0.05000000,3,Car,13.89888125,13.47000000,1,0.00000000,410,410,100.00000000,3.06338976
kitti,000032,ty_m,0.05000000,4,Car,20.23326469,19.85000000,2,0.00000000,71,71,100.00000000,1.95441545
kitti,000032,ty_m,0.05000000,5,Van,25.46885353,22.71000000,2,0.00000000,584,584,100.00000000,1.65925645
kitti,000032,ty_m,0.05000000,6,Car,25.88769206,25.25000000,2,0.00000000,75,75,100.00000000,1.52262792
kitti,000032,ty_m,0.05000000,7,Van,44.74503995,44.71000000,0,0.00000000,64,64,100.00000000,0.84352393
kitti,000032,ty_m,0.05000000,8,Van,41.11421165,39.04000000,2,0.00000000,154,154,100.00000000,0.94594444
kitti,000032,ty_m,0.05000000,9,Car,45.17375676,44.75000000,0,0.00000000,39,39,100.00000000,0.84722433
kitti,000032,ty_m,0.10000000,0,Car,9.80153559,9.00000000,0,0.00000000,1435,1435,100.00000000,8.96222203
kitti,000032,ty_m,0.10000000,1,Car,9.27557006,8.60000000,0,0.00000000,1352,1350,99.85207101,9.96007396
kitti,000032,ty_m,0.10000000,2,Van,14.90556272,14.34000000,1,0.00000000,803,803,100.00000000,5.55523961
kitti,000032,ty_m,0.10000000,3,Car,13.89888125,13.47000000,1,0.00000000,410,410,100.00000000,6.12677628
kitti,000032,ty_m,0.10000000,4,Car,20.23326469,19.85000000,2,0.00000000,71,68,95.77464789,3.90882958
kitti,000032,ty_m,0.10000000,5,Van,25.46885353,22.71000000,2,0.00000000,584,584,100.00000000,3.31851196
kitti,000032,ty_m,0.10000000,6,Car,25.88769206,25.25000000,2,0.00000000,75,75,100.00000000,3.04525505
kitti,000032,ty_m,0.10000000,7,Van,44.74503995,44.71000000,0,0.00000000,64,64,100.00000000,1.68704762
kitti,000032,ty_m,0.10000000,8,Van,41.11421165,39.04000000,2,0.00000000,154,154,100.00000000,1.89188858
kitti,000032,ty_m,0.10000000,9,Car,45.17375676,44.75000000,0,0.00000000,39,39,100.00000000,1.69444841
kitti,000043,yaw_deg,-3.00000000,0,Pedestrian,12.84750949,12.56000000,0,0.00000000,158,0,0.00000000,39.43574053
kitti,000043,yaw_deg,-3.00000000,1,Pedestrian,12.72912016,12.34000000,0,0.00000000,183,0,0.00000000,39.97792183
kitti,000043,yaw_deg,-3.00000000,2,Pedestrian,20.71106468,20.51000000,0,0.00000000,85,0,0.00000000,39.09884319
kitti,000043,yaw_deg,-3.00000000,3,Pedestrian,20.62876632,20.30000000,0,0.00000000,88,0,0.00000000,39.70427142
kitti,000043,yaw_deg,-2.00000000,0,Pedestrian,12.84750949,12.56000000,0,0.00000000,158,13,8.22784810,26.35718063
kitti,000043,yaw_deg,-2.00000000,1,Pedestrian,12.72912016,12.34000000,0,0.00000000,183,22,12.02185792,26.73898790
kitti,000043,yaw_deg,-2.00000000,2,Pedestrian,20.71106468,20.51000000,0,0.00000000,85,0,0.00000000,25.99770736
kitti,000043,yaw_deg,-2.00000000,3,Pedestrian,20.62876632,20.30000000,0,0.00000000,88,1,1.13636364,26.37833873
kitti,000043,yaw_deg,-1.00000000,0,Pedestrian,12.84750949,12.56000000,0,0.00000000,158,98,62.02531646,13.21466779
kitti,000043,yaw_deg,-1.00000000,1,Pedestrian,12.72912016,12.34000000,0,0.00000000,183,127,69.39890710,13.41604258
kitti,000043,yaw_deg,-1.00000000,2,Pedestrian,20.71106468,20.51000000,0,0.00000000,85,50,58.82352941,12.96762782
kitti,000043,yaw_deg,-1.00000000,3,Pedestrian,20.62876632,20.30000000,0,0.00000000,88,62,70.45454545,13.14658020
kitti,000043,yaw_deg,-0.50000000,0,Pedestrian,12.84750949,12.56000000,0,0.00000000,158,142,89.87341772,6.61691149
kitti,000043,yaw_deg,-0.50000000,1,Pedestrian,12.72912016,12.34000000,0,0.00000000,183,170,92.89617486,6.72024915
kitti,000043,yaw_deg,-0.50000000,2,Pedestrian,20.71106468,20.51000000,0,0.00000000,85,78,91.76470588,6.47653877
kitti,000043,yaw_deg,-0.50000000,3,Pedestrian,20.62876632,20.30000000,0,0.00000000,88,83,94.31818182,6.56320425
kitti,000043,yaw_deg,0.00000000,0,Pedestrian,12.84750949,12.56000000,0,0.00000000,158,150,94.93670886,0.00000000
kitti,000043,yaw_deg,0.00000000,1,Pedestrian,12.72912016,12.34000000,0,0.00000000,183,182,99.45355191,0.00000000
kitti,000043,yaw_deg,0.00000000,2,Pedestrian,20.71106468,20.51000000,0,0.00000000,85,85,100.00000000,0.00000000
kitti,000043,yaw_deg,0.00000000,3,Pedestrian,20.62876632,20.30000000,0,0.00000000,88,86,97.72727273,0.00000000
kitti,000043,yaw_deg,0.50000000,0,Pedestrian,12.84750949,12.56000000,0,0.00000000,158,137,86.70886076,6.63719864
kitti,000043,yaw_deg,0.50000000,1,Pedestrian,12.72912016,12.34000000,0,0.00000000,183,149,81.42076503,6.74590649
kitti,000043,yaw_deg,0.50000000,2,Pedestrian,20.71106468,20.51000000,0,0.00000000,85,67,78.82352941,6.46303947
kitti,000043,yaw_deg,0.50000000,3,Pedestrian,20.62876632,20.30000000,0,0.00000000,88,66,75.00000000,6.54413895
kitti,000043,yaw_deg,1.00000000,0,Pedestrian,12.84750949,12.56000000,0,0.00000000,158,88,55.69620253,13.29582976
kitti,000043,yaw_deg,1.00000000,1,Pedestrian,12.72912016,12.34000000,0,0.00000000,183,104,56.83060109,13.51868924
kitti,000043,yaw_deg,1.00000000,2,Pedestrian,20.71106468,20.51000000,0,0.00000000,85,36,42.35294118,12.91352856
kitti,000043,yaw_deg,1.00000000,3,Pedestrian,20.62876632,20.30000000,0,0.00000000,88,24,27.27272727,13.07030674
kitti,000043,yaw_deg,2.00000000,0,Pedestrian,12.84750949,12.56000000,0,0.00000000,158,10,6.32911392,26.68204239
kitti,000043,yaw_deg,2.00000000,1,Pedestrian,12.72912016,12.34000000,0,0.00000000,183,6,3.27868852,27.14985111
kitti,000043,yaw_deg,2.00000000,2,Pedestrian,20.71106468,20.51000000,0,0.00000000,85,0,0.00000000,25.78095854
kitti,000043,yaw_deg,2.00000000,3,Pedestrian,20.62876632,20.30000000,0,0.00000000,88,1,1.13636364,26.07304869
kitti,000043,yaw_deg,3.00000000,0,Pedestrian,12.84750949,12.56000000,0,0.00000000,158,0,0.00000000,40.16809911
kitti,000043,yaw_deg,3.00000000,1,Pedestrian,12.72912016,12.34000000,0,0.00000000,183,0,0.00000000,40.90361806
kitti,000043,yaw_deg,3.00000000,2,Pedestrian,20.71106468,20.51000000,0,0.00000000,85,0,0.00000000,38.61048675
kitti,000043,yaw_deg,3.00000000,3,Pedestrian,20.62876632,20.30000000,0,0.00000000,88,0,0.00000000,39.01701056
kitti,000043,pitch_deg,0.00000000,0,Pedestrian,12.84750949,12.56000000,0,0.00000000,158,150,94.93670886,0.00000000
kitti,000043,pitch_deg,0.00000000,1,Pedestrian,12.72912016,12.34000000,0,0.00000000,183,182,99.45355191,0.00000000
kitti,000043,pitch_deg,0.00000000,2,Pedestrian,20.71106468,20.51000000,0,0.00000000,85,85,100.00000000,0.00000000
kitti,000043,pitch_deg,0.00000000,3,Pedestrian,20.62876632,20.30000000,0,0.00000000,88,86,97.72727273,0.00000000
kitti,000043,pitch_deg,0.50000000,0,Pedestrian,12.84750949,12.56000000,0,0.00000000,158,144,91.13924051,6.45680068
kitti,000043,pitch_deg,0.50000000,1,Pedestrian,12.72912016,12.34000000,0,0.00000000,183,172,93.98907104,6.45991304
kitti,000043,pitch_deg,0.50000000,2,Pedestrian,20.71106468,20.51000000,0,0.00000000,85,80,94.11764706,6.38798323
kitti,000043,pitch_deg,0.50000000,3,Pedestrian,20.62876632,20.30000000,0,0.00000000,88,82,93.18181818,6.38887735
kitti,000043,pitch_deg,1.00000000,0,Pedestrian,12.84750949,12.56000000,0,0.00000000,158,137,86.70886076,12.92101766
kitti,000043,pitch_deg,1.00000000,1,Pedestrian,12.72912016,12.34000000,0,0.00000000,183,167,91.25683060,12.92736228
kitti,000043,pitch_deg,1.00000000,2,Pedestrian,20.71106468,20.51000000,0,0.00000000,85,77,90.58823529,12.78051717
kitti,000043,pitch_deg,1.00000000,3,Pedestrian,20.62876632,20.30000000,0,0.00000000,88,78,88.63636364,12.78233690
kitti,000043,pitch_deg,2.00000000,0,Pedestrian,12.84750949,12.56000000,0,0.00000000,158,126,79.74683544,25.87587101
kitti,000043,pitch_deg,2.00000000,1,Pedestrian,12.72912016,12.34000000,0,0.00000000,183,148,80.87431694,25.88907706
kitti,000043,pitch_deg,2.00000000,2,Pedestrian,20.71106468,20.51000000,0,0.00000000,85,62,72.94117647,25.58325779
kitti,000043,pitch_deg,2.00000000,3,Pedestrian,20.62876632,20.30000000,0,0.00000000,88,64,72.72727273,25.58704664
kitti,000043,pitch_deg,3.00000000,0,Pedestrian,12.84750949,12.56000000,0,0.00000000,158,108,68.35443038,38.87295940
kitti,000043,pitch_deg,3.00000000,1,Pedestrian,12.72912016,12.34000000,0,0.00000000,183,126,68.85245902,38.89361903
kitti,000043,pitch_deg,3.00000000,2,Pedestrian,20.71106468,20.51000000,0,0.00000000,85,37,43.52941176,38.41631085
kitti,000043,pitch_deg,3.00000000,3,Pedestrian,20.62876632,20.30000000,0,0.00000000,88,42,47.72727273,38.42230727
kitti,000043,roll_deg,0.00000000,0,Pedestrian,12.84750949,12.56000000,0,0.00000000,158,150,94.93670886,0.00000000
kitti,000043,roll_deg,0.00000000,1,Pedestrian,12.72912016,12.34000000,0,0.00000000,183,182,99.45355191,0.00000000
kitti,000043,roll_deg,0.00000000,2,Pedestrian,20.71106468,20.51000000,0,0.00000000,85,85,100.00000000,0.00000000
kitti,000043,roll_deg,0.00000000,3,Pedestrian,20.62876632,20.30000000,0,0.00000000,88,86,97.72727273,0.00000000
kitti,000043,roll_deg,1.00000000,0,Pedestrian,12.84750949,12.56000000,0,0.00000000,158,149,94.30379747,2.33966977
kitti,000043,roll_deg,1.00000000,1,Pedestrian,12.72912016,12.34000000,0,0.00000000,183,178,97.26775956,2.87352757
kitti,000043,roll_deg,1.00000000,2,Pedestrian,20.71106468,20.51000000,0,0.00000000,85,84,98.82352941,1.52315438
kitti,000043,roll_deg,1.00000000,3,Pedestrian,20.62876632,20.30000000,0,0.00000000,88,86,97.72727273,2.10325818
kitti,000043,roll_deg,2.00000000,0,Pedestrian,12.84750949,12.56000000,0,0.00000000,158,149,94.30379747,4.67908136
kitti,000043,roll_deg,2.00000000,1,Pedestrian,12.72912016,12.34000000,0,0.00000000,183,176,96.17486339,5.74671507
kitti,000043,roll_deg,2.00000000,2,Pedestrian,20.71106468,20.51000000,0,0.00000000,85,84,98.82352941,3.04622458
kitti,000043,roll_deg,2.00000000,3,Pedestrian,20.62876632,20.30000000,0,0.00000000,88,87,98.86363636,4.20641795
kitti,000043,roll_deg,3.00000000,0,Pedestrian,12.84750949,12.56000000,0,0.00000000,158,146,92.40506329,7.01805628
kitti,000043,roll_deg,3.00000000,1,Pedestrian,12.72912016,12.34000000,0,0.00000000,183,169,92.34972678,8.61934335
kitti,000043,roll_deg,3.00000000,2,Pedestrian,20.71106468,20.51000000,0,0.00000000,85,84,98.82352941,4.56909441
kitti,000043,roll_deg,3.00000000,3,Pedestrian,20.62876632,20.30000000,0,0.00000000,88,83,94.31818182,6.30931883
kitti,000043,ty_m,-0.10000000,0,Pedestrian,12.84750949,12.56000000,0,0.00000000,158,143,90.50632911,5.78002097
kitti,000043,ty_m,-0.10000000,1,Pedestrian,12.72912016,12.34000000,0,0.00000000,183,175,95.62841530,5.84364434
kitti,000043,ty_m,-0.10000000,2,Pedestrian,20.71106468,20.51000000,0,0.00000000,85,84,98.82352941,3.52909130
kitti,000043,ty_m,-0.10000000,3,Pedestrian,20.62876632,20.30000000,0,0.00000000,88,86,97.72727273,3.56693382
kitti,000043,ty_m,-0.05000000,0,Pedestrian,12.84750949,12.56000000,0,0.00000000,158,150,94.93670886,2.89000905
kitti,000043,ty_m,-0.05000000,1,Pedestrian,12.72912016,12.34000000,0,0.00000000,183,183,100.00000000,2.92182070
kitti,000043,ty_m,-0.05000000,2,Pedestrian,20.71106468,20.51000000,0,0.00000000,85,85,100.00000000,1.76454511
kitti,000043,ty_m,-0.05000000,3,Pedestrian,20.62876632,20.30000000,0,0.00000000,88,87,98.86363636,1.78346636
kitti,000043,ty_m,-0.02000000,0,Pedestrian,12.84750949,12.56000000,0,0.00000000,158,150,94.93670886,1.15600327
kitti,000043,ty_m,-0.02000000,1,Pedestrian,12.72912016,12.34000000,0,0.00000000,183,183,100.00000000,1.16872793
kitti,000043,ty_m,-0.02000000,2,Pedestrian,20.71106468,20.51000000,0,0.00000000,85,85,100.00000000,0.70581792
kitti,000043,ty_m,-0.02000000,3,Pedestrian,20.62876632,20.30000000,0,0.00000000,88,87,98.86363636,0.71338641
kitti,000043,ty_m,0.00000000,0,Pedestrian,12.84750949,12.56000000,0,0.00000000,158,150,94.93670886,0.00000000
kitti,000043,ty_m,0.00000000,1,Pedestrian,12.72912016,12.34000000,0,0.00000000,183,182,99.45355191,0.00000000
kitti,000043,ty_m,0.00000000,2,Pedestrian,20.71106468,20.51000000,0,0.00000000,85,85,100.00000000,0.00000000
kitti,000043,ty_m,0.00000000,3,Pedestrian,20.62876632,20.30000000,0,0.00000000,88,86,97.72727273,0.00000000
kitti,000043,ty_m,0.02000000,0,Pedestrian,12.84750949,12.56000000,0,0.00000000,158,151,95.56962025,1.15600281
kitti,000043,ty_m,0.02000000,1,Pedestrian,12.72912016,12.34000000,0,0.00000000,183,179,97.81420765,1.16872746
kitti,000043,ty_m,0.02000000,2,Pedestrian,20.71106468,20.51000000,0,0.00000000,85,85,100.00000000,0.70581775
kitti,000043,ty_m,0.02000000,3,Pedestrian,20.62876632,20.30000000,0,0.00000000,88,87,98.86363636,0.71338624
kitti,000043,ty_m,0.05000000,0,Pedestrian,12.84750949,12.56000000,0,0.00000000,158,149,94.30379747,2.89000617
kitti,000043,ty_m,0.05000000,1,Pedestrian,12.72912016,12.34000000,0,0.00000000,183,172,93.98907104,2.92181776
kitti,000043,ty_m,0.05000000,2,Pedestrian,20.71106468,20.51000000,0,0.00000000,85,85,100.00000000,1.76454404
kitti,000043,ty_m,0.05000000,3,Pedestrian,20.62876632,20.30000000,0,0.00000000,88,84,95.45454545,1.78346526
kitti,000043,ty_m,0.10000000,0,Pedestrian,12.84750949,12.56000000,0,0.00000000,158,143,90.50632911,5.78000945
kitti,000043,ty_m,0.10000000,1,Pedestrian,12.72912016,12.34000000,0,0.00000000,183,157,85.79234973,5.84363257
kitti,000043,ty_m,0.10000000,2,Pedestrian,20.71106468,20.51000000,0,0.00000000,85,81,95.29411765,3.52908701
kitti,000043,ty_m,0.10000000,3,Pedestrian,20.62876632,20.30000000,0,0.00000000,88,79,89.77272727,3.56692943
kitti,000048,yaw_deg,-3.00000000,0,Pedestrian,16.93728432,16.82000000,0,0.00000000,113,0,0.00000000,38.77355135
kitti,000048,yaw_deg,-3.00000000,1,Pedestrian,17.21136253,17.03000000,0,0.00000000,132,0,0.00000000,39.10774316
kitti,000048,yaw_deg,-3.00000000,2,Pedestrian,16.62745020,16.26000000,0,0.00000000,116,0,0.00000000,39.31745422
kitti,000048,yaw_deg,-3.00000000,3,Cyclist,30.44033016,30.42000000,0,0.00000000,41,0,0.00000000,38.01461104
kitti,000048,yaw_deg,-2.00000000,0,Pedestrian,16.93728432,16.82000000,0,0.00000000,113,12,10.61946903,25.79232896
kitti,000048,yaw_deg,-2.00000000,1,Pedestrian,17.21136253,17.03000000,0,0.00000000,132,22,16.66666667,25.99951269
kitti,000048,yaw_deg,-2.00000000,2,Pedestrian,16.62745020,16.26000000,0,0.00000000,116,27,23.27586207,26.28852130
kitti,000048,yaw_deg,-2.00000000,3,Cyclist,30.44033016,30.42000000,0,0.00000000,41,0,0.00000000,25.32276226
kitti,000048,yaw_deg,-1.00000000,0,Pedestrian,16.93728432,16.82000000,0,0.00000000,113,92,81.41592920,12.87061521
kitti,000048,yaw_deg,-1.00000000,1,Pedestrian,17.21136253,17.03000000,0,0.00000000,132,101,76.51515152,12.96649788
kitti,000048,yaw_deg,-1.00000000,2,Pedestrian,16.62745020,16.26000000,0,0.00000000,116,106,91.37931034,13.18566684
kitti,000048,yaw_deg,-1.00000000,3,Cyclist,30.44033016,30.42000000,0,0.00000000,41,11,26.82926829,12.65377609
kitti,000048,yaw_deg,-0.50000000,0,Pedestrian,16.93728432,16.82000000,0,0.00000000,113,102,90.26548673,6.42944063
kitti,000048,yaw_deg,-0.50000000,1,Pedestrian,17.21136253,17.03000000,0,0.00000000,132,131,99.24242424,6.47547109
kitti,000048,yaw_deg,-0.50000000,2,Pedestrian,16.62745020,16.26000000,0,0.00000000,116,116,100.00000000,6.60374882
kitti,000048,yaw_deg,-0.50000000,3,Cyclist,30.44033016,30.42000000,0,0.00000000,41,31,75.60975610,6.32534974
kitti,000048,yaw_deg,0.00000000,0,Pedestrian,16.93728432,16.82000000,0,0.00000000,113,108,95.57522124,0.00000000
kitti,000048,yaw_deg,0.00000000,1,Pedestrian,17.21136253,17.03000000,0,0.00000000,132,125,94.69696970,0.00000000
kitti,000048,yaw_deg,0.00000000,2,Pedestrian,16.62745020,16.26000000,0,0.00000000,116,96,82.75862069,0.00000000
kitti,000048,yaw_deg,0.00000000,3,Cyclist,30.44033016,30.42000000,0,0.00000000,41,41,100.00000000,0.00000000
kitti,000048,yaw_deg,0.50000000,0,Pedestrian,16.93728432,16.82000000,0,0.00000000,113,83,73.45132743,6.41873798
kitti,000048,yaw_deg,0.50000000,1,Pedestrian,17.21136253,17.03000000,0,0.00000000,132,105,79.54545455,6.46097635
kitti,000048,yaw_deg,0.50000000,2,Pedestrian,16.62745020,16.26000000,0,0.00000000,116,61,52.58620690,6.62672505
kitti,000048,yaw_deg,0.50000000,3,Cyclist,30.44033016,30.42000000,0,0.00000000,41,37,90.24390244,6.32357882
kitti,000048,yaw_deg,1.00000000,0,Pedestrian,16.93728432,16.82000000,0,0.00000000,113,36,31.85840708,12.82779791
kitti,000048,yaw_deg,1.00000000,1,Pedestrian,17.21136253,17.03000000,0,0.00000000,132,69,52.27272727,12.90850977
kitti,000048,yaw_deg,1.00000000,2,Pedestrian,16.62745020,16.26000000,0,0.00000000,116,19,16.37931034,13.27758693
kitti,000048,yaw_deg,1.00000000,3,Cyclist,30.44033016,30.42000000,0,0.00000000,41,18,43.90243902,12.64660141
kitti,000048,yaw_deg,2.00000000,0,Pedestrian,16.93728432,16.82000000,0,0.00000000,113,2,1.76991150,25.62095251
kitti,000048,yaw_deg,2.00000000,1,Pedestrian,17.21136253,17.03000000,0,0.00000000,132,0,0.00000000,25.76741325
kitti,000048,yaw_deg,2.00000000,2,Pedestrian,16.62745020,16.26000000,0,0.00000000,116,0,0.00000000,26.65644461
kitti,000048,yaw_deg,2.00000000,3,Cyclist,30.44033016,30.42000000,0,0.00000000,41,0,0.00000000,25.29396790
kitti,000048,yaw_deg,3.00000000,0,Pedestrian,16.93728432,16.82000000,0,0.00000000,113,0,0.00000000,38.38755148
kitti,000048,yaw_deg,3.00000000,1,Pedestrian,17.21136253,17.03000000,0,0.00000000,132,0,0.00000000,38.58433768
kitti,000048,yaw_deg,3.00000000,2,Pedestrian,16.62745020,16.26000000,0,0.00000000,116,0,0.00000000,40.14619422
kitti,000048,yaw_deg,3.00000000,3,Cyclist,30.44033016,30.42000000,0,0.00000000,41,0,0.00000000,37.94871412
kitti,000048,pitch_deg,0.00000000,0,Pedestrian,16.93728432,16.82000000,0,0.00000000,113,108,95.57522124,0.00000000
kitti,000048,pitch_deg,0.00000000,1,Pedestrian,17.21136253,17.03000000,0,0.00000000,132,125,94.69696970,0.00000000
kitti,000048,pitch_deg,0.00000000,2,Pedestrian,16.62745020,16.26000000,0,0.00000000,116,96,82.75862069,0.00000000
kitti,000048,pitch_deg,0.00000000,3,Cyclist,30.44033016,30.42000000,0,0.00000000,41,41,100.00000000,0.00000000
kitti,000048,pitch_deg,0.50000000,0,Pedestrian,16.93728432,16.82000000,0,0.00000000,113,105,92.92035398,6.37528524
kitti,000048,pitch_deg,0.50000000,1,Pedestrian,17.21136253,17.03000000,0,0.00000000,132,119,90.15151515,6.37520444
kitti,000048,pitch_deg,0.50000000,2,Pedestrian,16.62745020,16.26000000,0,0.00000000,116,94,81.03448276,6.36935965
kitti,000048,pitch_deg,0.50000000,3,Cyclist,30.44033016,30.42000000,0,0.00000000,41,34,82.92682927,6.32468186
kitti,000048,pitch_deg,1.00000000,0,Pedestrian,16.93728432,16.82000000,0,0.00000000,113,97,85.84070796,12.75408008
kitti,000048,pitch_deg,1.00000000,1,Pedestrian,17.21136253,17.03000000,0,0.00000000,132,115,87.12121212,12.75396063
kitti,000048,pitch_deg,1.00000000,2,Pedestrian,16.62745020,16.26000000,0,0.00000000,116,88,75.86206897,12.74229225
kitti,000048,pitch_deg,1.00000000,3,Cyclist,30.44033016,30.42000000,0,0.00000000,41,28,68.29268293,12.65118693
kitti,000048,pitch_deg,2.00000000,0,Pedestrian,16.93728432,16.82000000,0,0.00000000,113,82,72.56637168,25.52621151
kitti,000048,pitch_deg,2.00000000,1,Pedestrian,17.21136253,17.03000000,0,0.00000000,132,96,72.72727273,25.52615106
kitti,000048,pitch_deg,2.00000000,2,Pedestrian,16.62745020,16.26000000,0,0.00000000,116,80,68.96551724,25.50292452
kitti,000048,pitch_deg,2.00000000,3,Cyclist,30.44033016,30.42000000,0,0.00000000,41,14,34.14634146,25.31484558
kitti,000048,pitch_deg,3.00000000,0,Pedestrian,16.93728432,16.82000000,0,0.00000000,113,56,49.55752212,38.32445258
kitti,000048,pitch_deg,3.00000000,1,Pedestrian,17.21136253,17.03000000,0,0.00000000,132,66,50.00000000,38.32464961
kitti,000048,pitch_deg,3.00000000,2,Pedestrian,16.62745020,16.26000000,0,0.00000000,116,60,51.72413793,38.28997204
kitti,000048,pitch_deg,3.00000000,3,Cyclist,30.44033016,30.42000000,0,0.00000000,41,0,0.00000000,37.99882699
kitti,000048,roll_deg,0.00000000,0,Pedestrian,16.93728432,16.82000000,0,0.00000000,113,108,95.57522124,0.00000000
kitti,000048,roll_deg,0.00000000,1,Pedestrian,17.21136253,17.03000000,0,0.00000000,132,125,94.69696970,0.00000000
kitti,000048,roll_deg,0.00000000,2,Pedestrian,16.62745020,16.26000000,0,0.00000000,116,96,82.75862069,0.00000000
kitti,000048,roll_deg,0.00000000,3,Cyclist,30.44033016,30.42000000,0,0.00000000,41,41,100.00000000,0.00000000
kitti,000048,roll_deg,1.00000000,0,Pedestrian,16.93728432,16.82000000,0,0.00000000,113,107,94.69026549,1.20951489
kitti,000048,roll_deg,1.00000000,1,Pedestrian,17.21136253,17.03000000,0,0.00000000,132,124,93.93939394,1.58214726
kitti,000048,roll_deg,1.00000000,2,Pedestrian,16.62745020,16.26000000,0,0.00000000,116,96,82.75862069,2.60756679
kitti,000048,roll_deg,1.00000000,3,Cyclist,30.44033016,30.42000000,0,0.00000000,41,41,100.00000000,0.24706301
kitti,000048,roll_deg,2.00000000,0,Pedestrian,16.93728432,16.82000000,0,0.00000000,113,106,93.80530973,2.41892977
kitti,000048,roll_deg,2.00000000,1,Pedestrian,17.21136253,17.03000000,0,0.00000000,132,122,92.42424242,3.16416184
kitti,000048,roll_deg,2.00000000,2,Pedestrian,16.62745020,16.26000000,0,0.00000000,116,96,82.75862069,5.21495430
kitti,000048,roll_deg,2.00000000,3,Cyclist,30.44033016,30.42000000,0,0.00000000,41,41,100.00000000,0.49410665
kitti,000048,roll_deg,3.00000000,0,Pedestrian,16.93728432,16.82000000,0,0.00000000,113,104,92.03539823,3.62815232
kitti,000048,roll_deg,3.00000000,1,Pedestrian,17.21136253,17.03000000,0,0.00000000,132,119,90.15151515,4.74592290
kitti,000048,roll_deg,3.00000000,2,Pedestrian,16.62745020,16.26000000,0,0.00000000,116,95,81.89655172,7.82196532
kitti,000048,roll_deg,3.00000000,3,Cyclist,30.44033016,30.42000000,0,0.00000000,41,41,100.00000000,0.74111212
kitti,000048,ty_m,-0.10000000,0,Pedestrian,16.93728432,16.82000000,0,0.00000000,113,107,94.69026549,4.28444747
kitti,000048,ty_m,-0.10000000,1,Pedestrian,17.21136253,17.03000000,0,0.00000000,132,128,96.96969697,4.24832791
kitti,000048,ty_m,-0.10000000,2,Pedestrian,16.62745020,16.26000000,0,0.00000000,116,109,93.96551724,4.42287801
kitti,000048,ty_m,-0.10000000,3,Cyclist,30.44033016,30.42000000,0,0.00000000,41,41,100.00000000,2.34202851
kitti,000048,ty_m,-0.05000000,0,Pedestrian,16.93728432,16.82000000,0,0.00000000,113,111,98.23008850,2.14219254
kitti,000048,ty_m,-0.05000000,1,Pedestrian,17.21136253,17.03000000,0,0.00000000,132,126,95.45454545,2.12413329
kitti,000048,ty_m,-0.05000000,2,Pedestrian,16.62745020,16.26000000,0,0.00000000,116,103,88.79310345,2.21140572
kitti,000048,ty_m,-0.05000000,3,Cyclist,30.44033016,30.42000000,0,0.00000000,41,41,100.00000000,1.17100493
kitti,000048,ty_m,-0.02000000,0,Pedestrian,16.93728432,16.82000000,0,0.00000000,113,110,97.34513274,0.85686953
kitti,000048,ty_m,-0.02000000,1,Pedestrian,17.21136253,17.03000000,0,0.00000000,132,126,95.45454545,0.84964596
kitti,000048,ty_m,-0.02000000,2,Pedestrian,16.62745020,16.26000000,0,0.00000000,116,101,87.06896552,0.88455430
kitti,000048,ty_m,-0.02000000,3,Cyclist,30.44033016,30.42000000,0,0.00000000,41,41,100.00000000,0.46839974
kitti,000048,ty_m,0.00000000,0,Pedestrian,16.93728432,16.82000000,0,0.00000000,113,108,95.57522124,0.00000000
kitti,000048,ty_m,0.00000000,1,Pedestrian,17.21136253,17.03000000,0,0.00000000,132,125,94.69696970,0.00000000
kitti,000048,ty_m,0.00000000,2,Pedestrian,16.62745020,16.26000000,0,0.00000000,116,96,82.75862069,0.00000000
kitti,000048,ty_m,0.00000000,3,Cyclist,30.44033016,30.42000000,0,0.00000000,41,41,100.00000000,0.00000000
kitti,000048,ty_m,0.02000000,0,Pedestrian,16.93728432,16.82000000,0,0.00000000,113,103,91.15044248,0.85685955
kitti,000048,ty_m,0.02000000,1,Pedestrian,17.21136253,17.03000000,0,0.00000000,132,123,93.18181818,0.84963615
kitti,000048,ty_m,0.02000000,2,Pedestrian,16.62745020,16.26000000,0,0.00000000,116,96,82.75862069,0.88454365
kitti,000048,ty_m,0.02000000,3,Cyclist,30.44033016,30.42000000,0,0.00000000,41,41,100.00000000,0.46839675
kitti,000048,ty_m,0.05000000,0,Pedestrian,16.93728432,16.82000000,0,0.00000000,113,102,90.26548673,2.14213016
kitti,000048,ty_m,0.05000000,1,Pedestrian,17.21136253,17.03000000,0,0.00000000,132,119,90.15151515,2.12407197
kitti,000048,ty_m,0.05000000,2,Pedestrian,16.62745020,16.26000000,0,0.00000000,116,91,78.44827586,2.21133914
kitti,000048,ty_m,0.05000000,3,Cyclist,30.44033016,30.42000000,0,0.00000000,41,41,100.00000000,1.17098629
kitti,000048,ty_m,0.10000000,0,Pedestrian,16.93728432,16.82000000,0,0.00000000,113,93,82.30088496,4.28419793
kitti,000048,ty_m,0.10000000,1,Pedestrian,17.21136253,17.03000000,0,0.00000000,132,112,84.84848485,4.24808261
kitti,000048,ty_m,0.10000000,2,Pedestrian,16.62745020,16.26000000,0,0.00000000,116,80,68.96551724,4.42261172
kitti,000048,ty_m,0.10000000,3,Cyclist,30.44033016,30.42000000,0,0.00000000,41,41,100.00000000,2.34195392
kitti,000049,yaw_deg,-3.00000000,0,Car,21.60752415,21.55000000,0,0.00000000,206,81,39.32038835,38.39152955
kitti,000049,yaw_deg,-3.00000000,1,Car,14.43173586,13.75000000,0,0.00000000,930,779,83.76344086,41.06087061
kitti,000049,yaw_deg,-3.00000000,2,Car,22.34527467,21.82000000,2,0.00000000,140,37,26.42857143,39.07573454
kitti,000049,yaw_deg,-3.00000000,3,Car,25.24471034,24.83000000,2,0.00000000,79,12,15.18987342,38.64145262
kitti,000049,yaw_deg,-3.00000000,4,Car,32.80861625,32.49000000,2,0.00000000,18,0,0.00000000,38.29559517
kitti,000049,yaw_deg,-3.00000000,5,Van,45.87890583,45.70000000,3,0.00000000,79,17,21.51898734,38.06671159
kitti,000049,yaw_deg,-3.00000000,6,Pedestrian,5.70784548,4.71000000,3,0.29000000,830,563,67.83132530,55.38935337
kitti,000049,yaw_deg,-3.00000000,7,Car,10.53005698,9.53000000,1,0.00000000,571,568,99.47460595,47.81814752
kitti,000049,yaw_deg,-3.00000000,8,Car,15.53099160,14.89000000,1,0.00000000,432,378,87.50000000,41.97766175
kitti,000049,yaw_deg,-3.00000000,9,Car,20.71094397,20.20000000,2,0.00000000,198,179,90.40404040,40.12503702
kitti,000049,yaw_deg,-3.00000000,10,Pedestrian,32.83098689,32.55000000,0,0.00000000,42,0,0.00000000,38.98035528
kitti,000049,yaw_deg,-3.00000000,11,Car,33.28710561,31.83000000,2,0.00000000,74,34,45.94594595,42.80063099
kitti,000049,yaw_deg,-3.00000000,12,Car,14.50226189,12.04000000,3,0.07000000,437,394,90.16018307,54.58222245
kitti,000049,yaw_deg,-3.00000000,13,Car,19.08105081,17.23000000,1,0.00000000,312,227,72.75641026,45.36721483
kitti,000049,yaw_deg,-3.00000000,15,Car,23.25483391,21.69000000,2,0.00000000,8,2,25.00000000,42.32196998
kitti,000049,yaw_deg,-3.00000000,16,Van,35.61556121,32.04000000,3,0.00000000,261,194,74.32950192,48.52058006
kitti,000049,yaw_deg,-3.00000000,17,Car,22.43159602,17.43000000,3,0.38000000,56,43,76.78571429,59.72416343
kitti,000049,yaw_deg,-2.00000000,0,Car,21.60752415,21.55000000,0,0.00000000,206,126,61.16504854,25.57203987
kitti,000049,yaw_deg,-2.00000000,1,Car,14.43173586,13.75000000,0,0.00000000,930,853,91.72043011,27.49519470
kitti,000049,yaw_deg,-2.00000000,2,Car,22.34527467,21.82000000,2,0.00000000,140,74,52.85714286,26.11607548
kitti,000049,yaw_deg,-2.00000000,3,Car,25.24471034,24.83000000,2,0.00000000,79,29,36.70886076,25.80723061
kitti,000049,yaw_deg,-2.00000000,4,Car,32.80861625,32.49000000,2,0.00000000,18,2,11.11111111,25.55929603
kitti,000049,yaw_deg,-2.00000000,5,Van,45.87890583,45.70000000,3,0.00000000,79,28,35.44303797,25.39299843
kitti,000049,yaw_deg,-2.00000000,6,Pedestrian,5.70784548,4.71000000,3,0.29000000,830,644,77.59036145,36.47094375
kitti,000049,yaw_deg,-2.00000000,7,Car,10.53005698,9.53000000,1,0.00000000,571,569,99.64973730,31.60547878
kitti,000049,yaw_deg,-2.00000000,8,Car,15.53099160,14.89000000,1,0.00000000,432,417,96.52777778,27.83563819
kitti,000049,yaw_deg,-2.00000000,9,Car,20.71094397,20.20000000,2,0.00000000,198,185,93.43434343,26.64696115
kitti,000049,yaw_deg,-2.00000000,10,Pedestrian,32.83098689,32.55000000,0,0.00000000,42,0,0.00000000,25.91647449
kitti,000049,yaw_deg,-2.00000000,11,Car,33.28710561,31.83000000,2,0.00000000,74,53,71.62162162,28.35600453
kitti,000049,yaw_deg,-2.00000000,12,Car,14.50226189,12.04000000,3,0.07000000,437,394,90.16018307,36.79907128
kitti,000049,yaw_deg,-2.00000000,13,Car,19.08105081,17.23000000,1,0.00000000,312,273,87.50000000,30.47036489
kitti,000049,yaw_deg,-2.00000000,15,Car,23.25483391,21.69000000,2,0.00000000,8,4,50.00000000,28.37505671
kitti,000049,yaw_deg,-2.00000000,16,Van,35.61556121,32.04000000,3,0.00000000,261,233,89.27203065,32.04692716
kitti,000049,yaw_deg,-2.00000000,17,Car,22.43159602,17.43000000,3,0.38000000,56,51,91.07142857,40.33590761
kitti,000049,yaw_deg,-1.00000000,0,Car,21.60752415,21.55000000,0,0.00000000,206,167,81.06796117,12.77770888
kitti,000049,yaw_deg,-1.00000000,1,Car,14.43173586,13.75000000,0,0.00000000,930,922,99.13978495,13.81166026
kitti,000049,yaw_deg,-1.00000000,2,Car,22.34527467,21.82000000,2,0.00000000,140,118,84.28571429,13.09333843
kitti,000049,yaw_deg,-1.00000000,3,Car,25.24471034,24.83000000,2,0.00000000,79,66,83.54430380,12.92949582
kitti,000049,yaw_deg,-1.00000000,4,Car,32.80861625,32.49000000,2,0.00000000,18,11,61.11111111,12.79676075
kitti,000049,yaw_deg,-1.00000000,5,Van,45.87890583,45.70000000,3,0.00000000,79,61,77.21518987,12.70618430
kitti,000049,yaw_deg,-1.00000000,6,Pedestrian,5.70784548,4.71000000,3,0.29000000,830,710,85.54216867,18.03121848
kitti,000049,yaw_deg,-1.00000000,7,Car,10.53005698,9.53000000,1,0.00000000,571,570,99.82486865,15.67176069
kitti,000049,yaw_deg,-1.00000000,8,Car,15.53099160,14.89000000,1,0.00000000,432,432,100.00000000,13.84678495
kitti,000049,yaw_deg,-1.00000000,9,Car,20.71094397,20.20000000,2,0.00000000,198,190,95.95959596,13.27510831
kitti,000049,yaw_deg,-1.00000000,10,Pedestrian,32.83098689,32.55000000,0,0.00000000,42,11,26.19047619,12.92587681
kitti,000049,yaw_deg,-1.00000000,11,Car,33.28710561,31.83000000,2,0.00000000,74,74,100.00000000,14.09313935
kitti,000049,yaw_deg,-1.00000000,12,Car,14.50226189,12.04000000,3,0.07000000,437,436,99.77116705,18.61353954
kitti,000049,yaw_deg,-1.00000000,13,Car,19.08105081,17.23000000,1,0.00000000,312,299,95.83333333,15.35282096
kitti,000049,yaw_deg,-1.00000000,15,Car,23.25483391,21.69000000,2,0.00000000,8,8,100.00000000,14.27158448
kitti,000049,yaw_deg,-1.00000000,16,Van,35.61556121,32.04000000,3,0.00000000,261,250,95.78544061,15.87944266
kitti,000049,yaw_deg,-1.00000000,17,Car,22.43159602,17.43000000,3,0.38000000,56,51,91.07142857,20.43889261
kitti,000049,yaw_deg,-0.50000000,0,Car,21.60752415,21.55000000,0,0.00000000,206,190,92.23300971,6.38728959
kitti,000049,yaw_deg,-0.50000000,1,Car,14.43173586,13.75000000,0,0.00000000,930,930,100.00000000,6.92250106
kitti,000049,yaw_deg,-0.50000000,2,Car,22.34527467,21.82000000,2,0.00000000,140,136,97.14285714,6.55603872
kitti,000049,yaw_deg,-0.50000000,3,Car,25.24471034,24.83000000,2,0.00000000,79,79,100.00000000,6.47173842
kitti,000049,yaw_deg,-0.50000000,4,Car,32.80861625,32.49000000,2,0.00000000,18,15,83.33333333,6.40316100
kitti,000049,yaw_deg,-0.50000000,5,Van,45.87890583,45.70000000,3,0.00000000,79,75,94.93670886,6.35595128
kitti,000049,yaw_deg,-0.50000000,6,Pedestrian,5.70784548,4.71000000,3,0.29000000,830,703,84.69879518,8.96946613
kitti,000049,yaw_deg,-0.50000000,7,Car,10.53005698,9.53000000,1,0.00000000,571,571,100.00000000,7.80416281
kitti,000049,yaw_deg,-0.50000000,8,Car,15.53099160,14.89000000,1,0.00000000,432,432,100.00000000,6.90631184
kitti,000049,yaw_deg,-0.50000000,9,Car,20.71094397,20.20000000,2,0.00000000,198,196,98.98989899,6.62604322
kitti,000049,yaw_deg,-0.50000000,10,Pedestrian,32.83098689,32.55000000,0,0.00000000,42,31,73.80952381,6.45537676
kitti,000049,yaw_deg,-0.50000000,11,Car,33.28710561,31.83000000,2,0.00000000,74,74,100.00000000,7.02608650
kitti,000049,yaw_deg,-0.50000000,12,Car,14.50226189,12.04000000,3,0.07000000,437,437,100.00000000,9.36193957
kitti,000049,yaw_deg,-0.50000000,13,Car,19.08105081,17.23000000,1,0.00000000,312,310,99.35897436,7.70676027
kitti,000049,yaw_deg,-0.50000000,15,Car,23.25483391,21.69000000,2,0.00000000,8,8,100.00000000,7.15754692
kitti,000049,yaw_deg,-0.50000000,16,Van,35.61556121,32.04000000,3,0.00000000,261,261,100.00000000,7.90480947
kitti,000049,yaw_deg,-0.50000000,17,Car,22.43159602,17.43000000,3,0.38000000,56,50,89.28571429,10.28934636
kitti,000049,yaw_deg,0.00000000,0,Car,21.60752415,21.55000000,0,0.00000000,206,206,100.00000000,0.00000000
kitti,000049,yaw_deg,0.00000000,1,Car,14.43173586,13.75000000,0,0.00000000,930,930,100.00000000,0.00000000
kitti,000049,yaw_deg,0.00000000,2,Car,22.34527467,21.82000000,2,0.00000000,140,140,100.00000000,0.00000000
kitti,000049,yaw_deg,0.00000000,3,Car,25.24471034,24.83000000,2,0.00000000,79,79,100.00000000,0.00000000
kitti,000049,yaw_deg,0.00000000,4,Car,32.80861625,32.49000000,2,0.00000000,18,18,100.00000000,0.00000000
kitti,000049,yaw_deg,0.00000000,5,Van,45.87890583,45.70000000,3,0.00000000,79,79,100.00000000,0.00000000
kitti,000049,yaw_deg,0.00000000,6,Pedestrian,5.70784548,4.71000000,3,0.29000000,830,690,83.13253012,0.00000000
kitti,000049,yaw_deg,0.00000000,7,Car,10.53005698,9.53000000,1,0.00000000,571,571,100.00000000,0.00000000
kitti,000049,yaw_deg,0.00000000,8,Car,15.53099160,14.89000000,1,0.00000000,432,432,100.00000000,0.00000000
kitti,000049,yaw_deg,0.00000000,9,Car,20.71094397,20.20000000,2,0.00000000,198,198,100.00000000,0.00000000
kitti,000049,yaw_deg,0.00000000,10,Pedestrian,32.83098689,32.55000000,0,0.00000000,42,37,88.09523810,0.00000000
kitti,000049,yaw_deg,0.00000000,11,Car,33.28710561,31.83000000,2,0.00000000,74,74,100.00000000,0.00000000
kitti,000049,yaw_deg,0.00000000,12,Car,14.50226189,12.04000000,3,0.07000000,437,437,100.00000000,0.00000000
kitti,000049,yaw_deg,0.00000000,13,Car,19.08105081,17.23000000,1,0.00000000,312,312,100.00000000,0.00000000
kitti,000049,yaw_deg,0.00000000,15,Car,23.25483391,21.69000000,2,0.00000000,8,8,100.00000000,0.00000000
kitti,000049,yaw_deg,0.00000000,16,Van,35.61556121,32.04000000,3,0.00000000,261,261,100.00000000,0.00000000
kitti,000049,yaw_deg,0.00000000,17,Car,22.43159602,17.43000000,3,0.38000000,56,49,87.50000000,0.00000000
kitti,000049,yaw_deg,0.50000000,0,Car,21.60752415,21.55000000,0,0.00000000,206,190,92.23300971,6.38647562
kitti,000049,yaw_deg,0.50000000,1,Car,14.43173586,13.75000000,0,0.00000000,930,925,99.46236559,6.95718216
kitti,000049,yaw_deg,0.50000000,2,Car,22.34527467,21.82000000,2,0.00000000,140,140,100.00000000,6.57588138
kitti,000049,yaw_deg,0.50000000,3,Car,25.24471034,24.83000000,2,0.00000000,79,79,100.00000000,6.48677114
kitti,000049,yaw_deg,0.50000000,4,Car,32.80861625,32.49000000,2,0.00000000,18,18,100.00000000,6.41373443
kitti,000049,yaw_deg,0.50000000,5,Van,45.87890583,45.70000000,3,0.00000000,79,79,100.00000000,6.36265595
kitti,000049,yaw_deg,0.50000000,6,Pedestrian,5.70784548,4.71000000,3,0.29000000,830,671,80.84337349,8.88005032
kitti,000049,yaw_deg,0.50000000,7,Car,10.53005698,9.53000000,1,0.00000000,571,565,98.94921191,7.74265367
kitti,000049,yaw_deg,0.50000000,8,Car,15.53099160,14.89000000,1,0.00000000,432,426,98.61111111,6.87347642
kitti,000049,yaw_deg,0.50000000,9,Car,20.71094397,20.20000000,2,0.00000000,198,195,98.48484848,6.60416655
kitti,000049,yaw_deg,0.50000000,10,Pedestrian,32.83098689,32.55000000,0,0.00000000,42,24,57.14285714,6.44129831
kitti,000049,yaw_deg,0.50000000,11,Car,33.28710561,31.83000000,2,0.00000000,74,74,100.00000000,6.98654828
kitti,000049,yaw_deg,0.50000000,12,Car,14.50226189,12.04000000,3,0.07000000,437,437,100.00000000,9.47575995
kitti,000049,yaw_deg,0.50000000,13,Car,19.08105081,17.23000000,1,0.00000000,312,312,100.00000000,7.76940113
kitti,000049,yaw_deg,0.50000000,15,Car,23.25483391,21.69000000,2,0.00000000,8,8,100.00000000,7.20257701
kitti,000049,yaw_deg,0.50000000,16,Van,35.61556121,32.04000000,3,0.00000000,261,250,95.78544061,7.83709804
kitti,000049,yaw_deg,0.50000000,17,Car,22.43159602,17.43000000,3,0.38000000,56,48,85.71428571,10.43265394
kitti,000049,yaw_deg,1.00000000,0,Car,21.60752415,21.55000000,0,0.00000000,206,165,80.09708738,12.77334283
kitti,000049,yaw_deg,1.00000000,1,Car,14.43173586,13.75000000,0,0.00000000,930,903,97.09677419,13.95040905
kitti,000049,yaw_deg,1.00000000,2,Car,22.34527467,21.82000000,2,0.00000000,140,140,100.00000000,13.17272192
kitti,000049,yaw_deg,1.00000000,3,Car,25.24471034,24.83000000,2,0.00000000,79,79,100.00000000,12.98963626
kitti,000049,yaw_deg,1.00000000,4,Car,32.80861625,32.49000000,2,0.00000000,18,18,100.00000000,12.83906112
kitti,000049,yaw_deg,1.00000000,5,Van,45.87890583,45.70000000,3,0.00000000,79,76,96.20253165,12.73300714
kitti,000049,yaw_deg,1.00000000,6,Pedestrian,5.70784548,4.71000000,3,0.29000000,830,649,78.19277108,17.66772237
kitti,000049,yaw_deg,1.00000000,7,Car,10.53005698,9.53000000,1,0.00000000,571,543,95.09632224,15.42560728
kitti,000049,yaw_deg,1.00000000,8,Car,15.53099160,14.89000000,1,0.00000000,432,406,93.98148148,13.71542059
kitti,000049,yaw_deg,1.00000000,9,Car,20.71094397,20.20000000,2,0.00000000,198,167,84.34343434,13.18758740
kitti,000049,yaw_deg,1.00000000,10,Pedestrian,32.83098689,32.55000000,0,0.00000000,42,2,4.76190476,12.86955417
kitti,000049,yaw_deg,1.00000000,11,Car,33.28710561,31.83000000,2,0.00000000,74,74,100.00000000,13.93495839
kitti,000049,yaw_deg,1.00000000,12,Car,14.50226189,12.04000000,3,0.07000000,437,437,100.00000000,19.06894212
kitti,000049,yaw_deg,1.00000000,13,Car,19.08105081,17.23000000,1,0.00000000,312,312,100.00000000,15.60343572
kitti,000049,yaw_deg,1.00000000,15,Car,23.25483391,21.69000000,2,0.00000000,8,8,100.00000000,14.45173808
kitti,000049,yaw_deg,1.00000000,16,Van,35.61556121,32.04000000,3,0.00000000,261,235,90.03831418,15.60854034
kitti,000049,yaw_deg,1.00000000,17,Car,22.43159602,17.43000000,3,0.38000000,56,41,73.21428571,20.90926334
kitti,000049,yaw_deg,2.00000000,0,Car,21.60752415,21.55000000,0,0.00000000,206,116,56.31067961,25.54847089
kitti,000049,yaw_deg,2.00000000,1,Car,14.43173586,13.75000000,0,0.00000000,930,854,91.82795699,28.05058038
kitti,000049,yaw_deg,2.00000000,2,Car,22.34527467,21.82000000,2,0.00000000,140,140,100.00000000,26.43381568
kitti,000049,yaw_deg,2.00000000,3,Car,25.24471034,24.83000000,2,0.00000000,79,79,100.00000000,26.04794566
kitti,000049,yaw_deg,2.00000000,4,Car,32.80861625,32.49000000,2,0.00000000,18,18,100.00000000,25.72860364
kitti,000049,yaw_deg,2.00000000,5,Van,45.87890583,45.70000000,3,0.00000000,79,69,87.34177215,25.50078207
kitti,000049,yaw_deg,2.00000000,6,Pedestrian,5.70784548,4.71000000,3,0.29000000,830,561,67.59036145,34.97715267
kitti,000049,yaw_deg,2.00000000,7,Car,10.53005698,9.53000000,1,0.00000000,571,495,86.69001751,30.61994225
kitti,000049,yaw_deg,2.00000000,8,Car,15.53099160,14.89000000,1,0.00000000,432,359,83.10185185,27.30981790
kitti,000049,yaw_deg,2.00000000,9,Car,20.71094397,20.20000000,2,0.00000000,198,102,51.51515152,26.29664936
kitti,000049,yaw_deg,2.00000000,10,Pedestrian,32.83098689,32.55000000,0,0.00000000,42,0,0.00000000,25.69104228
kitti,000049,yaw_deg,2.00000000,11,Car,33.28710561,31.83000000,2,0.00000000,74,73,98.64864865,27.72283106
kitti,000049,yaw_deg,2.00000000,12,Car,14.50226189,12.04000000,3,0.07000000,437,421,96.33867277,38.48027969
kitti,000049,yaw_deg,2.00000000,13,Car,19.08105081,17.23000000,1,0.00000000,312,311,99.67948718,31.47364562
kitti,000049,yaw_deg,2.00000000,15,Car,23.25483391,21.69000000,2,0.00000000,8,8,100.00000000,29.09620325
kitti,000049,yaw_deg,2.00000000,16,Van,35.61556121,32.04000000,3,0.00000000,261,199,76.24521073,30.96241154
kitti,000049,yaw_deg,2.00000000,17,Car,22.43159602,17.43000000,3,0.38000000,56,20,35.71428571,41.15210473
kitti,000049,yaw_deg,3.00000000,0,Car,21.60752415,21.55000000,0,0.00000000,206,74,35.92233010,38.32854592
kitti,000049,yaw_deg,3.00000000,1,Car,14.43173586,13.75000000,0,0.00000000,930,797,85.69892473,42.31195525
kitti,000049,yaw_deg,3.00000000,2,Car,22.34527467,21.82000000,2,0.00000000,140,138,98.57142857,39.79234493
kitti,000049,yaw_deg,3.00000000,3,Car,25.24471034,24.83000000,2,0.00000000,79,76,96.20253165,39.18363716
kitti,000049,yaw_deg,3.00000000,4,Car,32.80861625,32.49000000,2,0.00000000,18,18,100.00000000,38.67693584
kitti,000049,yaw_deg,3.00000000,5,Van,45.87890583,45.70000000,3,0.00000000,79,59,74.68354430,38.31135628
kitti,000049,yaw_deg,3.00000000,6,Pedestrian,5.70784548,4.71000000,3,0.29000000,830,436,52.53012048,51.94991093
kitti,000049,yaw_deg,3.00000000,7,Car,10.53005698,9.53000000,1,0.00000000,571,464,81.26094571,45.59761190
kitti,000049,yaw_deg,3.00000000,8,Car,15.53099160,14.89000000,1,0.00000000,432,298,68.98148148,40.79320319
kitti,000049,yaw_deg,3.00000000,9,Car,20.71094397,20.20000000,2,0.00000000,198,38,19.19191919,39.33597861
kitti,000049,yaw_deg,3.00000000,10,Pedestrian,32.83098689,32.55000000,0,0.00000000,42,0,0.00000000,38.47260080
kitti,000049,yaw_deg,3.00000000,11,Car,33.28710561,31.83000000,2,0.00000000,74,62,83.78378378,41.37430168
kitti,000049,yaw_deg,3.00000000,12,Car,14.50226189,12.04000000,3,0.07000000,437,385,88.10068650,58.08129456
kitti,000049,yaw_deg,3.00000000,13,Car,19.08105081,17.23000000,1,0.00000000,312,292,93.58974359,47.62768386
kitti,000049,yaw_deg,3.00000000,15,Car,23.25483391,21.69000000,2,0.00000000,8,7,87.50000000,43.94654876
kitti,000049,yaw_deg,3.00000000,16,Van,35.61556121,32.04000000,3,0.00000000,261,168,64.36781609,46.07701416
kitti,000049,yaw_deg,3.00000000,17,Car,22.43159602,17.43000000,3,0.38000000,56,10,17.85714286,61.67170849
kitti,000049,pitch_deg,0.00000000,0,Car,21.60752415,21.55000000,0,0.00000000,206,206,100.00000000,0.00000000
kitti,000049,pitch_deg,0.00000000,1,Car,14.43173586,13.75000000,0,0.00000000,930,930,100.00000000,0.00000000
kitti,000049,pitch_deg,0.00000000,2,Car,22.34527467,21.82000000,2,0.00000000,140,140,100.00000000,0.00000000
kitti,000049,pitch_deg,0.00000000,3,Car,25.24471034,24.83000000,2,0.00000000,79,79,100.00000000,0.00000000
kitti,000049,pitch_deg,0.00000000,4,Car,32.80861625,32.49000000,2,0.00000000,18,18,100.00000000,0.00000000
kitti,000049,pitch_deg,0.00000000,5,Van,45.87890583,45.70000000,3,0.00000000,79,79,100.00000000,0.00000000
kitti,000049,pitch_deg,0.00000000,6,Pedestrian,5.70784548,4.71000000,3,0.29000000,830,690,83.13253012,0.00000000
kitti,000049,pitch_deg,0.00000000,7,Car,10.53005698,9.53000000,1,0.00000000,571,571,100.00000000,0.00000000
kitti,000049,pitch_deg,0.00000000,8,Car,15.53099160,14.89000000,1,0.00000000,432,432,100.00000000,0.00000000
kitti,000049,pitch_deg,0.00000000,9,Car,20.71094397,20.20000000,2,0.00000000,198,198,100.00000000,0.00000000
kitti,000049,pitch_deg,0.00000000,10,Pedestrian,32.83098689,32.55000000,0,0.00000000,42,37,88.09523810,0.00000000
kitti,000049,pitch_deg,0.00000000,11,Car,33.28710561,31.83000000,2,0.00000000,74,74,100.00000000,0.00000000
kitti,000049,pitch_deg,0.00000000,12,Car,14.50226189,12.04000000,3,0.07000000,437,437,100.00000000,0.00000000
kitti,000049,pitch_deg,0.00000000,13,Car,19.08105081,17.23000000,1,0.00000000,312,312,100.00000000,0.00000000
kitti,000049,pitch_deg,0.00000000,15,Car,23.25483391,21.69000000,2,0.00000000,8,8,100.00000000,0.00000000
kitti,000049,pitch_deg,0.00000000,16,Van,35.61556121,32.04000000,3,0.00000000,261,261,100.00000000,0.00000000
kitti,000049,pitch_deg,0.00000000,17,Car,22.43159602,17.43000000,3,0.38000000,56,49,87.50000000,0.00000000
kitti,000049,pitch_deg,0.50000000,0,Car,21.60752415,21.55000000,0,0.00000000,206,186,90.29126214,6.39993608
kitti,000049,pitch_deg,0.50000000,1,Car,14.43173586,13.75000000,0,0.00000000,930,922,99.13978495,6.46361288
kitti,000049,pitch_deg,0.50000000,2,Car,22.34527467,21.82000000,2,0.00000000,140,139,99.28571429,6.38553208
kitti,000049,pitch_deg,0.50000000,3,Car,25.24471034,24.83000000,2,0.00000000,79,73,92.40506329,6.37577918
kitti,000049,pitch_deg,0.50000000,4,Car,32.80861625,32.49000000,2,0.00000000,18,18,100.00000000,6.35660167
kitti,000049,pitch_deg,0.50000000,5,Van,45.87890583,45.70000000,3,0.00000000,79,75,94.93670886,6.33550015
kitti,000049,pitch_deg,0.50000000,6,Pedestrian,5.70784548,4.71000000,3,0.29000000,830,677,81.56626506,6.84617115
kitti,000049,pitch_deg,0.50000000,7,Car,10.53005698,9.53000000,1,0.00000000,571,571,100.00000000,6.59664949
kitti,000049,pitch_deg,0.50000000,8,Car,15.53099160,14.89000000,1,0.00000000,432,431,99.76851852,6.45550756
kitti,000049,pitch_deg,0.50000000,9,Car,20.71094397,20.20000000,2,0.00000000,198,183,92.42424242,6.40115716
kitti,000049,pitch_deg,0.50000000,10,Pedestrian,32.83098689,32.55000000,0,0.00000000,42,31,73.80952381,6.35622457
kitti,000049,pitch_deg,0.50000000,11,Car,33.28710561,31.83000000,2,0.00000000,74,73,98.64864865,6.35831302
kitti,000049,pitch_deg,0.50000000,12,Car,14.50226189,12.04000000,3,0.07000000,437,437,100.00000000,6.49076993
kitti,000049,pitch_deg,0.50000000,13,Car,19.08105081,17.23000000,1,0.00000000,312,308,98.71794872,6.41574630
kitti,000049,pitch_deg,0.50000000,15,Car,23.25483391,21.69000000,2,0.00000000,8,8,100.00000000,6.37658043
kitti,000049,pitch_deg,0.50000000,16,Van,35.61556121,32.04000000,3,0.00000000,261,261,100.00000000,6.35247397
kitti,000049,pitch_deg,0.50000000,17,Car,22.43159602,17.43000000,3,0.38000000,56,49,87.50000000,6.39462353
kitti,000049,pitch_deg,1.00000000,0,Car,21.60752415,21.55000000,0,0.00000000,206,147,71.35922330,12.80643246
kitti,000049,pitch_deg,1.00000000,1,Car,14.43173586,13.75000000,0,0.00000000,930,852,91.61290323,12.93637183
kitti,000049,pitch_deg,1.00000000,2,Car,22.34527467,21.82000000,2,0.00000000,140,135,96.42857143,12.77519237
kitti,000049,pitch_deg,1.00000000,3,Car,25.24471034,24.83000000,2,0.00000000,79,57,72.15189873,12.75628615
kitti,000049,pitch_deg,1.00000000,4,Car,32.80861625,32.49000000,2,0.00000000,18,12,66.66666667,12.71687560
kitti,000049,pitch_deg,1.00000000,5,Van,45.87890583,45.70000000,3,0.00000000,79,59,74.68354430,12.67078274
kitti,000049,pitch_deg,1.00000000,6,Pedestrian,5.70784548,4.71000000,3,0.29000000,830,662,79.75903614,13.70436335
kitti,000049,pitch_deg,1.00000000,7,Car,10.53005698,9.53000000,1,0.00000000,571,563,98.59894921,13.20955456
kitti,000049,pitch_deg,1.00000000,8,Car,15.53099160,14.89000000,1,0.00000000,432,415,96.06481481,12.92003438
kitti,000049,pitch_deg,1.00000000,9,Car,20.71094397,20.20000000,2,0.00000000,198,170,85.85858586,12.80807286
kitti,000049,pitch_deg,1.00000000,10,Pedestrian,32.83098689,32.55000000,0,0.00000000,42,29,69.04761905,12.71675610
kitti,000049,pitch_deg,1.00000000,11,Car,33.28710561,31.83000000,2,0.00000000,74,68,91.89189189,12.72083827
kitti,000049,pitch_deg,1.00000000,12,Car,14.50226189,12.04000000,3,0.07000000,437,434,99.31350114,12.99271575
kitti,000049,pitch_deg,1.00000000,13,Car,19.08105081,17.23000000,1,0.00000000,312,291,93.26923077,12.83799503
kitti,000049,pitch_deg,1.00000000,15,Car,23.25483391,21.69000000,2,0.00000000,8,8,100.00000000,12.75641793
kitti,000049,pitch_deg,1.00000000,16,Van,35.61556121,32.04000000,3,0.00000000,261,261,100.00000000,12.70527870
kitti,000049,pitch_deg,1.00000000,17,Car,22.43159602,17.43000000,3,0.38000000,56,49,87.50000000,12.79279923
kitti,000049,pitch_deg,2.00000000,0,Car,21.60752415,21.55000000,0,0.00000000,206,66,32.03883495,25.64314125
kitti,000049,pitch_deg,2.00000000,1,Car,14.43173586,13.75000000,0,0.00000000,930,704,75.69892473,25.91282352
kitti,000049,pitch_deg,2.00000000,2,Car,22.34527467,21.82000000,2,0.00000000,140,102,72.85714286,25.57282360
kitti,000049,pitch_deg,2.00000000,3,Car,25.24471034,24.83000000,2,0.00000000,79,39,49.36708861,25.53548405
kitti,000049,pitch_deg,2.00000000,4,Car,32.80861625,32.49000000,2,0.00000000,18,0,0.00000000,25.45240184
kitti,000049,pitch_deg,2.00000000,5,Van,45.87890583,45.70000000,3,0.00000000,79,38,48.10126582,25.34426946
kitti,000049,pitch_deg,2.00000000,6,Pedestrian,5.70784548,4.71000000,3,0.29000000,830,629,75.78313253,27.46360449
kitti,000049,pitch_deg,2.00000000,7,Car,10.53005698,9.53000000,1,0.00000000,571,527,92.29422067,26.48420169
kitti,000049,pitch_deg,2.00000000,8,Car,15.53099160,14.89000000,1,0.00000000,432,356,82.40740741,25.88266831
kitti,000049,pitch_deg,2.00000000,9,Car,20.71094397,20.20000000,2,0.00000000,198,134,67.67676768,25.64481472
kitti,000049,pitch_deg,2.00000000,10,Pedestrian,32.83098689,32.55000000,0,0.00000000,42,13,30.95238095,25.45470931
kitti,000049,pitch_deg,2.00000000,11,Car,33.28710561,31.83000000,2,0.00000000,74,18,24.32432432,25.46260388
kitti,000049,pitch_deg,2.00000000,12,Car,14.50226189,12.04000000,3,0.07000000,437,419,95.88100686,26.03211319
kitti,000049,pitch_deg,2.00000000,13,Car,19.08105081,17.23000000,1,0.00000000,312,213,68.26923077,25.70539638
kitti,000049,pitch_deg,2.00000000,15,Car,23.25483391,21.69000000,2,0.00000000,8,8,100.00000000,25.53003169
kitti,000049,pitch_deg,2.00000000,16,Van,35.61556121,32.04000000,3,0.00000000,261,261,100.00000000,25.42063192
kitti,000049,pitch_deg,2.00000000,17,Car,22.43159602,17.43000000,3,0.38000000,56,45,80.35714286,25.60471156
kitti,000049,pitch_deg,3.00000000,0,Car,21.60752415,21.55000000,0,0.00000000,206,24,11.65048544,38.51824820
kitti,000049,pitch_deg,3.00000000,1,Car,14.43173586,13.75000000,0,0.00000000,930,500,53.76344086,38.93886541
kitti,000049,pitch_deg,3.00000000,2,Car,22.34527467,21.82000000,2,0.00000000,140,49,35.00000000,38.40106830
kitti,000049,pitch_deg,3.00000000,3,Car,25.24471034,24.83000000,2,0.00000000,79,19,24.05063291,38.34563459
kitti,000049,pitch_deg,3.00000000,4,Car,32.80861625,32.49000000,2,0.00000000,18,0,0.00000000,38.21453477
kitti,000049,pitch_deg,3.00000000,5,Van,45.87890583,45.70000000,3,0.00000000,79,0,0.00000000,38.03214302
kitti,000049,pitch_deg,3.00000000,6,Pedestrian,5.70784548,4.71000000,3,0.29000000,830,589,70.96385542,41.26567591
kitti,000049,pitch_deg,3.00000000,7,Car,10.53005698,9.53000000,1,0.00000000,571,481,84.23817863,39.84056283
kitti,000049,pitch_deg,3.00000000,8,Car,15.53099160,14.89000000,1,0.00000000,432,280,64.81481481,38.89534637
kitti,000049,pitch_deg,3.00000000,9,Car,20.71094397,20.20000000,2,0.00000000,198,86,43.43434343,38.51987421
kitti,000049,pitch_deg,3.00000000,10,Pedestrian,32.83098689,32.55000000,0,0.00000000,42,0,0.00000000,38.22183492
kitti,000049,pitch_deg,3.00000000,11,Car,33.28710561,31.83000000,2,0.00000000,74,14,18.91891892,38.23377329
kitti,000049,pitch_deg,3.00000000,12,Car,14.50226189,12.04000000,3,0.07000000,437,361,82.60869565,39.12753871
kitti,000049,pitch_deg,3.00000000,13,Car,19.08105081,17.23000000,1,0.00000000,312,146,46.79487179,38.61029687
kitti,000049,pitch_deg,3.00000000,15,Car,23.25483391,21.69000000,2,0.00000000,8,7,87.50000000,38.32835474
kitti,000049,pitch_deg,3.00000000,16,Van,35.61556121,32.04000000,3,0.00000000,261,192,73.56321839,38.15796848
kitti,000049,pitch_deg,3.00000000,17,Car,22.43159602,17.43000000,3,0.38000000,56,40,71.42857143,38.44499289
kitti,000049,roll_deg,0.00000000,0,Car,21.60752415,21.55000000,0,0.00000000,206,206,100.00000000,0.00000000
kitti,000049,roll_deg,0.00000000,1,Car,14.43173586,13.75000000,0,0.00000000,930,930,100.00000000,0.00000000
kitti,000049,roll_deg,0.00000000,2,Car,22.34527467,21.82000000,2,0.00000000,140,140,100.00000000,0.00000000
kitti,000049,roll_deg,0.00000000,3,Car,25.24471034,24.83000000,2,0.00000000,79,79,100.00000000,0.00000000
kitti,000049,roll_deg,0.00000000,4,Car,32.80861625,32.49000000,2,0.00000000,18,18,100.00000000,0.00000000
kitti,000049,roll_deg,0.00000000,5,Van,45.87890583,45.70000000,3,0.00000000,79,79,100.00000000,0.00000000
kitti,000049,roll_deg,0.00000000,6,Pedestrian,5.70784548,4.71000000,3,0.29000000,830,690,83.13253012,0.00000000
kitti,000049,roll_deg,0.00000000,7,Car,10.53005698,9.53000000,1,0.00000000,571,571,100.00000000,0.00000000
kitti,000049,roll_deg,0.00000000,8,Car,15.53099160,14.89000000,1,0.00000000,432,432,100.00000000,0.00000000
kitti,000049,roll_deg,0.00000000,9,Car,20.71094397,20.20000000,2,0.00000000,198,198,100.00000000,0.00000000
kitti,000049,roll_deg,0.00000000,10,Pedestrian,32.83098689,32.55000000,0,0.00000000,42,37,88.09523810,0.00000000
kitti,000049,roll_deg,0.00000000,11,Car,33.28710561,31.83000000,2,0.00000000,74,74,100.00000000,0.00000000
kitti,000049,roll_deg,0.00000000,12,Car,14.50226189,12.04000000,3,0.07000000,437,437,100.00000000,0.00000000
kitti,000049,roll_deg,0.00000000,13,Car,19.08105081,17.23000000,1,0.00000000,312,312,100.00000000,0.00000000
kitti,000049,roll_deg,0.00000000,15,Car,23.25483391,21.69000000,2,0.00000000,8,8,100.00000000,0.00000000
kitti,000049,roll_deg,0.00000000,16,Van,35.61556121,32.04000000,3,0.00000000,261,261,100.00000000,0.00000000
kitti,000049,roll_deg,0.00000000,17,Car,22.43159602,17.43000000,3,0.38000000,56,49,87.50000000,0.00000000
kitti,000049,roll_deg,1.00000000,0,Car,21.60752415,21.55000000,0,0.00000000,206,206,100.00000000,0.63479952
kitti,000049,roll_deg,1.00000000,1,Car,14.43173586,13.75000000,0,0.00000000,930,925,99.46236559,3.68661474
kitti,000049,roll_deg,1.00000000,2,Car,22.34527467,21.82000000,2,0.00000000,140,120,85.71428571,2.20150410
kitti,000049,roll_deg,1.00000000,3,Car,25.24471034,24.83000000,2,0.00000000,79,63,79.74683544,1.71841643
kitti,000049,roll_deg,1.00000000,4,Car,32.80861625,32.49000000,2,0.00000000,18,18,100.00000000,1.21828243
kitti,000049,roll_deg,1.00000000,5,Van,45.87890583,45.70000000,3,0.00000000,79,79,100.00000000,0.81685879
kitti,000049,roll_deg,1.00000000,6,Pedestrian,5.70784548,4.71000000,3,0.29000000,830,668,80.48192771,7.71811294
kitti,000049,roll_deg,1.00000000,7,Car,10.53005698,9.53000000,1,0.00000000,571,571,100.00000000,5.77669003
kitti,000049,roll_deg,1.00000000,8,Car,15.53099160,14.89000000,1,0.00000000,432,432,100.00000000,3.49305427
kitti,000049,roll_deg,1.00000000,9,Car,20.71094397,20.20000000,2,0.00000000,198,192,96.96969697,2.43764177
kitti,000049,roll_deg,1.00000000,10,Pedestrian,32.83098689,32.55000000,0,0.00000000,42,36,85.71428571,1.57375625
kitti,000049,roll_deg,1.00000000,11,Car,33.28710561,31.83000000,2,0.00000000,74,74,100.00000000,4.05010827
kitti,000049,roll_deg,1.00000000,12,Car,14.50226189,12.04000000,3,0.07000000,437,398,91.07551487,8.70506740
kitti,000049,roll_deg,1.00000000,13,Car,19.08105081,17.23000000,1,0.00000000,312,282,90.38461538,5.83722202
kitti,000049,roll_deg,1.00000000,15,Car,23.25483391,21.69000000,2,0.00000000,8,7,87.50000000,4.51708368
kitti,000049,roll_deg,1.00000000,16,Van,35.61556121,32.04000000,3,0.00000000,261,261,100.00000000,6.18171115
kitti,000049,roll_deg,1.00000000,17,Car,22.43159602,17.43000000,3,0.38000000,56,35,62.50000000,10.01913893
kitti,000049,roll_deg,2.00000000,0,Car,21.60752415,21.55000000,0,0.00000000,206,206,100.00000000,1.26955389
kitti,000049,roll_deg,2.00000000,1,Car,14.43173586,13.75000000,0,0.00000000,930,891,95.80645161,7.37275029
kitti,000049,roll_deg,2.00000000,2,Car,22.34527467,21.82000000,2,0.00000000,140,120,85.71428571,4.40277030
kitti,000049,roll_deg,2.00000000,3,Car,25.24471034,24.83000000,2,0.00000000,79,63,79.74683544,3.43666006
kitti,000049,roll_deg,2.00000000,4,Car,32.80861625,32.49000000,2,0.00000000,18,18,100.00000000,2.43645060
kitti,000049,roll_deg,2.00000000,5,Van,45.87890583,45.70000000,3,0.00000000,79,79,100.00000000,1.63364570
kitti,000049,roll_deg,2.00000000,6,Pedestrian,5.70784548,4.71000000,3,0.29000000,830,647,77.95180723,15.38231111
kitti,000049,roll_deg,2.00000000,7,Car,10.53005698,9.53000000,1,0.00000000,571,571,100.00000000,11.55340677
kitti,000049,roll_deg,2.00000000,8,Car,15.53099160,14.89000000,1,0.00000000,432,432,100.00000000,6.98600996
kitti,000049,roll_deg,2.00000000,9,Car,20.71094397,20.20000000,2,0.00000000,198,192,96.96969697,4.87517982
kitti,000049,roll_deg,2.00000000,10,Pedestrian,32.83098689,32.55000000,0,0.00000000,42,36,85.71428571,3.14742723
kitti,000049,roll_deg,2.00000000,11,Car,33.28710561,31.83000000,2,0.00000000,74,73,98.64864865,8.10014287
kitti,000049,roll_deg,2.00000000,12,Car,14.50226189,12.04000000,3,0.07000000,437,383,87.64302059,17.40836659
kitti,000049,roll_deg,2.00000000,13,Car,19.08105081,17.23000000,1,0.00000000,312,266,85.25641026,11.67350362
kitti,000049,roll_deg,2.00000000,15,Car,23.25483391,21.69000000,2,0.00000000,8,5,62.50000000,9.03352551
kitti,000049,roll_deg,2.00000000,16,Van,35.61556121,32.04000000,3,0.00000000,261,261,100.00000000,12.36350321
kitti,000049,roll_deg,2.00000000,17,Car,22.43159602,17.43000000,3,0.38000000,56,15,26.78571429,20.03605612
kitti,000049,roll_deg,3.00000000,0,Car,21.60752415,21.55000000,0,0.00000000,206,206,100.00000000,1.90421466
kitti,000049,roll_deg,3.00000000,1,Car,14.43173586,13.75000000,0,0.00000000,930,854,91.82795699,11.05812540
kitti,000049,roll_deg,3.00000000,2,Car,22.34527467,21.82000000,2,0.00000000,140,109,77.85714286,6.60363069
kitti,000049,roll_deg,3.00000000,3,Car,25.24471034,24.83000000,2,0.00000000,79,61,77.21518987,5.15459976
kitti,000049,roll_deg,3.00000000,4,Car,32.80861625,32.49000000,2,0.00000000,18,18,100.00000000,3.65441166
kitti,000049,roll_deg,3.00000000,5,Van,45.87890583,45.70000000,3,0.00000000,79,73,92.40506329,2.45029848
kitti,000049,roll_deg,3.00000000,6,Pedestrian,5.70784548,4.71000000,3,0.29000000,830,626,75.42168675,23.04592947
kitti,000049,roll_deg,3.00000000,7,Car,10.53005698,9.53000000,1,0.00000000,571,562,98.42381786,17.32970772
kitti,000049,roll_deg,3.00000000,8,Car,15.53099160,14.89000000,1,0.00000000,432,425,98.37962963,10.47859977
kitti,000049,roll_deg,3.00000000,9,Car,20.71094397,20.20000000,2,0.00000000,198,183,92.42424242,7.31242798
kitti,000049,roll_deg,3.00000000,10,Pedestrian,32.83098689,32.55000000,0,0.00000000,42,31,73.80952381,4.72089292
kitti,000049,roll_deg,3.00000000,11,Car,33.28710561,31.83000000,2,0.00000000,74,68,91.89189189,12.14979467
kitti,000049,roll_deg,3.00000000,12,Car,14.50226189,12.04000000,3,0.07000000,437,353,80.77803204,26.10923438
kitti,000049,roll_deg,3.00000000,13,Car,19.08105081,17.23000000,1,0.00000000,312,253,81.08974359,17.50839973
kitti,000049,roll_deg,3.00000000,15,Car,23.25483391,21.69000000,2,0.00000000,8,2,25.00000000,13.54898182
kitti,000049,roll_deg,3.00000000,16,Van,35.61556121,32.04000000,3,0.00000000,261,261,100.00000000,18.54490536
kitti,000049,roll_deg,3.00000000,17,Car,22.43159602,17.43000000,3,0.38000000,56,9,16.07142857,30.04999142
kitti,000049,ty_m,-0.10000000,0,Car,21.60752415,21.55000000,0,0.00000000,206,199,96.60194175,3.60765538
kitti,000049,ty_m,-0.10000000,1,Car,14.43173586,13.75000000,0,0.00000000,930,930,100.00000000,5.60646192
kitti,000049,ty_m,-0.10000000,2,Car,22.34527467,21.82000000,2,0.00000000,140,140,100.00000000,3.46987549
kitti,000049,ty_m,-0.10000000,3,Car,25.24471034,24.83000000,2,0.00000000,79,79,100.00000000,3.00543180
kitti,000049,ty_m,-0.10000000,4,Car,32.80861625,32.49000000,2,0.00000000,18,17,94.44444444,2.31544329
kitti,000049,ty_m,-0.10000000,5,Van,45.87890583,45.70000000,3,0.00000000,79,79,100.00000000,1.62317129
kitti,000049,ty_m,-0.10000000,6,Pedestrian,5.70784548,4.71000000,3,0.29000000,830,713,85.90361446,15.62809739
kitti,000049,ty_m,-0.10000000,7,Car,10.53005698,9.53000000,1,0.00000000,571,571,100.00000000,8.69781500
kitti,000049,ty_m,-0.10000000,8,Car,15.53099160,14.89000000,1,0.00000000,432,432,100.00000000,5.37870575
kitti,000049,ty_m,-0.10000000,9,Car,20.71094397,20.20000000,2,0.00000000,198,198,100.00000000,3.85068485
kitti,000049,ty_m,-0.10000000,10,Pedestrian,32.83098689,32.55000000,0,0.00000000,42,42,100.00000000,2.23597752
kitti,000049,ty_m,-0.10000000,11,Car,33.28710561,31.83000000,2,0.00000000,74,74,100.00000000,2.31813953
kitti,000049,ty_m,-0.10000000,12,Car,14.50226189,12.04000000,3,0.07000000,437,437,100.00000000,6.54301149
kitti,000049,ty_m,-0.10000000,13,Car,19.08105081,17.23000000,1,0.00000000,312,312,100.00000000,4.34367233
kitti,000049,ty_m,-0.10000000,15,Car,23.25483391,21.69000000,2,0.00000000,8,8,100.00000000,3.28625164
kitti,000049,ty_m,-0.10000000,16,Van,35.61556121,32.04000000,3,0.00000000,261,261,100.00000000,2.33377352
kitti,000049,ty_m,-0.10000000,17,Car,22.43159602,17.43000000,3,0.38000000,56,49,87.50000000,4.08737760
kitti,000049,ty_m,-0.05000000,0,Car,21.60752415,21.55000000,0,0.00000000,206,206,100.00000000,1.80382713
kitti,000049,ty_m,-0.05000000,1,Car,14.43173586,13.75000000,0,0.00000000,930,930,100.00000000,2.80322960
kitti,000049,ty_m,-0.05000000,2,Car,22.34527467,21.82000000,2,0.00000000,140,140,100.00000000,1.73493722
kitti,000049,ty_m,-0.05000000,3,Car,25.24471034,24.83000000,2,0.00000000,79,79,100.00000000,1.50271551
kitti,000049,ty_m,-0.05000000,4,Car,32.80861625,32.49000000,2,0.00000000,18,18,100.00000000,1.15772142
kitti,000049,ty_m,-0.05000000,5,Van,45.87890583,45.70000000,3,0.00000000,79,79,100.00000000,0.81158553
kitti,000049,ty_m,-0.05000000,6,Pedestrian,5.70784548,4.71000000,3,0.29000000,830,705,84.93975904,7.81403817
kitti,000049,ty_m,-0.05000000,7,Car,10.53005698,9.53000000,1,0.00000000,571,571,100.00000000,4.34890424
kitti,000049,ty_m,-0.05000000,8,Car,15.53099160,14.89000000,1,0.00000000,432,432,100.00000000,2.68935163
kitti,000049,ty_m,-0.05000000,9,Car,20.71094397,20.20000000,2,0.00000000,198,198,100.00000000,1.92534178
kitti,000049,ty_m,-0.05000000,10,Pedestrian,32.83098689,32.55000000,0,0.00000000,42,40,95.23809524,1.11798855
kitti,000049,ty_m,-0.05000000,11,Car,33.28710561,31.83000000,2,0.00000000,74,74,100.00000000,1.15906953
kitti,000049,ty_m,-0.05000000,12,Car,14.50226189,12.04000000,3,0.07000000,437,437,100.00000000,3.27150390
kitti,000049,ty_m,-0.05000000,13,Car,19.08105081,17.23000000,1,0.00000000,312,312,100.00000000,2.17183535
kitti,000049,ty_m,-0.05000000,15,Car,23.25483391,21.69000000,2,0.00000000,8,8,100.00000000,1.64312535
kitti,000049,ty_m,-0.05000000,16,Van,35.61556121,32.04000000,3,0.00000000,261,261,100.00000000,1.16688653
kitti,000049,ty_m,-0.05000000,17,Car,22.43159602,17.43000000,3,0.38000000,56,49,87.50000000,2.04368808
kitti,000049,ty_m,-0.02000000,0,Car,21.60752415,21.55000000,0,0.00000000,206,206,100.00000000,0.72153072
kitti,000049,ty_m,-0.02000000,1,Car,14.43173586,13.75000000,0,0.00000000,930,930,100.00000000,1.12129152
kitti,000049,ty_m,-0.02000000,2,Car,22.34527467,21.82000000,2,0.00000000,140,140,100.00000000,0.69397477
kitti,000049,ty_m,-0.02000000,3,Car,25.24471034,24.83000000,2,0.00000000,79,79,100.00000000,0.60108611
kitti,000049,ty_m,-0.02000000,4,Car,32.80861625,32.49000000,2,0.00000000,18,18,100.00000000,0.46308851
kitti,000049,ty_m,-0.02000000,5,Van,45.87890583,45.70000000,3,0.00000000,79,79,100.00000000,0.32463419
kitti,000049,ty_m,-0.02000000,6,Pedestrian,5.70784548,4.71000000,3,0.29000000,830,698,84.09638554,3.12561274
kitti,000049,ty_m,-0.02000000,7,Car,10.53005698,9.53000000,1,0.00000000,571,571,100.00000000,1.73956091
kitti,000049,ty_m,-0.02000000,8,Car,15.53099160,14.89000000,1,0.00000000,432,432,100.00000000,1.07574035
kitti,000049,ty_m,-0.02000000,9,Car,20.71094397,20.20000000,2,0.00000000,198,198,100.00000000,0.77013656
kitti,000049,ty_m,-0.02000000,10,Pedestrian,32.83098689,32.55000000,0,0.00000000,42,40,95.23809524,0.44719537
kitti,000049,ty_m,-0.02000000,11,Car,33.28710561,31.83000000,2,0.00000000,74,74,100.00000000,0.46362776
kitti,000049,ty_m,-0.02000000,12,Car,14.50226189,12.04000000,3,0.07000000,437,437,100.00000000,1.30860112
kitti,000049,ty_m,-0.02000000,13,Car,19.08105081,17.23000000,1,0.00000000,312,312,100.00000000,0.86873395
kitti,000049,ty_m,-0.02000000,15,Car,23.25483391,21.69000000,2,0.00000000,8,8,100.00000000,0.65725003
kitti,000049,ty_m,-0.02000000,16,Van,35.61556121,32.04000000,3,0.00000000,261,261,100.00000000,0.46675455
kitti,000049,ty_m,-0.02000000,17,Car,22.43159602,17.43000000,3,0.38000000,56,49,87.50000000,0.81747506
kitti,000049,ty_m,0.00000000,0,Car,21.60752415,21.55000000,0,0.00000000,206,206,100.00000000,0.00000000
kitti,000049,ty_m,0.00000000,1,Car,14.43173586,13.75000000,0,0.00000000,930,930,100.00000000,0.00000000
kitti,000049,ty_m,0.00000000,2,Car,22.34527467,21.82000000,2,0.00000000,140,140,100.00000000,0.00000000
kitti,000049,ty_m,0.00000000,3,Car,25.24471034,24.83000000,2,0.00000000,79,79,100.00000000,0.00000000
kitti,000049,ty_m,0.00000000,4,Car,32.80861625,32.49000000,2,0.00000000,18,18,100.00000000,0.00000000
kitti,000049,ty_m,0.00000000,5,Van,45.87890583,45.70000000,3,0.00000000,79,79,100.00000000,0.00000000
kitti,000049,ty_m,0.00000000,6,Pedestrian,5.70784548,4.71000000,3,0.29000000,830,690,83.13253012,0.00000000
kitti,000049,ty_m,0.00000000,7,Car,10.53005698,9.53000000,1,0.00000000,571,571,100.00000000,0.00000000
kitti,000049,ty_m,0.00000000,8,Car,15.53099160,14.89000000,1,0.00000000,432,432,100.00000000,0.00000000
kitti,000049,ty_m,0.00000000,9,Car,20.71094397,20.20000000,2,0.00000000,198,198,100.00000000,0.00000000
kitti,000049,ty_m,0.00000000,10,Pedestrian,32.83098689,32.55000000,0,0.00000000,42,37,88.09523810,0.00000000
kitti,000049,ty_m,0.00000000,11,Car,33.28710561,31.83000000,2,0.00000000,74,74,100.00000000,0.00000000
kitti,000049,ty_m,0.00000000,12,Car,14.50226189,12.04000000,3,0.07000000,437,437,100.00000000,0.00000000
kitti,000049,ty_m,0.00000000,13,Car,19.08105081,17.23000000,1,0.00000000,312,312,100.00000000,0.00000000
kitti,000049,ty_m,0.00000000,15,Car,23.25483391,21.69000000,2,0.00000000,8,8,100.00000000,0.00000000
kitti,000049,ty_m,0.00000000,16,Van,35.61556121,32.04000000,3,0.00000000,261,261,100.00000000,0.00000000
kitti,000049,ty_m,0.00000000,17,Car,22.43159602,17.43000000,3,0.38000000,56,49,87.50000000,0.00000000
kitti,000049,ty_m,0.02000000,0,Car,21.60752415,21.55000000,0,0.00000000,206,206,100.00000000,0.72153054
kitti,000049,ty_m,0.02000000,1,Car,14.43173586,13.75000000,0,0.00000000,930,930,100.00000000,1.12129108
kitti,000049,ty_m,0.02000000,2,Car,22.34527467,21.82000000,2,0.00000000,140,140,100.00000000,0.69397460
kitti,000049,ty_m,0.02000000,3,Car,25.24471034,24.83000000,2,0.00000000,79,79,100.00000000,0.60108599
kitti,000049,ty_m,0.02000000,4,Car,32.80861625,32.49000000,2,0.00000000,18,18,100.00000000,0.46308844
kitti,000049,ty_m,0.02000000,5,Van,45.87890583,45.70000000,3,0.00000000,79,79,100.00000000,0.32463415
kitti,000049,ty_m,0.02000000,6,Pedestrian,5.70784548,4.71000000,3,0.29000000,830,680,81.92771084,3.12560938
kitti,000049,ty_m,0.02000000,7,Car,10.53005698,9.53000000,1,0.00000000,571,571,100.00000000,1.73955987
kitti,000049,ty_m,0.02000000,8,Car,15.53099160,14.89000000,1,0.00000000,432,432,100.00000000,1.07573995
kitti,000049,ty_m,0.02000000,9,Car,20.71094397,20.20000000,2,0.00000000,198,198,100.00000000,0.77013636
kitti,000049,ty_m,0.02000000,10,Pedestrian,32.83098689,32.55000000,0,0.00000000,42,36,85.71428571,0.44719530
kitti,000049,ty_m,0.02000000,11,Car,33.28710561,31.83000000,2,0.00000000,74,74,100.00000000,0.46362768
kitti,000049,ty_m,0.02000000,12,Car,14.50226189,12.04000000,3,0.07000000,437,437,100.00000000,1.30860053
kitti,000049,ty_m,0.02000000,13,Car,19.08105081,17.23000000,1,0.00000000,312,312,100.00000000,0.86873369
kitti,000049,ty_m,0.02000000,15,Car,23.25483391,21.69000000,2,0.00000000,8,8,100.00000000,0.65724988
kitti,000049,ty_m,0.02000000,16,Van,35.61556121,32.04000000,3,0.00000000,261,261,100.00000000,0.46675448
kitti,000049,ty_m,0.02000000,17,Car,22.43159602,17.43000000,3,0.38000000,56,49,87.50000000,0.81747483
kitti,000049,ty_m,0.05000000,0,Car,21.60752415,21.55000000,0,0.00000000,206,206,100.00000000,1.80382601
kitti,000049,ty_m,0.05000000,1,Car,14.43173586,13.75000000,0,0.00000000,930,930,100.00000000,2.80322689
kitti,000049,ty_m,0.05000000,2,Car,22.34527467,21.82000000,2,0.00000000,140,140,100.00000000,1.73493619
kitti,000049,ty_m,0.05000000,3,Car,25.24471034,24.83000000,2,0.00000000,79,79,100.00000000,1.50271473
kitti,000049,ty_m,0.05000000,4,Car,32.80861625,32.49000000,2,0.00000000,18,18,100.00000000,1.15772095
kitti,000049,ty_m,0.05000000,5,Van,45.87890583,45.70000000,3,0.00000000,79,79,100.00000000,0.81158531
kitti,000049,ty_m,0.05000000,6,Pedestrian,5.70784548,4.71000000,3,0.29000000,830,671,80.84337349,7.81401712
kitti,000049,ty_m,0.05000000,7,Car,10.53005698,9.53000000,1,0.00000000,571,571,100.00000000,4.34889772
kitti,000049,ty_m,0.05000000,8,Car,15.53099160,14.89000000,1,0.00000000,432,432,100.00000000,2.68934913
kitti,000049,ty_m,0.05000000,9,Car,20.71094397,20.20000000,2,0.00000000,198,198,100.00000000,1.92534051
kitti,000049,ty_m,0.05000000,10,Pedestrian,32.83098689,32.55000000,0,0.00000000,42,36,85.71428571,1.11798812
kitti,000049,ty_m,0.05000000,11,Car,33.28710561,31.83000000,2,0.00000000,74,74,100.00000000,1.15906907
kitti,000049,ty_m,0.05000000,12,Car,14.50226189,12.04000000,3,0.07000000,437,437,100.00000000,3.27150021
kitti,000049,ty_m,0.05000000,13,Car,19.08105081,17.23000000,1,0.00000000,312,312,100.00000000,2.17183372
kitti,000049,ty_m,0.05000000,15,Car,23.25483391,21.69000000,2,0.00000000,8,8,100.00000000,1.64312442
kitti,000049,ty_m,0.05000000,16,Van,35.61556121,32.04000000,3,0.00000000,261,261,100.00000000,1.16688606
kitti,000049,ty_m,0.05000000,17,Car,22.43159602,17.43000000,3,0.38000000,56,49,87.50000000,2.04368664
kitti,000049,ty_m,0.10000000,0,Car,21.60752415,21.55000000,0,0.00000000,206,200,97.08737864,3.60765089
kitti,000049,ty_m,0.10000000,1,Car,14.43173586,13.75000000,0,0.00000000,930,927,99.67741935,5.60645108
kitti,000049,ty_m,0.10000000,2,Car,22.34527467,21.82000000,2,0.00000000,140,140,100.00000000,3.46987134
kitti,000049,ty_m,0.10000000,3,Car,25.24471034,24.83000000,2,0.00000000,79,79,100.00000000,3.00542869
kitti,000049,ty_m,0.10000000,4,Car,32.80861625,32.49000000,2,0.00000000,18,18,100.00000000,2.31544144
kitti,000049,ty_m,0.10000000,5,Van,45.87890583,45.70000000,3,0.00000000,79,79,100.00000000,1.62317039
kitti,000049,ty_m,0.10000000,6,Pedestrian,5.70784548,4.71000000,3,0.29000000,830,650,78.31325301,15.62801320
kitti,000049,ty_m,0.10000000,7,Car,10.53005698,9.53000000,1,0.00000000,571,568,99.47460595,8.69778892
kitti,000049,ty_m,0.10000000,8,Car,15.53099160,14.89000000,1,0.00000000,432,432,100.00000000,5.37869578
kitti,000049,ty_m,0.10000000,9,Car,20.71094397,20.20000000,2,0.00000000,198,198,100.00000000,3.85067973
kitti,000049,ty_m,0.10000000,10,Pedestrian,32.83098689,32.55000000,0,0.00000000,42,35,83.33333333,2.23597580
kitti,000049,ty_m,0.10000000,11,Car,33.28710561,31.83000000,2,0.00000000,74,74,100.00000000,2.31813768
kitti,000049,ty_m,0.10000000,12,Car,14.50226189,12.04000000,3,0.07000000,437,437,100.00000000,6.54299673
kitti,000049,ty_m,0.10000000,13,Car,19.08105081,17.23000000,1,0.00000000,312,312,100.00000000,4.34366582
kitti,000049,ty_m,0.10000000,15,Car,23.25483391,21.69000000,2,0.00000000,8,8,100.00000000,3.28624791
kitti,000049,ty_m,0.10000000,16,Van,35.61556121,32.04000000,3,0.00000000,261,261,100.00000000,2.33377165
kitti,000049,ty_m,0.10000000,17,Car,22.43159602,17.43000000,3,0.38000000,56,49,87.50000000,4.08737184
kitti,000061,yaw_deg,-3.00000000,0,Van,18.85887059,15.23000000,3,0.05000000,989,649,65.62184024,59.75396541
kitti,000061,yaw_deg,-3.00000000,1,Car,14.80597515,10.93000000,3,0.79000000,441,127,28.79818594,62.09951357
kitti,000061,yaw_deg,-3.00000000,2,Car,41.06383689,33.21000000,2,0.00000000,6,0,0.00000000,55.51284612
kitti,000061,yaw_deg,-3.00000000,3,Car,21.30569407,16.63000000,1,0.14000000,145,10,6.89655172,58.30075055
kitti,000061,yaw_deg,-3.00000000,4,Misc,37.18469309,34.42000000,3,0.00000000,86,10,11.62790698,45.52223342
kitti,000061,yaw_deg,-3.00000000,5,Van,43.67330764,40.44000000,3,0.00000000,14,0,0.00000000,45.34576380
kitti,000061,yaw_deg,-2.00000000,0,Van,18.85887059,15.23000000,3,0.05000000,989,761,76.94641052,39.86102939
kitti,000061,yaw_deg,-2.00000000,1,Car,14.80597515,10.93000000,3,0.79000000,441,134,30.38548753,41.96636628
kitti,000061,yaw_deg,-2.00000000,2,Car,41.06383689,33.21000000,2,0.00000000,6,0,0.00000000,37.44373000
kitti,000061,yaw_deg,-2.00000000,3,Car,21.30569407,16.63000000,1,0.14000000,145,55,37.93103448,39.35686161
kitti,000061,yaw_deg,-2.00000000,4,Misc,37.18469309,34.42000000,3,0.00000000,86,35,40.69767442,30.11003780
kitti,000061,yaw_deg,-2.00000000,5,Van,43.67330764,40.44000000,3,0.00000000,14,4,28.57142857,29.99549325
kitti,000061,yaw_deg,-1.00000000,0,Van,18.85887059,15.23000000,3,0.05000000,989,892,90.19211325,19.90857006
kitti,000061,yaw_deg,-1.00000000,1,Car,14.80597515,10.93000000,3,0.79000000,441,144,32.65306122,21.27876405
kitti,000061,yaw_deg,-1.00000000,2,Car,41.06383689,33.21000000,2,0.00000000,6,3,50.00000000,18.94846424
kitti,000061,yaw_deg,-1.00000000,3,Car,21.30569407,16.63000000,1,0.14000000,145,117,80.68965517,19.93363902
kitti,000061,yaw_deg,-1.00000000,4,Misc,37.18469309,34.42000000,3,0.00000000,86,57,66.27906977,14.94089845
kitti,000061,yaw_deg,-1.00000000,5,Van,43.67330764,40.44000000,3,0.00000000,14,8,57.14285714,14.88512078
kitti,000061,yaw_deg,-0.50000000,0,Van,18.85887059,15.23000000,3,0.05000000,989,950,96.05662285,9.95787304
kitti,000061,yaw_deg,-0.50000000,1,Car,14.80597515,10.93000000,3,0.79000000,441,143,32.42630385,10.71568062
kitti,000061,yaw_deg,-0.50000000,2,Car,41.06383689,33.21000000,2,0.00000000,6,6,100.00000000,9.53264507
kitti,000061,yaw_deg,-0.50000000,3,Car,21.30569407,16.63000000,1,0.14000000,145,145,100.00000000,10.03264585
kitti,000061,yaw_deg,-0.50000000,4,Misc,37.18469309,34.42000000,3,0.00000000,86,73,84.88372093,7.44281632
kitti,000061,yaw_deg,-0.50000000,5,Van,43.67330764,40.44000000,3,0.00000000,14,11,78.57142857,7.41529110
kitti,000061,yaw_deg,0.00000000,0,Van,18.85887059,15.23000000,3,0.05000000,989,989,100.00000000,0.00000000
kitti,000061,yaw_deg,0.00000000,1,Car,14.80597515,10.93000000,3,0.79000000,441,108,24.48979592,0.00000000
kitti,000061,yaw_deg,0.00000000,2,Car,41.06383689,33.21000000,2,0.00000000,6,6,100.00000000,0.00000000
kitti,000061,yaw_deg,0.00000000,3,Car,21.30569407,16.63000000,1,0.14000000,145,145,100.00000000,0.00000000
kitti,000061,yaw_deg,0.00000000,4,Misc,37.18469309,34.42000000,3,0.00000000,86,86,100.00000000,0.00000000
kitti,000061,yaw_deg,0.00000000,5,Van,43.67330764,40.44000000,3,0.00000000,14,14,100.00000000,0.00000000
kitti,000061,yaw_deg,0.50000000,0,Van,18.85887059,15.23000000,3,0.05000000,989,987,99.79777553,9.87026360
kitti,000061,yaw_deg,0.50000000,1,Car,14.80597515,10.93000000,3,0.79000000,441,73,16.55328798,10.78873892
kitti,000061,yaw_deg,0.50000000,2,Car,41.06383689,33.21000000,2,0.00000000,6,6,100.00000000,9.65315209
kitti,000061,yaw_deg,0.50000000,3,Car,21.30569407,16.63000000,1,0.14000000,145,145,100.00000000,10.16852913
kitti,000061,yaw_deg,0.50000000,4,Misc,37.18469309,34.42000000,3,0.00000000,86,77,89.53488372,7.38929073
kitti,000061,yaw_deg,0.50000000,5,Van,43.67330764,40.44000000,3,0.00000000,14,11,78.57142857,7.36247363
kitti,000061,yaw_deg,1.00000000,0,Van,18.85887059,15.23000000,3,0.05000000,989,959,96.96663296,19.61444905
kitti,000061,yaw_deg,1.00000000,1,Car,14.80597515,10.93000000,3,0.79000000,441,34,7.70975057,21.56394818
kitti,000061,yaw_deg,1.00000000,2,Car,41.06383689,33.21000000,2,0.00000000,6,4,66.66666667,19.43062340
kitti,000061,yaw_deg,1.00000000,3,Car,21.30569407,16.63000000,1,0.14000000,145,144,99.31034483,20.47725049
kitti,000061,yaw_deg,1.00000000,4,Misc,37.18469309,34.42000000,3,0.00000000,86,63,73.25581395,14.72675489
kitti,000061,yaw_deg,1.00000000,5,Van,43.67330764,40.44000000,3,0.00000000,14,9,64.28571429,14.67381045
kitti,000061,yaw_deg,2.00000000,0,Van,18.85887059,15.23000000,3,0.05000000,989,855,86.45096057,38.73997800
kitti,000061,yaw_deg,2.00000000,1,Car,14.80597515,10.93000000,3,0.79000000,441,0,0.00000000,
kitti,000061,yaw_deg,2.00000000,2,Car,41.06383689,33.21000000,2,0.00000000,6,0,0.00000000,39.37446617
kitti,000061,yaw_deg,2.00000000,3,Car,21.30569407,16.63000000,1,0.14000000,145,121,83.44827586,41.32809486
kitti,000061,yaw_deg,2.00000000,4,Misc,37.18469309,34.42000000,3,0.00000000,86,41,47.67441860,29.25280364
kitti,000061,yaw_deg,2.00000000,5,Van,43.67330764,40.44000000,3,0.00000000,14,5,35.71428571,29.14960391
kitti,000061,yaw_deg,3.00000000,0,Van,18.85887059,15.23000000,3,0.05000000,989,739,74.72194135,57.40606977
kitti,000061,yaw_deg,3.00000000,1,Car,14.80597515,10.93000000,3,0.79000000,441,0,0.00000000,
kitti,000061,yaw_deg,3.00000000,2,Car,41.06383689,33.21000000,2,0.00000000,6,0,0.00000000,59.86489764
kitti,000061,yaw_deg,3.00000000,3,Car,21.30569407,16.63000000,1,0.14000000,145,65,44.82758621,62.10900359
kitti,000061,yaw_deg,3.00000000,4,Misc,37.18469309,34.42000000,3,0.00000000,86,14,16.27906977,43.59097723
kitti,000061,yaw_deg,3.00000000,5,Van,43.67330764,40.44000000,3,0.00000000,14,0,0.00000000,43.44007824
kitti,000061,pitch_deg,0.00000000,0,Van,18.85887059,15.23000000,3,0.05000000,989,989,100.00000000,0.00000000
kitti,000061,pitch_deg,0.00000000,1,Car,14.80597515,10.93000000,3,0.79000000,441,108,24.48979592,0.00000000
kitti,000061,pitch_deg,0.00000000,2,Car,41.06383689,33.21000000,2,0.00000000,6,6,100.00000000,0.00000000
kitti,000061,pitch_deg,0.00000000,3,Car,21.30569407,16.63000000,1,0.14000000,145,145,100.00000000,0.00000000
kitti,000061,pitch_deg,0.00000000,4,Misc,37.18469309,34.42000000,3,0.00000000,86,86,100.00000000,0.00000000
kitti,000061,pitch_deg,0.00000000,5,Van,43.67330764,40.44000000,3,0.00000000,14,14,100.00000000,0.00000000
kitti,000061,pitch_deg,0.50000000,0,Van,18.85887059,15.23000000,3,0.05000000,989,985,99.59555106,6.43908389
kitti,000061,pitch_deg,0.50000000,1,Car,14.80597515,10.93000000,3,0.79000000,441,107,24.26303855,6.63199513
kitti,000061,pitch_deg,0.50000000,2,Car,41.06383689,33.21000000,2,0.00000000,6,3,50.00000000,6.42817942
kitti,000061,pitch_deg,0.50000000,3,Car,21.30569407,16.63000000,1,0.14000000,145,145,100.00000000,6.50569136
kitti,000061,pitch_deg,0.50000000,4,Misc,37.18469309,34.42000000,3,0.00000000,86,60,69.76744186,6.34824583
kitti,000061,pitch_deg,0.50000000,5,Van,43.67330764,40.44000000,3,0.00000000,14,14,100.00000000,6.34650290
kitti,000061,pitch_deg,1.00000000,0,Van,18.85887059,15.23000000,3,0.05000000,989,949,95.95551062,12.87914916
kitti,000061,pitch_deg,1.00000000,1,Car,14.80597515,10.93000000,3,0.79000000,441,102,23.12925170,13.27737470
kitti,000061,pitch_deg,1.00000000,2,Car,41.06383689,33.21000000,2,0.00000000,6,1,16.66666667,12.87099592
kitti,000061,pitch_deg,1.00000000,3,Car,21.30569407,16.63000000,1,0.14000000,145,131,90.34482759,13.02841430
kitti,000061,pitch_deg,1.00000000,4,Misc,37.18469309,34.42000000,3,0.00000000,86,40,46.51162791,12.69605341
kitti,000061,pitch_deg,1.00000000,5,Van,43.67330764,40.44000000,3,0.00000000,14,14,100.00000000,12.69013024
kitti,000061,pitch_deg,2.00000000,0,Van,18.85887059,15.23000000,3,0.05000000,989,849,85.84428716,25.77052949
kitti,000061,pitch_deg,2.00000000,1,Car,14.80597515,10.93000000,3,0.79000000,441,75,17.00680272,26.65980133
kitti,000061,pitch_deg,2.00000000,2,Car,41.06383689,33.21000000,2,0.00000000,6,0,0.00000000,25.80543435
kitti,000061,pitch_deg,2.00000000,3,Car,21.30569407,16.63000000,1,0.14000000,145,106,73.10344828,26.13015018
kitti,000061,pitch_deg,2.00000000,4,Misc,37.18469309,34.42000000,3,0.00000000,86,0,0.00000000,25.39595071
kitti,000061,pitch_deg,2.00000000,5,Van,43.67330764,40.44000000,3,0.00000000,14,0,0.00000000,25.37290951
kitti,000061,pitch_deg,3.00000000,0,Van,18.85887059,15.23000000,3,0.05000000,989,726,73.40748231,38.70387407
kitti,000061,pitch_deg,3.00000000,1,Car,14.80597515,10.93000000,3,0.79000000,441,57,12.92517007,40.09554136
kitti,000061,pitch_deg,3.00000000,2,Car,41.06383689,33.21000000,2,0.00000000,6,0,0.00000000,38.81320745
kitti,000061,pitch_deg,3.00000000,3,Car,21.30569407,16.63000000,1,0.14000000,145,80,55.17241379,39.31571911
kitti,000061,pitch_deg,3.00000000,4,Misc,37.18469309,34.42000000,3,0.00000000,86,0,0.00000000,38.10848295
kitti,000061,pitch_deg,3.00000000,5,Van,43.67330764,40.44000000,3,0.00000000,14,0,0.00000000,38.05663348
kitti,000061,roll_deg,0.00000000,0,Van,18.85887059,15.23000000,3,0.05000000,989,989,100.00000000,0.00000000
kitti,000061,roll_deg,0.00000000,1,Car,14.80597515,10.93000000,3,0.79000000,441,108,24.48979592,0.00000000
kitti,000061,roll_deg,0.00000000,2,Car,41.06383689,33.21000000,2,0.00000000,6,6,100.00000000,0.00000000
kitti,000061,roll_deg,0.00000000,3,Car,21.30569407,16.63000000,1,0.14000000,145,145,100.00000000,0.00000000
kitti,000061,roll_deg,0.00000000,4,Misc,37.18469309,34.42000000,3,0.00000000,86,86,100.00000000,0.00000000
kitti,000061,roll_deg,0.00000000,5,Van,43.67330764,40.44000000,3,0.00000000,14,14,100.00000000,0.00000000
kitti,000061,roll_deg,1.00000000,0,Van,18.85887059,15.23000000,3,0.05000000,989,977,98.78665319,9.38717312
kitti,000061,roll_deg,1.00000000,1,Car,14.80597515,10.93000000,3,0.79000000,441,102,23.12925170,10.55631109
kitti,000061,roll_deg,1.00000000,2,Car,41.06383689,33.21000000,2,0.00000000,6,6,100.00000000,9.10373180
kitti,000061,roll_deg,1.00000000,3,Car,21.30569407,16.63000000,1,0.14000000,145,132,91.03448276,9.74417298
kitti,000061,roll_deg,1.00000000,4,Misc,37.18469309,34.42000000,3,0.00000000,86,60,69.76744186,5.18769355
kitti,000061,roll_deg,1.00000000,5,Van,43.67330764,40.44000000,3,0.00000000,14,13,92.85714286,5.15788287
kitti,000061,roll_deg,2.00000000,0,Van,18.85887059,15.23000000,3,0.05000000,989,914,92.41658241,18.77488649
kitti,000061,roll_deg,2.00000000,1,Car,14.80597515,10.93000000,3,0.79000000,441,89,20.18140590,21.09611879
kitti,000061,roll_deg,2.00000000,2,Car,41.06383689,33.21000000,2,0.00000000,6,6,100.00000000,18.20557388
kitti,000061,roll_deg,2.00000000,3,Car,21.30569407,16.63000000,1,0.14000000,145,122,84.13793103,19.48622443
kitti,000061,roll_deg,2.00000000,4,Misc,37.18469309,34.42000000,3,0.00000000,86,46,53.48837209,10.37538040
kitti,000061,roll_deg,2.00000000,5,Van,43.67330764,40.44000000,3,0.00000000,14,13,92.85714286,10.31575676
kitti,000061,roll_deg,3.00000000,0,Van,18.85887059,15.23000000,3,0.05000000,989,829,83.82204247,28.16242034
kitti,000061,roll_deg,3.00000000,1,Car,14.80597515,10.93000000,3,0.79000000,441,77,17.46031746,31.61957347
kitti,000061,roll_deg,3.00000000,2,Car,41.06383689,33.21000000,2,0.00000000,6,3,50.00000000,27.30483075
kitti,000061,roll_deg,3.00000000,3,Car,21.30569407,16.63000000,1,0.14000000,145,100,68.96551724,29.22541173
kitti,000061,roll_deg,3.00000000,4,Misc,37.18469309,34.42000000,3,0.00000000,86,19,22.09302326,15.56266542
kitti,000061,roll_deg,3.00000000,5,Van,43.67330764,40.44000000,3,0.00000000,14,13,92.85714286,15.47322936
kitti,000061,ty_m,-0.10000000,0,Van,18.85887059,15.23000000,3,0.05000000,989,973,98.38220425,5.52325017
kitti,000061,ty_m,-0.10000000,1,Car,14.80597515,10.93000000,3,0.79000000,441,133,30.15873016,7.01125825
kitti,000061,ty_m,-0.10000000,2,Car,41.06383689,33.21000000,2,0.00000000,6,6,100.00000000,2.24062749
kitti,000061,ty_m,-0.10000000,3,Car,21.30569407,16.63000000,1,0.14000000,145,145,100.00000000,4.49843880
kitti,000061,ty_m,-0.10000000,4,Misc,37.18469309,34.42000000,3,0.00000000,86,83,96.51162791,2.15087884
kitti,000061,ty_m,-0.10000000,5,Van,43.67330764,40.44000000,3,0.00000000,14,13,92.85714286,1.87827014
kitti,000061,ty_m,-0.05000000,0,Van,18.85887059,15.23000000,3,0.05000000,989,981,99.19110212,2.76265725
kitti,000061,ty_m,-0.05000000,1,Car,14.80597515,10.93000000,3,0.79000000,441,121,27.43764172,3.50562701
kitti,000061,ty_m,-0.05000000,2,Car,41.06383689,33.21000000,2,0.00000000,6,6,100.00000000,1.12031353
kitti,000061,ty_m,-0.05000000,3,Car,21.30569407,16.63000000,1,0.14000000,145,145,100.00000000,2.24921853
kitti,000061,ty_m,-0.05000000,4,Misc,37.18469309,34.42000000,3,0.00000000,86,85,98.83720930,1.07543922
kitti,000061,ty_m,-0.05000000,5,Van,43.67330764,40.44000000,3,0.00000000,14,13,92.85714286,0.93913492
kitti,000061,ty_m,-0.02000000,0,Van,18.85887059,15.23000000,3,0.05000000,989,987,99.79777553,1.10506324
kitti,000061,ty_m,-0.02000000,1,Car,14.80597515,10.93000000,3,0.79000000,441,114,25.85034014,1.40225029
kitti,000061,ty_m,-0.02000000,2,Car,41.06383689,33.21000000,2,0.00000000,6,6,100.00000000,0.44812536
kitti,000061,ty_m,-0.02000000,3,Car,21.30569407,16.63000000,1,0.14000000,145,145,100.00000000,0.89968720
kitti,000061,ty_m,-0.02000000,4,Misc,37.18469309,34.42000000,3,0.00000000,86,86,100.00000000,0.43017564
kitti,000061,ty_m,-0.02000000,5,Van,43.67330764,40.44000000,3,0.00000000,14,14,100.00000000,0.37565393
kitti,000061,ty_m,0.00000000,0,Van,18.85887059,15.23000000,3,0.05000000,989,989,100.00000000,0.00000000
kitti,000061,ty_m,0.00000000,1,Car,14.80597515,10.93000000,3,0.79000000,441,108,24.48979592,0.00000000
kitti,000061,ty_m,0.00000000,2,Car,41.06383689,33.21000000,2,0.00000000,6,6,100.00000000,0.00000000
kitti,000061,ty_m,0.00000000,3,Car,21.30569407,16.63000000,1,0.14000000,145,145,100.00000000,0.00000000
kitti,000061,ty_m,0.00000000,4,Misc,37.18469309,34.42000000,3,0.00000000,86,86,100.00000000,0.00000000
kitti,000061,ty_m,0.00000000,5,Van,43.67330764,40.44000000,3,0.00000000,14,14,100.00000000,0.00000000
kitti,000061,ty_m,0.02000000,0,Van,18.85887059,15.23000000,3,0.05000000,989,989,100.00000000,1.10506347
kitti,000061,ty_m,0.02000000,1,Car,14.80597515,10.93000000,3,0.79000000,441,103,23.35600907,1.39947746
kitti,000061,ty_m,0.02000000,2,Car,41.06383689,33.21000000,2,0.00000000,6,6,100.00000000,0.44812529
kitti,000061,ty_m,0.02000000,3,Car,21.30569407,16.63000000,1,0.14000000,145,145,100.00000000,0.89968692
kitti,000061,ty_m,0.02000000,4,Misc,37.18469309,34.42000000,3,0.00000000,86,86,100.00000000,0.43017558
kitti,000061,ty_m,0.02000000,5,Van,43.67330764,40.44000000,3,0.00000000,14,14,100.00000000,0.37565388
kitti,000061,ty_m,0.05000000,0,Van,18.85887059,15.23000000,3,0.05000000,989,989,100.00000000,2.76265790
kitti,000061,ty_m,0.05000000,1,Car,14.80597515,10.93000000,3,0.79000000,441,96,21.76870748,3.49558990
kitti,000061,ty_m,0.05000000,2,Car,41.06383689,33.21000000,2,0.00000000,6,6,100.00000000,1.12031310
kitti,000061,ty_m,0.05000000,3,Car,21.30569407,16.63000000,1,0.14000000,145,145,100.00000000,2.24921678
kitti,000061,ty_m,0.05000000,4,Misc,37.18469309,34.42000000,3,0.00000000,86,85,98.83720930,1.07543882
kitti,000061,ty_m,0.05000000,5,Van,43.67330764,40.44000000,3,0.00000000,14,14,100.00000000,0.93913461
kitti,000061,ty_m,0.10000000,0,Van,18.85887059,15.23000000,3,0.05000000,989,989,100.00000000,5.52531316
kitti,000061,ty_m,0.10000000,1,Car,14.80597515,10.93000000,3,0.79000000,441,85,19.27437642,6.97334027
kitti,000061,ty_m,0.10000000,2,Car,41.06383689,33.21000000,2,0.00000000,6,6,100.00000000,2.24062576
kitti,000061,ty_m,0.10000000,3,Car,21.30569407,16.63000000,1,0.14000000,145,145,100.00000000,4.49843182
kitti,000061,ty_m,0.10000000,4,Misc,37.18469309,34.42000000,3,0.00000000,86,85,98.83720930,2.15087725
kitti,000061,ty_m,0.10000000,5,Van,43.67330764,40.44000000,3,0.00000000,14,14,100.00000000,1.87826893
nuscenes,scene-0103_000,yaw_deg,-3.00000000,1,Pedestrian,18.63030418,16.92192316,0,0.00000000,8,0,0.00000000,83.15114238
nuscenes,scene-0103_000,yaw_deg,-3.00000000,2,Pedestrian,31.06060153,29.24879234,0,0.00000000,5,0,0.00000000,76.30321940
nuscenes,scene-0103_000,yaw_deg,-3.00000000,4,Pedestrian,20.97713815,18.76248872,0,0.00000000,9,0,0.00000000,80.78078357
nuscenes,scene-0103_000,yaw_deg,-3.00000000,5,Pedestrian,28.77270413,26.52456707,0,0.00000000,5,0,0.00000000,79.85714961
nuscenes,scene-0103_000,yaw_deg,-2.00000000,1,Pedestrian,18.63030418,16.92192316,0,0.00000000,8,0,0.00000000,54.95120137
nuscenes,scene-0103_000,yaw_deg,-2.00000000,2,Pedestrian,31.06060153,29.24879234,0,0.00000000,5,0,0.00000000,50.52323688
nuscenes,scene-0103_000,yaw_deg,-2.00000000,4,Pedestrian,20.97713815,18.76248872,0,0.00000000,9,0,0.00000000,54.27849192
nuscenes,scene-0103_000,yaw_deg,-2.00000000,5,Pedestrian,28.77270413,26.52456707,0,0.00000000,5,0,0.00000000,52.81660256
nuscenes,scene-0103_000,yaw_deg,-1.00000000,1,Pedestrian,18.63030418,16.92192316,0,0.00000000,8,3,37.50000000,27.24408253
nuscenes,scene-0103_000,yaw_deg,-1.00000000,2,Pedestrian,31.06060153,29.24879234,0,0.00000000,5,2,40.00000000,25.09639261
nuscenes,scene-0103_000,yaw_deg,-1.00000000,4,Pedestrian,20.97713815,18.76248872,0,0.00000000,9,4,44.44444444,27.36062393
nuscenes,scene-0103_000,yaw_deg,-1.00000000,5,Pedestrian,28.77270413,26.52456707,0,0.00000000,5,2,40.00000000,26.20633740
nuscenes,scene-0103_000,yaw_deg,-0.50000000,1,Pedestrian,18.63030418,16.92192316,0,0.00000000,8,7,87.50000000,13.56596101
nuscenes,scene-0103_000,yaw_deg,-0.50000000,2,Pedestrian,31.06060153,29.24879234,0,0.00000000,5,4,80.00000000,12.50826813
nuscenes,scene-0103_000,yaw_deg,-0.50000000,4,Pedestrian,20.97713815,18.76248872,0,0.00000000,9,9,100.00000000,13.73741086
nuscenes,scene-0103_000,yaw_deg,-0.50000000,5,Pedestrian,28.77270413,26.52456707,0,0.00000000,5,4,80.00000000,13.05427333
nuscenes,scene-0103_000,yaw_deg,0.00000000,1,Pedestrian,18.63030418,16.92192316,0,0.00000000,8,8,100.00000000,0.00000000
nuscenes,scene-0103_000,yaw_deg,0.00000000,2,Pedestrian,31.06060153,29.24879234,0,0.00000000,5,5,100.00000000,0.00000000
nuscenes,scene-0103_000,yaw_deg,0.00000000,4,Pedestrian,20.97713815,18.76248872,0,0.00000000,9,9,100.00000000,0.00000000
nuscenes,scene-0103_000,yaw_deg,0.00000000,5,Pedestrian,28.77270413,26.52456707,0,0.00000000,5,5,100.00000000,0.00000000
nuscenes,scene-0103_000,yaw_deg,0.50000000,1,Pedestrian,18.63030418,16.92192316,0,0.00000000,8,8,100.00000000,13.45728171
nuscenes,scene-0103_000,yaw_deg,0.50000000,2,Pedestrian,31.06060153,29.24879234,0,0.00000000,5,5,100.00000000,12.43109367
nuscenes,scene-0103_000,yaw_deg,0.50000000,4,Pedestrian,20.97713815,18.76248872,0,0.00000000,9,9,100.00000000,13.85523563
nuscenes,scene-0103_000,yaw_deg,0.50000000,5,Pedestrian,28.77270413,26.52456707,0,0.00000000,5,4,80.00000000,12.95957668
nuscenes,scene-0103_000,yaw_deg,1.00000000,1,Pedestrian,18.63030418,16.92192316,0,0.00000000,8,7,87.50000000,26.80927611
nuscenes,scene-0103_000,yaw_deg,1.00000000,2,Pedestrian,31.06060153,29.24879234,0,0.00000000,5,1,20.00000000,24.78763808
nuscenes,scene-0103_000,yaw_deg,1.00000000,4,Pedestrian,20.97713815,18.76248872,0,0.00000000,9,7,77.77777778,27.83202253
nuscenes,scene-0103_000,yaw_deg,1.00000000,5,Pedestrian,28.77270413,26.52456707,0,0.00000000,5,1,20.00000000,25.82747700
nuscenes,scene-0103_000,yaw_deg,2.00000000,1,Pedestrian,18.63030418,16.92192316,0,0.00000000,8,1,12.50000000,53.21054722
nuscenes,scene-0103_000,yaw_deg,2.00000000,2,Pedestrian,31.06060153,29.24879234,0,0.00000000,5,0,0.00000000,49.28731072
nuscenes,scene-0103_000,yaw_deg,2.00000000,4,Pedestrian,20.97713815,18.76248872,0,0.00000000,9,0,0.00000000,56.16568005
nuscenes,scene-0103_000,yaw_deg,2.00000000,5,Pedestrian,28.77270413,26.52456707,0,0.00000000,5,0,0.00000000,51.29997883
nuscenes,scene-0103_000,yaw_deg,3.00000000,1,Pedestrian,18.63030418,16.92192316,0,0.00000000,8,0,0.00000000,79.22930309
nuscenes,scene-0103_000,yaw_deg,3.00000000,2,Pedestrian,31.06060153,29.24879234,0,0.00000000,5,0,0.00000000,73.51897454
nuscenes,scene-0103_000,yaw_deg,3.00000000,4,Pedestrian,20.97713815,18.76248872,0,0.00000000,9,0,0.00000000,85.03294572
nuscenes,scene-0103_000,yaw_deg,3.00000000,5,Pedestrian,28.77270413,26.52456707,0,0.00000000,5,0,0.00000000,76.44030495
nuscenes,scene-0103_001,yaw_deg,-3.00000000,1,Pedestrian,14.08475356,12.05585752,0,0.21762912,21,0,0.00000000,
nuscenes,scene-0103_001,yaw_deg,-3.00000000,2,Pedestrian,26.10698477,24.21604153,0,0.00000000,5,0,0.00000000,78.73385782
nuscenes,scene-0103_001,yaw_deg,-3.00000000,9,Pedestrian,27.69716985,26.94300111,0,0.00000000,5,0,0.00000000,69.33385530
nuscenes,scene-0103_001,yaw_deg,-3.00000000,16,Pedestrian,26.84790163,23.39014650,2,0.00000000,5,0,0.00000000,84.71143708
nuscenes,scene-0103_001,yaw_deg,-3.00000000,18,Pedestrian,27.50883778,25.19464102,0,0.00000000,6,0,0.00000000,81.00405844
nuscenes,scene-0103_001,yaw_deg,-2.00000000,1,Pedestrian,14.08475356,12.05585752,0,0.21762912,21,0,0.00000000,
nuscenes,scene-0103_001,yaw_deg,-2.00000000,2,Pedestrian,26.10698477,24.21604153,0,0.00000000,5,0,0.00000000,52.09361776
nuscenes,scene-0103_001,yaw_deg,-2.00000000,9,Pedestrian,27.69716985,26.94300111,0,0.00000000,5,0,0.00000000,46.38041102
nuscenes,scene-0103_001,yaw_deg,-2.00000000,16,Pedestrian,26.84790163,23.39014650,2,0.00000000,5,0,0.00000000,56.98318381
nuscenes,scene-0103_001,yaw_deg,-2.00000000,18,Pedestrian,27.50883778,25.19464102,0,0.00000000,6,0,0.00000000,53.55856229
nuscenes,scene-0103_001,yaw_deg,-1.00000000,1,Pedestrian,14.08475356,12.05585752,0,0.21762912,21,7,33.33333333,30.53522684
nuscenes,scene-0103_001,yaw_deg,-1.00000000,2,Pedestrian,26.10698477,24.21604153,0,0.00000000,5,4,80.00000000,25.85737117
nuscenes,scene-0103_001,yaw_deg,-1.00000000,9,Pedestrian,27.69716985,26.94300111,0,0.00000000,5,1,20.00000000,23.27448679
nuscenes,scene-0103_001,yaw_deg,-1.00000000,16,Pedestrian,26.84790163,23.39014650,2,0.00000000,5,4,80.00000000,28.75660006
nuscenes,scene-0103_001,yaw_deg,-1.00000000,18,Pedestrian,27.50883778,25.19464102,0,0.00000000,6,1,16.66666667,26.56639475
nuscenes,scene-0103_001,yaw_deg,-0.50000000,1,Pedestrian,14.08475356,12.05585752,0,0.21762912,21,16,76.19047619,15.27587895
nuscenes,scene-0103_001,yaw_deg,-0.50000000,2,Pedestrian,26.10698477,24.21604153,0,0.00000000,5,5,100.00000000,12.88284863
nuscenes,scene-0103_001,yaw_deg,-0.50000000,9,Pedestrian,27.69716985,26.94300111,0,0.00000000,5,5,100.00000000,11.65933575
nuscenes,scene-0103_001,yaw_deg,-0.50000000,16,Pedestrian,26.84790163,23.39014650,2,0.00000000,5,5,100.00000000,14.44660364
nuscenes,scene-0103_001,yaw_deg,-0.50000000,18,Pedestrian,27.50883778,25.19464102,0,0.00000000,6,5,83.33333333,13.23164265
nuscenes,scene-0103_001,yaw_deg,0.00000000,1,Pedestrian,14.08475356,12.05585752,0,0.21762912,21,20,95.23809524,0.00000000
nuscenes,scene-0103_001,yaw_deg,0.00000000,2,Pedestrian,26.10698477,24.21604153,0,0.00000000,5,5,100.00000000,0.00000000
nuscenes,scene-0103_001,yaw_deg,0.00000000,9,Pedestrian,27.69716985,26.94300111,0,0.00000000,5,5,100.00000000,0.00000000
nuscenes,scene-0103_001,yaw_deg,0.00000000,16,Pedestrian,26.84790163,23.39014650,2,0.00000000,5,5,100.00000000,0.00000000
nuscenes,scene-0103_001,yaw_deg,0.00000000,18,Pedestrian,27.50883778,25.19464102,0,0.00000000,6,6,100.00000000,0.00000000
nuscenes,scene-0103_001,yaw_deg,0.50000000,1,Pedestrian,14.08475356,12.05585752,0,0.21762912,21,21,100.00000000,15.14440291
nuscenes,scene-0103_001,yaw_deg,0.50000000,2,Pedestrian,26.10698477,24.21604153,0,0.00000000,5,4,80.00000000,12.79413035
nuscenes,scene-0103_001,yaw_deg,0.50000000,9,Pedestrian,27.69716985,26.94300111,0,0.00000000,5,5,100.00000000,11.70560087
nuscenes,scene-0103_001,yaw_deg,0.50000000,16,Pedestrian,26.84790163,23.39014650,2,0.00000000,5,4,80.00000000,14.58746532
nuscenes,scene-0103_001,yaw_deg,0.50000000,18,Pedestrian,27.50883778,25.19464102,0,0.00000000,6,5,83.33333333,13.13176264
nuscenes,scene-0103_001,yaw_deg,1.00000000,1,Pedestrian,14.08475356,12.05585752,0,0.21762912,21,21,100.00000000,30.13392219
nuscenes,scene-0103_001,yaw_deg,1.00000000,2,Pedestrian,26.10698477,24.21604153,0,0.00000000,5,3,60.00000000,25.50243018
nuscenes,scene-0103_001,yaw_deg,1.00000000,9,Pedestrian,27.69716985,26.94300111,0,0.00000000,5,2,40.00000000,23.45957822
nuscenes,scene-0103_001,yaw_deg,1.00000000,16,Pedestrian,26.84790163,23.39014650,2,0.00000000,5,3,60.00000000,29.32017428
nuscenes,scene-0103_001,yaw_deg,1.00000000,18,Pedestrian,27.50883778,25.19464102,0,0.00000000,6,1,16.66666667,26.16679541
nuscenes,scene-0103_001,yaw_deg,2.00000000,1,Pedestrian,14.08475356,12.05585752,0,0.21762912,21,14,66.66666667,59.66701058
nuscenes,scene-0103_001,yaw_deg,2.00000000,2,Pedestrian,26.10698477,24.21604153,0,0.00000000,5,0,0.00000000,50.67276674
nuscenes,scene-0103_001,yaw_deg,2.00000000,9,Pedestrian,27.69716985,26.94300111,0,0.00000000,5,0,0.00000000,47.12127219
nuscenes,scene-0103_001,yaw_deg,2.00000000,16,Pedestrian,26.84790163,23.39014650,2,0.00000000,5,0,0.00000000,59.23952287
nuscenes,scene-0103_001,yaw_deg,2.00000000,18,Pedestrian,27.50883778,25.19464102,0,0.00000000,6,0,0.00000000,51.95889512
nuscenes,scene-0103_001,yaw_deg,3.00000000,1,Pedestrian,14.08475356,12.05585752,0,0.21762912,21,1,4.76190476,88.63529601
nuscenes,scene-0103_001,yaw_deg,3.00000000,2,Pedestrian,26.10698477,24.21604153,0,0.00000000,5,0,0.00000000,75.53285906
nuscenes,scene-0103_001,yaw_deg,3.00000000,9,Pedestrian,27.69716985,26.94300111,0,0.00000000,5,0,0.00000000,71.00265380
nuscenes,scene-0103_001,yaw_deg,3.00000000,16,Pedestrian,26.84790163,23.39014650,2,0.00000000,5,0,0.00000000,89.79587535
nuscenes,scene-0103_001,yaw_deg,3.00000000,18,Pedestrian,27.50883778,25.19464102,0,0.00000000,6,0,0.00000000,77.40003638
nuscenes,scene-0103_002,yaw_deg,-3.00000000,1,Pedestrian,21.42176986,19.46086141,0,0.00000000,11,0,0.00000000,82.20557799
nuscenes,scene-0103_002,yaw_deg,-3.00000000,2,Pedestrian,29.17918788,27.30063340,0,0.00000000,5,0,0.00000000,77.33529901
nuscenes,scene-0103_002,yaw_deg,-3.00000000,5,Pedestrian,22.39780680,19.98422512,0,0.00000000,8,0,0.00000000,85.63368834
nuscenes,scene-0103_002,yaw_deg,-3.00000000,8,Pedestrian,23.40659887,22.31761026,0,0.00000000,5,0,0.00000000,72.04704203
nuscenes,scene-0103_002,yaw_deg,-2.00000000,1,Pedestrian,21.42176986,19.46086141,0,0.00000000,11,3,27.27272727,54.33874799
nuscenes,scene-0103_002,yaw_deg,-2.00000000,2,Pedestrian,29.17918788,27.30063340,0,0.00000000,5,0,0.00000000,51.18950007
nuscenes,scene-0103_002,yaw_deg,-2.00000000,5,Pedestrian,22.39780680,19.98422512,0,0.00000000,8,0,0.00000000,56.55244211
nuscenes,scene-0103_002,yaw_deg,-2.00000000,8,Pedestrian,23.40659887,22.31761026,0,0.00000000,5,0,0.00000000,48.26129989
nuscenes,scene-0103_002,yaw_deg,-1.00000000,1,Pedestrian,21.42176986,19.46086141,0,0.00000000,11,9,81.81818182,26.94647912
nuscenes,scene-0103_002,yaw_deg,-1.00000000,2,Pedestrian,29.17918788,27.30063340,0,0.00000000,5,0,0.00000000,25.41897146
nuscenes,scene-0103_002,yaw_deg,-1.00000000,5,Pedestrian,22.39780680,19.98422512,0,0.00000000,8,5,62.50000000,28.01878217
nuscenes,scene-0103_002,yaw_deg,-1.00000000,8,Pedestrian,23.40659887,22.31761026,0,0.00000000,5,4,80.00000000,24.25176736
nuscenes,scene-0103_002,yaw_deg,-0.50000000,1,Pedestrian,21.42176986,19.46086141,0,0.00000000,11,11,100.00000000,13.41925495
nuscenes,scene-0103_002,yaw_deg,-0.50000000,2,Pedestrian,29.17918788,27.30063340,0,0.00000000,5,4,80.00000000,12.66698022
nuscenes,scene-0103_002,yaw_deg,-0.50000000,5,Pedestrian,22.39780680,19.98422512,0,0.00000000,8,7,87.50000000,13.94700355
nuscenes,scene-0103_002,yaw_deg,-0.50000000,8,Pedestrian,23.40659887,22.31761026,0,0.00000000,5,5,100.00000000,12.15734159
nuscenes,scene-0103_002,yaw_deg,0.00000000,1,Pedestrian,21.42176986,19.46086141,0,0.00000000,11,11,100.00000000,0.00000000
nuscenes,scene-0103_002,yaw_deg,0.00000000,2,Pedestrian,29.17918788,27.30063340,0,0.00000000,5,5,100.00000000,0.00000000
nuscenes,scene-0103_002,yaw_deg,0.00000000,5,Pedestrian,22.39780680,19.98422512,0,0.00000000,8,8,100.00000000,0.00000000
nuscenes,scene-0103_002,yaw_deg,0.00000000,8,Pedestrian,23.40659887,22.31761026,0,0.00000000,5,5,100.00000000,0.00000000
nuscenes,scene-0103_002,yaw_deg,0.50000000,1,Pedestrian,21.42176986,19.46086141,0,0.00000000,11,8,72.72727273,13.31465264
nuscenes,scene-0103_002,yaw_deg,0.50000000,2,Pedestrian,29.17918788,27.30063340,0,0.00000000,5,3,60.00000000,12.58476658
nuscenes,scene-0103_002,yaw_deg,0.50000000,5,Pedestrian,22.39780680,19.98422512,0,0.00000000,8,7,87.50000000,13.82603714
nuscenes,scene-0103_002,yaw_deg,0.50000000,8,Pedestrian,23.40659887,22.31761026,0,0.00000000,5,5,100.00000000,12.22266953
nuscenes,scene-0103_002,yaw_deg,1.00000000,1,Pedestrian,21.42176986,19.46086141,0,0.00000000,11,7,63.63636364,26.52798525
nuscenes,scene-0103_002,yaw_deg,1.00000000,2,Pedestrian,29.17918788,27.30063340,0,0.00000000,5,0,0.00000000,25.09005544
nuscenes,scene-0103_002,yaw_deg,1.00000000,5,Pedestrian,22.39780680,19.98422512,0,0.00000000,8,6,75.00000000,27.53481344
nuscenes,scene-0103_002,yaw_deg,1.00000000,8,Pedestrian,23.40659887,22.31761026,0,0.00000000,5,1,20.00000000,24.51312555
nuscenes,scene-0103_002,yaw_deg,2.00000000,1,Pedestrian,21.42176986,19.46086141,0,0.00000000,11,1,9.09090909,52.66341757
nuscenes,scene-0103_002,yaw_deg,2.00000000,2,Pedestrian,29.17918788,27.30063340,0,0.00000000,5,0,0.00000000,49.87285169
nuscenes,scene-0103_002,yaw_deg,2.00000000,5,Pedestrian,22.39780680,19.98422512,0,0.00000000,8,0,0.00000000,54.61491617
nuscenes,scene-0103_002,yaw_deg,2.00000000,8,Pedestrian,23.40659887,22.31761026,0,0.00000000,5,0,0.00000000,49.30747618
nuscenes,scene-0103_002,yaw_deg,3.00000000,1,Pedestrian,21.42176986,19.46086141,0,0.00000000,11,0,0.00000000,78.43099364
nuscenes,scene-0103_002,yaw_deg,3.00000000,2,Pedestrian,29.17918788,27.30063340,0,0.00000000,5,0,0.00000000,74.36914244
nuscenes,scene-0103_002,yaw_deg,3.00000000,5,Pedestrian,22.39780680,19.98422512,0,0.00000000,8,0,0.00000000,81.26805068
nuscenes,scene-0103_002,yaw_deg,3.00000000,8,Pedestrian,23.40659887,22.31761026,0,0.00000000,5,0,0.00000000,74.40373160
nuscenes,scene-0103_003,yaw_deg,-3.00000000,0,Pedestrian,23.97317244,21.63731762,0,0.00000000,5,0,0.00000000,79.44172862
nuscenes,scene-0103_003,yaw_deg,-3.00000000,1,Pedestrian,16.81506976,14.68221170,0,0.00000000,15,0,0.00000000,89.17026475
nuscenes,scene-0103_003,yaw_deg,-3.00000000,3,Car,40.23975253,39.79790335,0,0.00000000,7,0,0.00000000,68.29358089
nuscenes,scene-0103_003,yaw_deg,-3.00000000,8,Pedestrian,19.37622582,17.86026486,0,0.00000000,8,0,0.00000000,76.83039795
nuscenes,scene-0103_003,yaw_deg,-3.00000000,14,Car,22.94534346,22.72176881,0,0.00000000,12,10,83.33333333,67.91310818
nuscenes,scene-0103_003,yaw_deg,-2.00000000,0,Pedestrian,23.97317244,21.63731762,0,0.00000000,5,0,0.00000000,53.36190102
nuscenes,scene-0103_003,yaw_deg,-2.00000000,1,Pedestrian,16.81506976,14.68221170,0,0.00000000,15,9,60.00000000,59.12890530
nuscenes,scene-0103_003,yaw_deg,-2.00000000,3,Car,40.23975253,39.79790335,0,0.00000000,7,2,28.57142857,45.39053730
nuscenes,scene-0103_003,yaw_deg,-2.00000000,8,Pedestrian,19.37622582,17.86026486,0,0.00000000,8,0,0.00000000,51.56111437
nuscenes,scene-0103_003,yaw_deg,-2.00000000,14,Car,22.94534346,22.72176881,0,0.00000000,12,10,83.33333333,45.36002767
nuscenes,scene-0103_003,yaw_deg,-1.00000000,0,Pedestrian,23.97317244,21.63731762,0,0.00000000,5,2,40.00000000,26.88993680
nuscenes,scene-0103_003,yaw_deg,-1.00000000,1,Pedestrian,16.81506976,14.68221170,0,0.00000000,15,15,100.00000000,29.26996669
nuscenes,scene-0103_003,yaw_deg,-1.00000000,3,Car,40.23975253,39.79790335,0,0.00000000,7,5,71.42857143,22.63111059
nuscenes,scene-0103_003,yaw_deg,-1.00000000,8,Pedestrian,19.37622582,17.86026486,0,0.00000000,8,7,87.50000000,25.95866357
nuscenes,scene-0103_003,yaw_deg,-1.00000000,14,Car,22.94534346,22.72176881,0,0.00000000,12,12,100.00000000,22.72723771
nuscenes,scene-0103_003,yaw_deg,-0.50000000,0,Pedestrian,23.97317244,21.63731762,0,0.00000000,5,5,100.00000000,13.49888110
nuscenes,scene-0103_003,yaw_deg,-0.50000000,1,Pedestrian,16.81506976,14.68221170,0,0.00000000,15,15,100.00000000,14.56361103
nuscenes,scene-0103_003,yaw_deg,-0.50000000,3,Car,40.23975253,39.79790335,0,0.00000000,7,7,100.00000000,11.30045873
nuscenes,scene-0103_003,yaw_deg,-0.50000000,8,Pedestrian,19.37622582,17.86026486,0,0.00000000,8,8,100.00000000,13.02534045
nuscenes,scene-0103_003,yaw_deg,-0.50000000,14,Car,22.94534346,22.72176881,0,0.00000000,12,12,100.00000000,11.37635495
nuscenes,scene-0103_003,yaw_deg,0.00000000,0,Pedestrian,23.97317244,21.63731762,0,0.00000000,5,5,100.00000000,0.00000000
nuscenes,scene-0103_003,yaw_deg,0.00000000,1,Pedestrian,16.81506976,14.68221170,0,0.00000000,15,15,100.00000000,0.00000000
nuscenes,scene-0103_003,yaw_deg,0.00000000,3,Car,40.23975253,39.79790335,0,0.00000000,7,7,100.00000000,0.00000000
nuscenes,scene-0103_003,yaw_deg,0.00000000,8,Pedestrian,19.37622582,17.86026486,0,0.00000000,8,8,100.00000000,0.00000000
nuscenes,scene-0103_003,yaw_deg,0.00000000,14,Car,22.94534346,22.72176881,0,0.00000000,12,12,100.00000000,0.00000000
nuscenes,scene-0103_003,yaw_deg,0.50000000,0,Pedestrian,23.97317244,21.63731762,0,0.00000000,5,5,100.00000000,13.61014782
nuscenes,scene-0103_003,yaw_deg,0.50000000,1,Pedestrian,16.81506976,14.68221170,0,0.00000000,15,15,100.00000000,14.42520018
nuscenes,scene-0103_003,yaw_deg,0.50000000,3,Car,40.23975253,39.79790335,0,0.00000000,7,6,85.71428571,11.27212707
nuscenes,scene-0103_003,yaw_deg,0.50000000,8,Pedestrian,19.37622582,17.86026486,0,0.00000000,8,8,100.00000000,13.12041047
nuscenes,scene-0103_003,yaw_deg,0.50000000,14,Car,22.94534346,22.72176881,0,0.00000000,12,12,100.00000000,11.40370750
nuscenes,scene-0103_003,yaw_deg,1.00000000,0,Pedestrian,23.97317244,21.63731762,0,0.00000000,5,3,60.00000000,27.33509545
nuscenes,scene-0103_003,yaw_deg,1.00000000,1,Pedestrian,16.81506976,14.68221170,0,0.00000000,15,12,80.00000000,28.71619842
nuscenes,scene-0103_003,yaw_deg,1.00000000,3,Car,40.23975253,39.79790335,0,0.00000000,7,5,71.42857143,22.51776594
nuscenes,scene-0103_003,yaw_deg,1.00000000,8,Pedestrian,19.37622582,17.86026486,0,0.00000000,8,5,62.50000000,26.33901823
nuscenes,scene-0103_003,yaw_deg,1.00000000,14,Car,22.94534346,22.72176881,0,0.00000000,12,12,100.00000000,22.83666552
nuscenes,scene-0103_003,yaw_deg,2.00000000,0,Pedestrian,23.97317244,21.63731762,0,0.00000000,5,0,0.00000000,55.14400572
nuscenes,scene-0103_003,yaw_deg,2.00000000,1,Pedestrian,16.81506976,14.68221170,0,0.00000000,15,3,20.00000000,56.91183195
nuscenes,scene-0103_003,yaw_deg,2.00000000,3,Car,40.23975253,39.79790335,0,0.00000000,7,2,28.57142857,44.93687012
nuscenes,scene-0103_003,yaw_deg,2.00000000,8,Pedestrian,19.37622582,17.86026486,0,0.00000000,8,0,0.00000000,53.08372712
nuscenes,scene-0103_003,yaw_deg,2.00000000,14,Car,22.94534346,22.72176881,0,0.00000000,12,11,91.66666667,45.79802086
nuscenes,scene-0103_003,yaw_deg,3.00000000,0,Pedestrian,23.97317244,21.63731762,0,0.00000000,5,0,0.00000000,83.45698813
nuscenes,scene-0103_003,yaw_deg,3.00000000,1,Pedestrian,16.81506976,14.68221170,0,0.00000000,15,0,0.00000000,84.61827043
nuscenes,scene-0103_003,yaw_deg,3.00000000,3,Car,40.23975253,39.79790335,0,0.00000000,7,0,0.00000000,67.27174598
nuscenes,scene-0103_003,yaw_deg,3.00000000,8,Pedestrian,19.37622582,17.86026486,0,0.00000000,8,0,0.00000000,80.26076298
nuscenes,scene-0103_003,yaw_deg,3.00000000,14,Car,22.94534346,22.72176881,0,0.00000000,12,6,50.00000000,68.89965177
nuscenes,scene-0103_004,yaw_deg,-3.00000000,0,Pedestrian,19.90174027,16.63431852,0,0.34073730,11,0,0.00000000,92.03595792
nuscenes,scene-0103_004,yaw_deg,-3.00000000,1,Pedestrian,20.50572567,18.69743204,0,0.00000000,6,0,0.00000000,82.33272135
nuscenes,scene-0103_004,yaw_deg,-3.00000000,5,Pedestrian,16.31471631,13.64452004,0,0.90516273,10,0,0.00000000,
nuscenes,scene-0103_004,yaw_deg,-3.00000000,6,Pedestrian,21.34598512,19.15300752,0,0.00000000,7,0,0.00000000,85.26550624
nuscenes,scene-0103_004,yaw_deg,-3.00000000,8,Pedestrian,15.71720725,13.49189332,0,0.00000000,16,0,0.00000000,87.28771448
nuscenes,scene-0103_004,yaw_deg,-3.00000000,12,Pedestrian,17.83193138,15.70395258,0,0.00000000,9,0,0.00000000,88.21093776
nuscenes,scene-0103_004,yaw_deg,-3.00000000,16,Car,14.42618872,13.88762447,0,0.00000000,53,46,86.79245283,72.36461106
nuscenes,scene-0103_004,yaw_deg,-3.00000000,17,Car,49.15109898,48.29251899,0,0.00000000,5,0,0.00000000,69.32268294
nuscenes,scene-0103_004,yaw_deg,-3.00000000,22,Pedestrian,18.15708337,15.47034834,0,0.37795668,9,0,0.00000000,
nuscenes,scene-0103_004,yaw_deg,-2.00000000,0,Pedestrian,19.90174027,16.63431852,0,0.34073730,11,0,0.00000000,62.01172525
nuscenes,scene-0103_004,yaw_deg,-2.00000000,1,Pedestrian,20.50572567,18.69743204,0,0.00000000,6,0,0.00000000,54.41974050
nuscenes,scene-0103_004,yaw_deg,-2.00000000,5,Pedestrian,16.31471631,13.64452004,0,0.90516273,10,0,0.00000000,
nuscenes,scene-0103_004,yaw_deg,-2.00000000,6,Pedestrian,21.34598512,19.15300752,0,0.00000000,7,0,0.00000000,56.31375648
nuscenes,scene-0103_004,yaw_deg,-2.00000000,8,Pedestrian,15.71720725,13.49189332,0,0.00000000,16,2,12.50000000,58.74648748
nuscenes,scene-0103_004,yaw_deg,-2.00000000,12,Pedestrian,17.83193138,15.70395258,0,0.00000000,9,0,0.00000000,58.22097976
nuscenes,scene-0103_004,yaw_deg,-2.00000000,16,Car,14.42618872,13.88762447,0,0.00000000,53,47,88.67924528,48.45288925
nuscenes,scene-0103_004,yaw_deg,-2.00000000,17,Car,49.15109898,48.29251899,0,0.00000000,5,0,0.00000000,46.03432885
nuscenes,scene-0103_004,yaw_deg,-2.00000000,22,Pedestrian,18.15708337,15.47034834,0,0.37795668,9,0,0.00000000,
nuscenes,scene-0103_004,yaw_deg,-1.00000000,0,Pedestrian,19.90174027,16.63431852,0,0.34073730,11,8,72.72727273,31.34660594
nuscenes,scene-0103_004,yaw_deg,-1.00000000,1,Pedestrian,20.50572567,18.69743204,0,0.00000000,6,2,33.33333333,26.98514594
nuscenes,scene-0103_004,yaw_deg,-1.00000000,5,Pedestrian,16.31471631,13.64452004,0,0.90516273,10,0,0.00000000,
nuscenes,scene-0103_004,yaw_deg,-1.00000000,6,Pedestrian,21.34598512,19.15300752,0,0.00000000,7,1,14.28571429,27.90268553
nuscenes,scene-0103_004,yaw_deg,-1.00000000,8,Pedestrian,15.71720725,13.49189332,0,0.00000000,16,12,75.00000000,29.66209876
nuscenes,scene-0103_004,yaw_deg,-1.00000000,12,Pedestrian,17.83193138,15.70395258,0,0.00000000,9,7,77.77777778,28.82923066
nuscenes,scene-0103_004,yaw_deg,-1.00000000,16,Car,14.42618872,13.88762447,0,0.00000000,53,51,96.22641509,24.33746476
nuscenes,scene-0103_004,yaw_deg,-1.00000000,17,Car,49.15109898,48.29251899,0,0.00000000,5,3,60.00000000,22.93219443
nuscenes,scene-0103_004,yaw_deg,-1.00000000,22,Pedestrian,18.15708337,15.47034834,0,0.37795668,9,2,22.22222222,30.37736263
nuscenes,scene-0103_004,yaw_deg,-0.50000000,0,Pedestrian,19.90174027,16.63431852,0,0.34073730,11,11,100.00000000,15.76112863
nuscenes,scene-0103_004,yaw_deg,-0.50000000,1,Pedestrian,20.50572567,18.69743204,0,0.00000000,6,6,100.00000000,13.43814080
nuscenes,scene-0103_004,yaw_deg,-0.50000000,5,Pedestrian,16.31471631,13.64452004,0,0.90516273,10,0,0.00000000,
nuscenes,scene-0103_004,yaw_deg,-0.50000000,6,Pedestrian,21.34598512,19.15300752,0,0.00000000,7,5,71.42857143,13.88974215
nuscenes,scene-0103_004,yaw_deg,-0.50000000,8,Pedestrian,15.71720725,13.49189332,0,0.00000000,16,16,100.00000000,14.90550316
nuscenes,scene-0103_004,yaw_deg,-0.50000000,12,Pedestrian,17.83193138,15.70395258,0,0.00000000,9,9,100.00000000,14.34644929
nuscenes,scene-0103_004,yaw_deg,-0.50000000,16,Car,14.42618872,13.88762447,0,0.00000000,53,53,100.00000000,12.19765717
nuscenes,scene-0103_004,yaw_deg,-0.50000000,17,Car,49.15109898,48.29251899,0,0.00000000,5,5,100.00000000,11.44585425
nuscenes,scene-0103_004,yaw_deg,-0.50000000,22,Pedestrian,18.15708337,15.47034834,0,0.37795668,9,2,22.22222222,15.12257109
nuscenes,scene-0103_004,yaw_deg,0.00000000,0,Pedestrian,19.90174027,16.63431852,0,0.34073730,11,10,90.90909091,0.00000000
nuscenes,scene-0103_004,yaw_deg,0.00000000,1,Pedestrian,20.50572567,18.69743204,0,0.00000000,6,6,100.00000000,0.00000000
nuscenes,scene-0103_004,yaw_deg,0.00000000,5,Pedestrian,16.31471631,13.64452004,0,0.90516273,10,0,0.00000000,
nuscenes,scene-0103_004,yaw_deg,0.00000000,6,Pedestrian,21.34598512,19.15300752,0,0.00000000,7,7,100.00000000,0.00000000
nuscenes,scene-0103_004,yaw_deg,0.00000000,8,Pedestrian,15.71720725,13.49189332,0,0.00000000,16,16,100.00000000,0.00000000
nuscenes,scene-0103_004,yaw_deg,0.00000000,12,Pedestrian,17.83193138,15.70395258,0,0.00000000,9,9,100.00000000,0.00000000
nuscenes,scene-0103_004,yaw_deg,0.00000000,16,Car,14.42618872,13.88762447,0,0.00000000,53,53,100.00000000,0.00000000
nuscenes,scene-0103_004,yaw_deg,0.00000000,17,Car,49.15109898,48.29251899,0,0.00000000,5,5,100.00000000,0.00000000
nuscenes,scene-0103_004,yaw_deg,0.00000000,22,Pedestrian,18.15708337,15.47034834,0,0.37795668,9,6,66.66666667,0.00000000
nuscenes,scene-0103_004,yaw_deg,0.50000000,0,Pedestrian,19.90174027,16.63431852,0,0.34073730,11,3,27.27272727,15.83590782
nuscenes,scene-0103_004,yaw_deg,0.50000000,1,Pedestrian,20.50572567,18.69743204,0,0.00000000,6,4,66.66666667,13.33266182
nuscenes,scene-0103_004,yaw_deg,0.50000000,5,Pedestrian,16.31471631,13.64452004,0,0.90516273,10,0,0.00000000,
nuscenes,scene-0103_004,yaw_deg,0.50000000,6,Pedestrian,21.34598512,19.15300752,0,0.00000000,7,7,100.00000000,13.77030281
nuscenes,scene-0103_004,yaw_deg,0.50000000,8,Pedestrian,15.71720725,13.49189332,0,0.00000000,16,16,100.00000000,15.05906249
nuscenes,scene-0103_004,yaw_deg,0.50000000,12,Pedestrian,17.83193138,15.70395258,0,0.00000000,9,9,100.00000000,14.21426075
nuscenes,scene-0103_004,yaw_deg,0.50000000,16,Car,14.42618872,13.88762447,0,0.00000000,53,53,100.00000000,12.25789692
nuscenes,scene-0103_004,yaw_deg,0.50000000,17,Car,49.15109898,48.29251899,0,0.00000000,5,5,100.00000000,11.40733404
nuscenes,scene-0103_004,yaw_deg,0.50000000,22,Pedestrian,18.15708337,15.47034834,0,0.37795668,9,8,88.88888889,15.18583260
nuscenes,scene-0103_004,yaw_deg,1.00000000,0,Pedestrian,19.90174027,16.63431852,0,0.34073730,11,0,0.00000000,
nuscenes,scene-0103_004,yaw_deg,1.00000000,1,Pedestrian,20.50572567,18.69743204,0,0.00000000,6,4,66.66666667,26.56314457
nuscenes,scene-0103_004,yaw_deg,1.00000000,5,Pedestrian,16.31471631,13.64452004,0,0.90516273,10,3,30.00000000,
nuscenes,scene-0103_004,yaw_deg,1.00000000,6,Pedestrian,21.34598512,19.15300752,0,0.00000000,7,2,28.57142857,27.42482696
nuscenes,scene-0103_004,yaw_deg,1.00000000,8,Pedestrian,15.71720725,13.49189332,0,0.00000000,16,15,93.75000000,30.27648092
nuscenes,scene-0103_004,yaw_deg,1.00000000,12,Pedestrian,17.83193138,15.70395258,0,0.00000000,9,7,77.77777778,28.30035956
nuscenes,scene-0103_004,yaw_deg,1.00000000,16,Car,14.42618872,13.88762447,0,0.00000000,53,53,100.00000000,24.57846662
nuscenes,scene-0103_004,yaw_deg,1.00000000,17,Car,49.15109898,48.29251899,0,0.00000000,5,4,80.00000000,22.77808864
nuscenes,scene-0103_004,yaw_deg,1.00000000,22,Pedestrian,18.15708337,15.47034834,0,0.37795668,9,7,77.77777778,30.21407280
nuscenes,scene-0103_004,yaw_deg,2.00000000,0,Pedestrian,19.90174027,16.63431852,0,0.34073730,11,0,0.00000000,
nuscenes,scene-0103_004,yaw_deg,2.00000000,1,Pedestrian,20.50572567,18.69743204,0,0.00000000,6,0,0.00000000,52.73036643
nuscenes,scene-0103_004,yaw_deg,2.00000000,5,Pedestrian,16.31471631,13.64452004,0,0.90516273,10,1,10.00000000,
nuscenes,scene-0103_004,yaw_deg,2.00000000,6,Pedestrian,21.34598512,19.15300752,0,0.00000000,7,0,0.00000000,54.40070113
nuscenes,scene-0103_004,yaw_deg,2.00000000,8,Pedestrian,15.71720725,13.49189332,0,0.00000000,16,7,43.75000000,61.20633605
nuscenes,scene-0103_004,yaw_deg,2.00000000,12,Pedestrian,17.83193138,15.70395258,0,0.00000000,9,0,0.00000000,56.10362277
nuscenes,scene-0103_004,yaw_deg,2.00000000,16,Car,14.42618872,13.88762447,0,0.00000000,53,51,96.22641509,49.41758331
nuscenes,scene-0103_004,yaw_deg,2.00000000,17,Car,49.15109898,48.29251899,0,0.00000000,5,1,20.00000000,45.41750591
nuscenes,scene-0103_004,yaw_deg,2.00000000,22,Pedestrian,18.15708337,15.47034834,0,0.37795668,9,0,0.00000000,59.81670934
nuscenes,scene-0103_004,yaw_deg,3.00000000,0,Pedestrian,19.90174027,16.63431852,0,0.34073730,11,0,0.00000000,
nuscenes,scene-0103_004,yaw_deg,3.00000000,1,Pedestrian,20.50572567,18.69743204,0,0.00000000,6,0,0.00000000,78.52648727
nuscenes,scene-0103_004,yaw_deg,3.00000000,5,Pedestrian,16.31471631,13.64452004,0,0.90516273,10,0,0.00000000,
nuscenes,scene-0103_004,yaw_deg,3.00000000,6,Pedestrian,21.34598512,19.15300752,0,0.00000000,7,0,0.00000000,80.95504012
nuscenes,scene-0103_004,yaw_deg,3.00000000,8,Pedestrian,15.71720725,13.49189332,0,0.00000000,16,0,0.00000000,92.45403781
nuscenes,scene-0103_004,yaw_deg,3.00000000,12,Pedestrian,17.83193138,15.70395258,0,0.00000000,9,0,0.00000000,83.43984694
nuscenes,scene-0103_004,yaw_deg,3.00000000,16,Car,14.42618872,13.88762447,0,0.00000000,53,47,88.67924528,74.53950416
nuscenes,scene-0103_004,yaw_deg,3.00000000,17,Car,49.15109898,48.29251899,0,0.00000000,5,0,0.00000000,67.93332985
nuscenes,scene-0103_004,yaw_deg,3.00000000,22,Pedestrian,18.15708337,15.47034834,0,0.37795668,9,0,0.00000000,88.84437588
nuscenes,scene-0103_005,yaw_deg,-3.00000000,0,Pedestrian,16.22103627,14.21256060,0,0.00000000,13,0,0.00000000,89.65211701
nuscenes,scene-0103_005,yaw_deg,-3.00000000,4,Pedestrian,17.02112896,14.60927018,0,0.06930616,9,0,0.00000000,
nuscenes,scene-0103_005,yaw_deg,-3.00000000,5,Car,46.43914265,45.02227844,2,0.00000000,6,0,0.00000000,69.13875615
nuscenes,scene-0103_005,yaw_deg,-3.00000000,7,Car,30.44963850,29.99042059,0,0.00000000,5,1,20.00000000,68.00811653
nuscenes,scene-0103_005,yaw_deg,-3.00000000,9,Pedestrian,18.71111144,16.75778163,0,0.00000000,7,0,0.00000000,85.70209182
nuscenes,scene-0103_005,yaw_deg,-3.00000000,12,Car,6.57292481,4.99148851,0,0.88529915,511,113,22.11350294,87.44997993
nuscenes,scene-0103_005,yaw_deg,-2.00000000,0,Pedestrian,16.22103627,14.21256060,0,0.00000000,13,0,0.00000000,59.59712628
nuscenes,scene-0103_005,yaw_deg,-2.00000000,4,Pedestrian,17.02112896,14.60927018,0,0.06930616,9,0,0.00000000,
nuscenes,scene-0103_005,yaw_deg,-2.00000000,5,Car,46.43914265,45.02227844,2,0.00000000,6,3,50.00000000,46.26155221
nuscenes,scene-0103_005,yaw_deg,-2.00000000,7,Car,30.44963850,29.99042059,0,0.00000000,5,3,60.00000000,45.45170206
nuscenes,scene-0103_005,yaw_deg,-2.00000000,9,Pedestrian,18.71111144,16.75778163,0,0.00000000,7,0,0.00000000,56.59792530
nuscenes,scene-0103_005,yaw_deg,-2.00000000,12,Car,6.57292481,4.99148851,0,0.88529915,511,97,18.98238748,58.82764143
nuscenes,scene-0103_005,yaw_deg,-1.00000000,0,Pedestrian,16.22103627,14.21256060,0,0.00000000,13,7,53.84615385,29.49644639
nuscenes,scene-0103_005,yaw_deg,-1.00000000,4,Pedestrian,17.02112896,14.60927018,0,0.06930616,9,5,55.55555556,30.27690186
nuscenes,scene-0103_005,yaw_deg,-1.00000000,5,Car,46.43914265,45.02227844,2,0.00000000,6,5,83.33333333,23.22067148
nuscenes,scene-0103_005,yaw_deg,-1.00000000,7,Car,30.44963850,29.99042059,0,0.00000000,5,5,100.00000000,22.78732450
nuscenes,scene-0103_005,yaw_deg,-1.00000000,9,Pedestrian,18.71111144,16.75778163,0,0.00000000,7,1,14.28571429,28.04147900
nuscenes,scene-0103_005,yaw_deg,-1.00000000,12,Car,6.57292481,4.99148851,0,0.88529915,511,86,16.82974560,29.68894383
nuscenes,scene-0103_005,yaw_deg,-0.50000000,0,Pedestrian,16.22103627,14.21256060,0,0.00000000,13,11,84.61538462,14.67499888
nuscenes,scene-0103_005,yaw_deg,-0.50000000,4,Pedestrian,17.02112896,14.60927018,0,0.06930616,9,6,66.66666667,15.10334528
nuscenes,scene-0103_005,yaw_deg,-0.50000000,5,Car,46.43914265,45.02227844,2,0.00000000,6,6,100.00000000,11.63383468
nuscenes,scene-0103_005,yaw_deg,-0.50000000,7,Car,30.44963850,29.99042059,0,0.00000000,5,5,100.00000000,11.40997896
nuscenes,scene-0103_005,yaw_deg,-0.50000000,9,Pedestrian,18.71111144,16.75778163,0,0.00000000,7,6,85.71428571,13.95834346
nuscenes,scene-0103_005,yaw_deg,-0.50000000,12,Car,6.57292481,4.99148851,0,0.88529915,511,82,16.04696673,14.91544739
nuscenes,scene-0103_005,yaw_deg,0.00000000,0,Pedestrian,16.22103627,14.21256060,0,0.00000000,13,13,100.00000000,0.00000000
nuscenes,scene-0103_005,yaw_deg,0.00000000,4,Pedestrian,17.02112896,14.60927018,0,0.06930616,9,9,100.00000000,0.00000000
nuscenes,scene-0103_005,yaw_deg,0.00000000,5,Car,46.43914265,45.02227844,2,0.00000000,6,6,100.00000000,0.00000000
nuscenes,scene-0103_005,yaw_deg,0.00000000,7,Car,30.44963850,29.99042059,0,0.00000000,5,5,100.00000000,0.00000000
nuscenes,scene-0103_005,yaw_deg,0.00000000,9,Pedestrian,18.71111144,16.75778163,0,0.00000000,7,7,100.00000000,0.00000000
nuscenes,scene-0103_005,yaw_deg,0.00000000,12,Car,6.57292481,4.99148851,0,0.88529915,511,79,15.45988258,0.00000000
nuscenes,scene-0103_005,yaw_deg,0.50000000,0,Pedestrian,16.22103627,14.21256060,0,0.00000000,13,13,100.00000000,14.53298936
nuscenes,scene-0103_005,yaw_deg,0.50000000,4,Pedestrian,17.02112896,14.60927018,0,0.06930616,9,9,100.00000000,15.00801449
nuscenes,scene-0103_005,yaw_deg,0.50000000,5,Car,46.43914265,45.02227844,2,0.00000000,6,6,100.00000000,11.68292138
nuscenes,scene-0103_005,yaw_deg,0.50000000,7,Car,30.44963850,29.99042059,0,0.00000000,5,5,100.00000000,11.44453507
nuscenes,scene-0103_005,yaw_deg,0.50000000,9,Pedestrian,18.71111144,16.75778163,0,0.00000000,7,7,100.00000000,13.83736528
nuscenes,scene-0103_005,yaw_deg,0.50000000,12,Car,6.57292481,4.99148851,0,0.88529915,511,76,14.87279843,15.03231333
nuscenes,scene-0103_005,yaw_deg,1.00000000,0,Pedestrian,16.22103627,14.21256060,0,0.00000000,13,12,92.30769231,28.92827888
nuscenes,scene-0103_005,yaw_deg,1.00000000,4,Pedestrian,17.02112896,14.60927018,0,0.06930616,9,4,44.44444444,29.86388541
nuscenes,scene-0103_005,yaw_deg,1.00000000,5,Car,46.43914265,45.02227844,2,0.00000000,6,6,100.00000000,23.41705105
nuscenes,scene-0103_005,yaw_deg,1.00000000,7,Car,30.44963850,29.99042059,0,0.00000000,5,5,100.00000000,22.92557132
nuscenes,scene-0103_005,yaw_deg,1.00000000,9,Pedestrian,18.71111144,16.75778163,0,0.00000000,7,5,71.42857143,27.55746308
nuscenes,scene-0103_005,yaw_deg,1.00000000,12,Car,6.57292481,4.99148851,0,0.88529915,511,71,13.89432485,30.01773021
nuscenes,scene-0103_005,yaw_deg,2.00000000,0,Pedestrian,16.22103627,14.21256060,0,0.00000000,13,2,15.38461538,57.32238268
nuscenes,scene-0103_005,yaw_deg,2.00000000,4,Pedestrian,17.02112896,14.60927018,0,0.06930616,9,0,0.00000000,59.13748836
nuscenes,scene-0103_005,yaw_deg,2.00000000,5,Car,46.43914265,45.02227844,2,0.00000000,6,6,100.00000000,47.04759534
nuscenes,scene-0103_005,yaw_deg,2.00000000,7,Car,30.44963850,29.99042059,0,0.00000000,5,5,100.00000000,46.00504773
nuscenes,scene-0103_005,yaw_deg,2.00000000,9,Pedestrian,18.71111144,16.75778163,0,0.00000000,7,0,0.00000000,54.66020879
nuscenes,scene-0103_005,yaw_deg,2.00000000,12,Car,6.57292481,4.99148851,0,0.88529915,511,63,12.32876712,60.32819849
nuscenes,scene-0103_005,yaw_deg,3.00000000,0,Pedestrian,16.22103627,14.21256060,0,0.00000000,13,0,0.00000000,85.21440361
nuscenes,scene-0103_005,yaw_deg,3.00000000,4,Pedestrian,17.02112896,14.60927018,0,0.06930616,9,0,0.00000000,87.85606042
nuscenes,scene-0103_005,yaw_deg,3.00000000,5,Car,46.43914265,45.02227844,2,0.00000000,6,4,66.66666667,70.90932441
nuscenes,scene-0103_005,yaw_deg,3.00000000,7,Car,30.44963850,29.99042059,0,0.00000000,5,3,60.00000000,69.25449023
nuscenes,scene-0103_005,yaw_deg,3.00000000,9,Pedestrian,18.71111144,16.75778163,0,0.00000000,7,0,0.00000000,81.33601864
nuscenes,scene-0103_005,yaw_deg,3.00000000,12,Car,6.57292481,4.99148851,0,0.88529915,511,54,10.56751468,90.85987290
nuscenes,scene-0103_006,yaw_deg,-3.00000000,0,Car,40.29398358,40.14618511,0,0.00000000,6,0,0.00000000,67.06842334
nuscenes,scene-0103_006,yaw_deg,-3.00000000,3,Car,42.30987763,40.31334692,2,0.00000000,7,2,28.57142857,71.28225555
nuscenes,scene-0103_006,yaw_deg,-3.00000000,4,Car,22.40219728,22.24656981,0,0.00000000,19,11,57.89473684,67.48697725
nuscenes,scene-0103_006,yaw_deg,-3.00000000,5,Car,26.12729181,25.34988698,0,0.00000000,14,9,64.28571429,70.21887414
nuscenes,scene-0103_006,yaw_deg,-3.00000000,7,Pedestrian,14.41703507,12.23321865,0,0.49051607,10,0,0.00000000,
nuscenes,scene-0103_006,yaw_deg,-2.00000000,0,Car,40.29398358,40.14618511,0,0.00000000,6,2,33.33333333,44.62182372
nuscenes,scene-0103_006,yaw_deg,-2.00000000,3,Car,42.30987763,40.31334692,2,0.00000000,7,5,71.42857143,47.74807948
nuscenes,scene-0103_006,yaw_deg,-2.00000000,4,Car,22.40219728,22.24656981,0,0.00000000,19,15,78.94736842,45.05431841
nuscenes,scene-0103_006,yaw_deg,-2.00000000,5,Car,26.12729181,25.34988698,0,0.00000000,14,13,92.85714286,46.99606797
nuscenes,scene-0103_006,yaw_deg,-2.00000000,7,Pedestrian,14.41703507,12.23321865,0,0.49051607,10,0,0.00000000,
nuscenes,scene-0103_006,yaw_deg,-1.00000000,0,Car,40.29398358,40.14618511,0,0.00000000,6,5,83.33333333,22.27045513
nuscenes,scene-0103_006,yaw_deg,-1.00000000,3,Car,42.30987763,40.31334692,2,0.00000000,7,7,100.00000000,23.99332206
nuscenes,scene-0103_006,yaw_deg,-1.00000000,4,Car,22.40219728,22.24656981,0,0.00000000,19,18,94.73684211,22.56346071
nuscenes,scene-0103_006,yaw_deg,-1.00000000,5,Car,26.12729181,25.34988698,0,0.00000000,14,13,92.85714286,23.59538978
nuscenes,scene-0103_006,yaw_deg,-1.00000000,7,Pedestrian,14.41703507,12.23321865,0,0.49051607,10,0,0.00000000,
nuscenes,scene-0103_006,yaw_deg,-0.50000000,0,Car,40.29398358,40.14618511,0,0.00000000,6,6,100.00000000,11.12599990
nuscenes,scene-0103_006,yaw_deg,-0.50000000,3,Car,42.30987763,40.31334692,2,0.00000000,7,7,100.00000000,12.02763062
nuscenes,scene-0103_006,yaw_deg,-0.50000000,4,Car,22.40219728,22.24656981,0,0.00000000,19,19,100.00000000,11.29171274
nuscenes,scene-0103_006,yaw_deg,-0.50000000,5,Car,26.12729181,25.34988698,0,0.00000000,14,14,100.00000000,11.82310622
nuscenes,scene-0103_006,yaw_deg,-0.50000000,7,Pedestrian,14.41703507,12.23321865,0,0.49051607,10,1,10.00000000,15.32524120
nuscenes,scene-0103_006,yaw_deg,0.00000000,0,Car,40.29398358,40.14618511,0,0.00000000,6,6,100.00000000,0.00000000
nuscenes,scene-0103_006,yaw_deg,0.00000000,3,Car,42.30987763,40.31334692,2,0.00000000,7,7,100.00000000,0.00000000
nuscenes,scene-0103_006,yaw_deg,0.00000000,4,Car,22.40219728,22.24656981,0,0.00000000,19,19,100.00000000,0.00000000
nuscenes,scene-0103_006,yaw_deg,0.00000000,5,Car,26.12729181,25.34988698,0,0.00000000,14,14,100.00000000,0.00000000
nuscenes,scene-0103_006,yaw_deg,0.00000000,7,Pedestrian,14.41703507,12.23321865,0,0.49051607,10,4,40.00000000,0.00000000
nuscenes,scene-0103_006,yaw_deg,0.50000000,0,Car,40.29398358,40.14618511,0,0.00000000,6,6,100.00000000,11.10930290
nuscenes,scene-0103_006,yaw_deg,0.50000000,3,Car,42.30987763,40.31334692,2,0.00000000,7,7,100.00000000,12.09192120
nuscenes,scene-0103_006,yaw_deg,0.50000000,4,Car,22.40219728,22.24656981,0,0.00000000,19,18,94.73684211,11.31350707
nuscenes,scene-0103_006,yaw_deg,0.50000000,5,Car,26.12729181,25.34988698,0,0.00000000,14,14,100.00000000,11.87611630
nuscenes,scene-0103_006,yaw_deg,0.50000000,7,Pedestrian,14.41703507,12.23321865,0,0.49051607,10,9,90.00000000,15.31998463
nuscenes,scene-0103_006,yaw_deg,1.00000000,0,Car,40.29398358,40.14618511,0,0.00000000,6,4,66.66666667,22.20365677
nuscenes,scene-0103_006,yaw_deg,1.00000000,3,Car,42.30987763,40.31334692,2,0.00000000,7,7,100.00000000,24.25052946
nuscenes,scene-0103_006,yaw_deg,1.00000000,4,Car,22.40219728,22.24656981,0,0.00000000,19,17,89.47368421,22.65065191
nuscenes,scene-0103_006,yaw_deg,1.00000000,5,Car,26.12729181,25.34988698,0,0.00000000,14,14,100.00000000,23.80746631
nuscenes,scene-0103_006,yaw_deg,1.00000000,7,Pedestrian,14.41703507,12.23321865,0,0.49051607,10,8,80.00000000,30.47934719
nuscenes,scene-0103_006,yaw_deg,2.00000000,0,Car,40.29398358,40.14618511,0,0.00000000,6,1,16.66666667,44.35446393
nuscenes,scene-0103_006,yaw_deg,2.00000000,3,Car,42.30987763,40.31334692,2,0.00000000,7,7,100.00000000,48.77763077
nuscenes,scene-0103_006,yaw_deg,2.00000000,4,Car,22.40219728,22.24656981,0,0.00000000,19,14,73.68421053,45.40330537
nuscenes,scene-0103_006,yaw_deg,2.00000000,5,Car,26.12729181,25.34988698,0,0.00000000,14,11,78.57142857,47.84495351
nuscenes,scene-0103_006,yaw_deg,2.00000000,7,Pedestrian,14.41703507,12.23321865,0,0.49051607,10,1,10.00000000,60.33556764
nuscenes,scene-0103_006,yaw_deg,3.00000000,0,Car,40.29398358,40.14618511,0,0.00000000,6,0,0.00000000,66.46623917
nuscenes,scene-0103_006,yaw_deg,3.00000000,3,Car,42.30987763,40.31334692,2,0.00000000,7,6,85.71428571,73.60145673
nuscenes,scene-0103_006,yaw_deg,3.00000000,4,Car,22.40219728,22.24656981,0,0.00000000,19,11,57.89473684,68.27303226
nuscenes,scene-0103_006,yaw_deg,3.00000000,5,Car,26.12729181,25.34988698,0,0.00000000,14,8,57.14285714,72.13104291
nuscenes,scene-0103_006,yaw_deg,3.00000000,7,Pedestrian,14.41703507,12.23321865,0,0.49051607,10,0,0.00000000,89.60594209
nuscenes,scene-0103_007,yaw_deg,-3.00000000,2,Car,37.76728528,36.94728879,2,0.00000000,7,5,71.42857143,68.16625450
nuscenes,scene-0103_007,yaw_deg,-3.00000000,4,Car,13.17164553,12.68654822,0,0.00000000,101,81,80.19801980,71.49621670
nuscenes,scene-0103_007,yaw_deg,-3.00000000,5,Car,21.90092629,20.76418436,2,0.00000000,11,11,100.00000000,73.38016630
nuscenes,scene-0103_007,yaw_deg,-3.00000000,11,Car,36.32391175,35.88106609,0,0.00000000,8,0,0.00000000,68.81058607
nuscenes,scene-0103_007,yaw_deg,-3.00000000,12,Pedestrian,31.38168585,29.75685412,0,0.00000000,5,0,0.00000000,75.38426593
nuscenes,scene-0103_007,yaw_deg,-2.00000000,2,Car,37.76728528,36.94728879,2,0.00000000,7,7,100.00000000,45.57761728
nuscenes,scene-0103_007,yaw_deg,-2.00000000,4,Car,13.17164553,12.68654822,0,0.00000000,101,89,88.11881188,47.85204640
nuscenes,scene-0103_007,yaw_deg,-2.00000000,5,Car,21.90092629,20.76418436,2,0.00000000,11,11,100.00000000,49.18712460
nuscenes,scene-0103_007,yaw_deg,-2.00000000,11,Car,36.32391175,35.88106609,0,0.00000000,8,3,37.50000000,45.71757127
nuscenes,scene-0103_007,yaw_deg,-2.00000000,12,Pedestrian,31.38168585,29.75685412,0,0.00000000,5,0,0.00000000,49.92867869
nuscenes,scene-0103_007,yaw_deg,-1.00000000,2,Car,37.76728528,36.94728879,2,0.00000000,7,7,100.00000000,22.86061443
nuscenes,scene-0103_007,yaw_deg,-1.00000000,4,Car,13.17164553,12.68654822,0,0.00000000,101,99,98.01980198,24.02583636
nuscenes,scene-0103_007,yaw_deg,-1.00000000,5,Car,21.90092629,20.76418436,2,0.00000000,11,11,100.00000000,24.73365562
nuscenes,scene-0103_007,yaw_deg,-1.00000000,11,Car,36.32391175,35.88106609,0,0.00000000,8,6,75.00000000,22.78595581
nuscenes,scene-0103_007,yaw_deg,-1.00000000,12,Pedestrian,31.38168585,29.75685412,0,0.00000000,5,1,20.00000000,24.80786425
nuscenes,scene-0103_007,yaw_deg,-0.50000000,2,Car,37.76728528,36.94728879,2,0.00000000,7,7,100.00000000,11.44922552
nuscenes,scene-0103_007,yaw_deg,-0.50000000,4,Car,13.17164553,12.68654822,0,0.00000000,101,101,100.00000000,12.03899151
nuscenes,scene-0103_007,yaw_deg,-0.50000000,5,Car,21.90092629,20.76418436,2,0.00000000,11,11,100.00000000,12.40311680
nuscenes,scene-0103_007,yaw_deg,-0.50000000,11,Car,36.32391175,35.88106609,0,0.00000000,8,7,87.50000000,11.37573891
nuscenes,scene-0103_007,yaw_deg,-0.50000000,12,Pedestrian,31.38168585,29.75685412,0,0.00000000,5,3,60.00000000,12.36614034
nuscenes,scene-0103_007,yaw_deg,0.00000000,2,Car,37.76728528,36.94728879,2,0.00000000,7,7,100.00000000,0.00000000
nuscenes,scene-0103_007,yaw_deg,0.00000000,4,Car,13.17164553,12.68654822,0,0.00000000,101,101,100.00000000,0.00000000
nuscenes,scene-0103_007,yaw_deg,0.00000000,5,Car,21.90092629,20.76418436,2,0.00000000,11,11,100.00000000,0.00000000
nuscenes,scene-0103_007,yaw_deg,0.00000000,11,Car,36.32391175,35.88106609,0,0.00000000,8,8,100.00000000,0.00000000
nuscenes,scene-0103_007,yaw_deg,0.00000000,12,Pedestrian,31.38168585,29.75685412,0,0.00000000,5,5,100.00000000,0.00000000
nuscenes,scene-0103_007,yaw_deg,0.50000000,2,Car,37.76728528,36.94728879,2,0.00000000,7,7,100.00000000,11.48902619
nuscenes,scene-0103_007,yaw_deg,0.50000000,4,Car,13.17164553,12.68654822,0,0.00000000,101,101,100.00000000,12.09342308
nuscenes,scene-0103_007,yaw_deg,0.50000000,5,Car,21.90092629,20.76418436,2,0.00000000,11,11,100.00000000,12.47829138
nuscenes,scene-0103_007,yaw_deg,0.50000000,11,Car,36.32391175,35.88106609,0,0.00000000,8,8,100.00000000,11.34316971
nuscenes,scene-0103_007,yaw_deg,0.50000000,12,Pedestrian,31.38168585,29.75685412,0,0.00000000,5,5,100.00000000,12.29314124
nuscenes,scene-0103_007,yaw_deg,1.00000000,2,Car,37.76728528,36.94728879,2,0.00000000,7,7,100.00000000,23.01984305
nuscenes,scene-0103_007,yaw_deg,1.00000000,4,Car,13.17164553,12.68654822,0,0.00000000,101,100,99.00990099,24.24360066
nuscenes,scene-0103_007,yaw_deg,1.00000000,5,Car,21.90092629,20.76418436,2,0.00000000,11,10,90.90909091,25.03440900
nuscenes,scene-0103_007,yaw_deg,1.00000000,11,Car,36.32391175,35.88106609,0,0.00000000,8,8,100.00000000,22.65565807
nuscenes,scene-0103_007,yaw_deg,1.00000000,12,Pedestrian,31.38168585,29.75685412,0,0.00000000,5,3,60.00000000,24.51581503
nuscenes,scene-0103_007,yaw_deg,2.00000000,2,Car,37.76728528,36.94728879,2,0.00000000,7,6,85.71428571,46.21494716
nuscenes,scene-0103_007,yaw_deg,2.00000000,4,Car,13.17164553,12.68654822,0,0.00000000,101,96,95.04950495,48.72371270
nuscenes,scene-0103_007,yaw_deg,2.00000000,5,Car,21.90092629,20.76418436,2,0.00000000,11,8,72.72727273,50.39101938
nuscenes,scene-0103_007,yaw_deg,2.00000000,11,Car,36.32391175,35.88106609,0,0.00000000,8,5,62.50000000,45.19604539
nuscenes,scene-0103_007,yaw_deg,2.00000000,12,Pedestrian,31.38168585,29.75685412,0,0.00000000,5,0,0.00000000,48.75963645
nuscenes,scene-0103_007,yaw_deg,3.00000000,2,Car,37.76728528,36.94728879,2,0.00000000,7,6,85.71428571,69.60180695
nuscenes,scene-0103_007,yaw_deg,3.00000000,4,Car,13.17164553,12.68654822,0,0.00000000,101,91,90.09900990,73.45975368
nuscenes,scene-0103_007,yaw_deg,3.00000000,5,Car,21.90092629,20.76418436,2,0.00000000,11,8,72.72727273,76.09224005
nuscenes,scene-0103_007,yaw_deg,3.00000000,11,Car,36.32391175,35.88106609,0,0.00000000,8,2,25.00000000,67.63589500
nuscenes,scene-0103_007,yaw_deg,3.00000000,12,Pedestrian,31.38168585,29.75685412,0,0.00000000,5,0,0.00000000,72.75074538
nuscenes,scene-0103_008,yaw_deg,-3.00000000,2,Car,33.45774006,32.49177456,0,0.00000000,5,3,60.00000000,70.55455056
nuscenes,scene-0103_008,yaw_deg,-3.00000000,4,Car,5.12785540,3.10999802,0,0.99482927,1339,107,7.99103809,94.08314995
nuscenes,scene-0103_008,yaw_deg,-3.00000000,5,Car,17.80717365,16.19554140,0,0.00000000,48,44,91.66666667,80.83437890
nuscenes,scene-0103_008,yaw_deg,-3.00000000,11,Car,31.91325522,31.46798082,0,0.00000000,7,1,14.28571429,69.41673289
nuscenes,scene-0103_008,yaw_deg,-3.00000000,12,Pedestrian,27.79660372,26.09381349,0,0.00000000,5,0,0.00000000,76.97540840
nuscenes,scene-0103_008,yaw_deg,-2.00000000,2,Car,33.45774006,32.49177456,0,0.00000000,5,4,80.00000000,47.23750815
nuscenes,scene-0103_008,yaw_deg,-2.00000000,4,Car,5.12785540,3.10999802,0,0.99482927,1339,97,7.24421210,63.37571883
nuscenes,scene-0103_008,yaw_deg,-2.00000000,5,Car,17.80717365,16.19554140,0,0.00000000,48,44,91.66666667,54.31045168
nuscenes,scene-0103_008,yaw_deg,-2.00000000,11,Car,31.91325522,31.46798082,0,0.00000000,7,3,42.85714286,46.10769571
nuscenes,scene-0103_008,yaw_deg,-2.00000000,12,Pedestrian,27.79660372,26.09381349,0,0.00000000,5,0,0.00000000,50.95729740
nuscenes,scene-0103_008,yaw_deg,-1.00000000,2,Car,33.45774006,32.49177456,0,0.00000000,5,5,100.00000000,23.72507199
nuscenes,scene-0103_008,yaw_deg,-1.00000000,4,Car,5.12785540,3.10999802,0,0.99482927,1339,77,5.75056012,32.02863811
nuscenes,scene-0103_008,yaw_deg,-1.00000000,5,Car,17.80717365,16.19554140,0,0.00000000,48,47,97.91666667,27.37470012
nuscenes,scene-0103_008,yaw_deg,-1.00000000,11,Car,31.91325522,31.46798082,0,0.00000000,7,5,71.42857143,22.97418488
nuscenes,scene-0103_008,yaw_deg,-1.00000000,12,Pedestrian,27.79660372,26.09381349,0,0.00000000,5,1,20.00000000,25.30661162
nuscenes,scene-0103_008,yaw_deg,-0.50000000,2,Car,33.45774006,32.49177456,0,0.00000000,5,5,100.00000000,11.89021505
nuscenes,scene-0103_008,yaw_deg,-0.50000000,4,Car,5.12785540,3.10999802,0,0.99482927,1339,69,5.15309933,16.10223758
nuscenes,scene-0103_008,yaw_deg,-0.50000000,5,Car,17.80717365,16.19554140,0,0.00000000,48,48,100.00000000,13.74396910
nuscenes,scene-0103_008,yaw_deg,-0.50000000,11,Car,31.91325522,31.46798082,0,0.00000000,7,6,85.71428571,11.46817235
nuscenes,scene-0103_008,yaw_deg,-0.50000000,12,Pedestrian,27.79660372,26.09381349,0,0.00000000,5,5,100.00000000,12.61171421
nuscenes,scene-0103_008,yaw_deg,0.00000000,2,Car,33.45774006,32.49177456,0,0.00000000,5,5,100.00000000,0.00000000
nuscenes,scene-0103_008,yaw_deg,0.00000000,4,Car,5.12785540,3.10999802,0,0.99482927,1339,61,4.55563854,0.00000000
nuscenes,scene-0103_008,yaw_deg,0.00000000,5,Car,17.80717365,16.19554140,0,0.00000000,48,48,100.00000000,0.00000000
nuscenes,scene-0103_008,yaw_deg,0.00000000,11,Car,31.91325522,31.46798082,0,0.00000000,7,7,100.00000000,0.00000000
nuscenes,scene-0103_008,yaw_deg,0.00000000,12,Pedestrian,27.79660372,26.09381349,0,0.00000000,5,5,100.00000000,0.00000000
nuscenes,scene-0103_008,yaw_deg,0.50000000,2,Car,33.45774006,32.49177456,0,0.00000000,5,5,100.00000000,11.94781922
nuscenes,scene-0103_008,yaw_deg,0.50000000,4,Car,5.12785540,3.10999802,0,0.99482927,1339,52,3.88349515,16.15925838
nuscenes,scene-0103_008,yaw_deg,0.50000000,5,Car,17.80717365,16.19554140,0,0.00000000,48,48,100.00000000,13.86082531
nuscenes,scene-0103_008,yaw_deg,0.50000000,11,Car,31.91325522,31.46798082,0,0.00000000,7,7,100.00000000,11.43229223
nuscenes,scene-0103_008,yaw_deg,0.50000000,12,Pedestrian,27.79660372,26.09381349,0,0.00000000,5,5,100.00000000,12.53128771
nuscenes,scene-0103_008,yaw_deg,1.00000000,2,Car,33.45774006,32.49177456,0,0.00000000,5,5,100.00000000,23.95552838
nuscenes,scene-0103_008,yaw_deg,1.00000000,4,Car,5.12785540,3.10999802,0,0.99482927,1339,42,3.13666916,32.35128999
nuscenes,scene-0103_008,yaw_deg,1.00000000,5,Car,17.80717365,16.19554140,0,0.00000000,48,48,100.00000000,27.84222366
nuscenes,scene-0103_008,yaw_deg,1.00000000,11,Car,31.91325522,31.46798082,0,0.00000000,7,7,100.00000000,22.83064110
nuscenes,scene-0103_008,yaw_deg,1.00000000,12,Pedestrian,27.79660372,26.09381349,0,0.00000000,5,4,80.00000000,24.98484581
nuscenes,scene-0103_008,yaw_deg,2.00000000,2,Car,33.45774006,32.49177456,0,0.00000000,5,4,80.00000000,48.15996922
nuscenes,scene-0103_008,yaw_deg,2.00000000,4,Car,5.12785540,3.10999802,0,0.99482927,1339,26,1.94174757,64.57418298
nuscenes,scene-0103_008,yaw_deg,2.00000000,5,Car,17.80717365,16.19554140,0,0.00000000,48,43,89.58333333,56.18212651
nuscenes,scene-0103_008,yaw_deg,2.00000000,11,Car,31.91325522,31.46798082,0,0.00000000,7,5,71.42857143,45.53314740
nuscenes,scene-0103_008,yaw_deg,2.00000000,12,Pedestrian,27.79660372,26.09381349,0,0.00000000,5,0,0.00000000,49.66927702
nuscenes,scene-0103_008,yaw_deg,3.00000000,2,Car,33.45774006,32.49177456,0,0.00000000,5,2,40.00000000,72.63247499
nuscenes,scene-0103_008,yaw_deg,3.00000000,4,Car,5.12785540,3.10999802,0,0.99482927,1339,9,0.67214339,96.18481312
nuscenes,scene-0103_008,yaw_deg,3.00000000,5,Car,17.80717365,16.19554140,0,0.00000000,48,38,79.16666667,85.05158703
nuscenes,scene-0103_008,yaw_deg,3.00000000,11,Car,31.91325522,31.46798082,0,0.00000000,7,4,57.14285714,68.12259765
nuscenes,scene-0103_008,yaw_deg,3.00000000,12,Pedestrian,27.79660372,26.09381349,0,0.00000000,5,0,0.00000000,74.07376683
nuscenes,scene-0103_009,yaw_deg,-3.00000000,2,Car,29.16330586,28.13607771,0,0.00000000,10,10,100.00000000,70.23485857
nuscenes,scene-0103_009,yaw_deg,-3.00000000,4,Car,30.16310119,26.54182974,2,0.00000000,7,5,71.42857143,83.03134333
nuscenes,scene-0103_009,yaw_deg,-3.00000000,5,Car,13.90173099,11.67858886,0,0.52880741,102,73,71.56862745,88.01457105
nuscenes,scene-0103_009,yaw_deg,-3.00000000,11,Car,27.47465914,26.98556064,0,0.00000000,19,6,31.57894737,69.89438225
nuscenes,scene-0103_009,yaw_deg,-3.00000000,12,Pedestrian,24.22251070,22.31403881,0,0.00000000,9,0,0.00000000,80.11321438
nuscenes,scene-0103_009,yaw_deg,-2.00000000,2,Car,29.16330586,28.13607771,0,0.00000000,10,10,100.00000000,47.01156529
nuscenes,scene-0103_009,yaw_deg,-2.00000000,4,Car,30.16310119,26.54182974,2,0.00000000,7,5,71.42857143,55.83377487
nuscenes,scene-0103_009,yaw_deg,-2.00000000,5,Car,13.90173099,11.67858886,0,0.52880741,102,69,67.64705882,59.23857113
nuscenes,scene-0103_009,yaw_deg,-2.00000000,11,Car,27.47465914,26.98556064,0,0.00000000,19,12,63.15789474,46.41844962
nuscenes,scene-0103_009,yaw_deg,-2.00000000,12,Pedestrian,24.22251070,22.31403881,0,0.00000000,9,0,0.00000000,52.98511362
nuscenes,scene-0103_009,yaw_deg,-1.00000000,2,Car,29.16330586,28.13607771,0,0.00000000,10,10,100.00000000,23.60558210
nuscenes,scene-0103_009,yaw_deg,-1.00000000,4,Car,30.16310119,26.54182974,2,0.00000000,7,7,100.00000000,28.16662370
nuscenes,scene-0103_009,yaw_deg,-1.00000000,5,Car,13.90173099,11.67858886,0,0.52880741,102,66,64.70588235,29.91212369
nuscenes,scene-0103_009,yaw_deg,-1.00000000,11,Car,27.47465914,26.98556064,0,0.00000000,19,17,89.47368421,23.12583419
nuscenes,scene-0103_009,yaw_deg,-1.00000000,12,Pedestrian,24.22251070,22.31403881,0,0.00000000,9,5,55.55555556,26.28955868
nuscenes,scene-0103_009,yaw_deg,-0.50000000,2,Car,29.16330586,28.13607771,0,0.00000000,10,10,100.00000000,11.82881816
nuscenes,scene-0103_009,yaw_deg,-0.50000000,4,Car,30.16310119,26.54182974,2,0.00000000,7,7,100.00000000,14.14767940
nuscenes,scene-0103_009,yaw_deg,-0.50000000,5,Car,13.90173099,11.67858886,0,0.52880741,102,62,60.78431373,15.03155585
nuscenes,scene-0103_009,yaw_deg,-0.50000000,11,Car,27.47465914,26.98556064,0,0.00000000,19,19,100.00000000,11.54308513
nuscenes,scene-0103_009,yaw_deg,-0.50000000,12,Pedestrian,24.22251070,22.31403881,0,0.00000000,9,8,88.88888889,13.09563716
nuscenes,scene-0103_009,yaw_deg,0.00000000,2,Car,29.16330586,28.13607771,0,0.00000000,10,10,100.00000000,0.00000000
nuscenes,scene-0103_009,yaw_deg,0.00000000,4,Car,30.16310119,26.54182974,2,0.00000000,7,7,100.00000000,0.00000000
nuscenes,scene-0103_009,yaw_deg,0.00000000,5,Car,13.90173099,11.67858886,0,0.52880741,102,58,56.86274510,0.00000000
nuscenes,scene-0103_009,yaw_deg,0.00000000,11,Car,27.47465914,26.98556064,0,0.00000000,19,19,100.00000000,0.00000000
nuscenes,scene-0103_009,yaw_deg,0.00000000,12,Pedestrian,24.22251070,22.31403881,0,0.00000000,9,9,100.00000000,0.00000000
nuscenes,scene-0103_009,yaw_deg,0.50000000,2,Car,29.16330586,28.13607771,0,0.00000000,10,10,100.00000000,11.88307065
nuscenes,scene-0103_009,yaw_deg,0.50000000,4,Car,30.16310119,26.54182974,2,0.00000000,7,7,100.00000000,14.28042022
nuscenes,scene-0103_009,yaw_deg,0.50000000,5,Car,13.90173099,11.67858886,0,0.52880741,102,53,51.96078431,15.08698248
nuscenes,scene-0103_009,yaw_deg,0.50000000,11,Car,27.47465914,26.98556064,0,0.00000000,19,19,100.00000000,11.50541955
nuscenes,scene-0103_009,yaw_deg,0.50000000,12,Pedestrian,24.22251070,22.31403881,0,0.00000000,9,9,100.00000000,13.00046955
nuscenes,scene-0103_009,yaw_deg,1.00000000,2,Car,29.16330586,28.13607771,0,0.00000000,10,10,100.00000000,23.82262915
nuscenes,scene-0103_009,yaw_deg,1.00000000,4,Car,30.16310119,26.54182974,2,0.00000000,7,7,100.00000000,28.69770391
nuscenes,scene-0103_009,yaw_deg,1.00000000,5,Car,13.90173099,11.67858886,0,0.52880741,102,49,48.03921569,30.17472757
nuscenes,scene-0103_009,yaw_deg,1.00000000,11,Car,27.47465914,26.98556064,0,0.00000000,19,18,94.73684211,22.97514720
nuscenes,scene-0103_009,yaw_deg,1.00000000,12,Pedestrian,24.22251070,22.31403881,0,0.00000000,9,7,77.77777778,25.90881378
nuscenes,scene-0103_009,yaw_deg,2.00000000,2,Car,29.16330586,28.13607771,0,0.00000000,10,9,90.00000000,47.88034727
nuscenes,scene-0103_009,yaw_deg,2.00000000,4,Car,30.16310119,26.54182974,2,0.00000000,7,6,85.71428571,57.95996804
nuscenes,scene-0103_009,yaw_deg,2.00000000,5,Car,13.90173099,11.67858886,0,0.52880741,102,40,39.21568627,59.70161050
nuscenes,scene-0103_009,yaw_deg,2.00000000,11,Car,27.47465914,26.98556064,0,0.00000000,19,16,84.21052632,45.81530657
nuscenes,scene-0103_009,yaw_deg,2.00000000,12,Pedestrian,24.22251070,22.31403881,0,0.00000000,9,0,0.00000000,51.46094162
nuscenes,scene-0103_009,yaw_deg,3.00000000,2,Car,29.16330586,28.13607771,0,0.00000000,10,9,90.00000000,72.19184837
nuscenes,scene-0103_009,yaw_deg,3.00000000,4,Car,30.16310119,26.54182974,2,0.00000000,7,6,85.71428571,87.29308803
nuscenes,scene-0103_009,yaw_deg,3.00000000,5,Car,13.90173099,11.67858886,0,0.52880741,102,30,29.41176471,89.21333800
nuscenes,scene-0103_009,yaw_deg,3.00000000,11,Car,27.47465914,26.98556064,0,0.00000000,19,11,57.89473684,68.53582660
nuscenes,scene-0103_009,yaw_deg,3.00000000,12,Pedestrian,24.22251070,22.31403881,0,0.00000000,9,0,0.00000000,76.67934745
nuscenes,scene-0103_010,yaw_deg,-3.00000000,0,Car,41.57126049,41.49445758,0,0.00000000,7,0,0.00000000,66.71341855
nuscenes,scene-0103_010,yaw_deg,-3.00000000,1,Car,24.96941318,23.88510654,0,0.00000000,38,35,92.10526316,71.65761861
nuscenes,scene-0103_010,yaw_deg,-3.00000000,3,Car,26.51550140,22.17836335,0,0.48214115,24,18,75.00000000,88.92123620
nuscenes,scene-0103_010,yaw_deg,-3.00000000,4,Car,10.57438629,7.37237803,0,0.99159728,255,4,1.56862745,
nuscenes,scene-0103_010,yaw_deg,-3.00000000,8,bicycle_rack,55.74976479,55.25926225,2,0.00000000,5,0,0.00000000,67.03845117
nuscenes,scene-0103_010,yaw_deg,-3.00000000,9,Car,23.11394214,22.55754648,0,0.00000000,25,12,48.00000000,71.58460748
nuscenes,scene-0103_010,yaw_deg,-3.00000000,10,Pedestrian,20.77437906,18.54873949,0,0.00000000,9,0,0.00000000,85.88862985
nuscenes,scene-0103_010,yaw_deg,-2.00000000,0,Car,41.57126049,41.49445758,0,0.00000000,7,2,28.57142857,44.41476894
nuscenes,scene-0103_010,yaw_deg,-2.00000000,1,Car,24.96941318,23.88510654,0,0.00000000,38,38,100.00000000,47.99475319
nuscenes,scene-0103_010,yaw_deg,-2.00000000,3,Car,26.51550140,22.17836335,0,0.48214115,24,18,75.00000000,59.87555317
nuscenes,scene-0103_010,yaw_deg,-2.00000000,4,Car,10.57438629,7.37237803,0,0.99159728,255,3,1.17647059,
nuscenes,scene-0103_010,yaw_deg,-2.00000000,8,bicycle_rack,55.74976479,55.25926225,2,0.00000000,5,3,60.00000000,44.77927097
nuscenes,scene-0103_010,yaw_deg,-2.00000000,9,Car,23.11394214,22.55754648,0,0.00000000,25,18,72.00000000,47.50021356
nuscenes,scene-0103_010,yaw_deg,-2.00000000,10,Pedestrian,20.77437906,18.54873949,0,0.00000000,9,2,22.22222222,56.71667107
nuscenes,scene-0103_010,yaw_deg,-1.00000000,0,Car,41.57126049,41.49445758,0,0.00000000,7,5,71.42857143,22.18162299
nuscenes,scene-0103_010,yaw_deg,-1.00000000,1,Car,24.96941318,23.88510654,0,0.00000000,38,38,100.00000000,24.11492591
nuscenes,scene-0103_010,yaw_deg,-1.00000000,3,Car,26.51550140,22.17836335,0,0.48214115,24,18,75.00000000,30.24739352
nuscenes,scene-0103_010,yaw_deg,-1.00000000,4,Car,10.57438629,7.37237803,0,0.99159728,255,1,0.39215686,
nuscenes,scene-0103_010,yaw_deg,-1.00000000,8,bicycle_rack,55.74976479,55.25926225,2,0.00000000,5,5,100.00000000,22.43788758
nuscenes,scene-0103_010,yaw_deg,-1.00000000,9,Car,23.11394214,22.55754648,0,0.00000000,25,24,96.00000000,23.64468044
nuscenes,scene-0103_010,yaw_deg,-1.00000000,10,Pedestrian,20.77437906,18.54873949,0,0.00000000,9,8,88.88888889,28.09813597
nuscenes,scene-0103_010,yaw_deg,-0.50000000,0,Car,41.57126049,41.49445758,0,0.00000000,7,7,100.00000000,11.08523951
nuscenes,scene-0103_010,yaw_deg,-0.50000000,1,Car,24.96941318,23.88510654,0,0.00000000,38,38,100.00000000,12.08800866
nuscenes,scene-0103_010,yaw_deg,-0.50000000,3,Car,26.51550140,22.17836335,0,0.48214115,24,17,70.83333333,15.20348719
nuscenes,scene-0103_010,yaw_deg,-0.50000000,4,Car,10.57438629,7.37237803,0,0.99159728,255,0,0.00000000,
nuscenes,scene-0103_010,yaw_deg,-0.50000000,8,bicycle_rack,55.74976479,55.25926225,2,0.00000000,5,5,100.00000000,11.23190967
nuscenes,scene-0103_010,yaw_deg,-0.50000000,9,Car,23.11394214,22.55754648,0,0.00000000,25,25,100.00000000,11.79708594
nuscenes,scene-0103_010,yaw_deg,-0.50000000,10,Pedestrian,20.77437906,18.54873949,0,0.00000000,9,9,100.00000000,13.98600895
nuscenes,scene-0103_010,yaw_deg,0.00000000,0,Car,41.57126049,41.49445758,0,0.00000000,7,7,100.00000000,0.00000000
nuscenes,scene-0103_010,yaw_deg,0.00000000,1,Car,24.96941318,23.88510654,0,0.00000000,38,38,100.00000000,0.00000000
nuscenes,scene-0103_010,yaw_deg,0.00000000,3,Car,26.51550140,22.17836335,0,0.48214115,24,15,62.50000000,0.00000000
nuscenes,scene-0103_010,yaw_deg,0.00000000,4,Car,10.57438629,7.37237803,0,0.99159728,255,0,0.00000000,
nuscenes,scene-0103_010,yaw_deg,0.00000000,8,bicycle_rack,55.74976479,55.25926225,2,0.00000000,5,5,100.00000000,0.00000000
nuscenes,scene-0103_010,yaw_deg,0.00000000,9,Car,23.11394214,22.55754648,0,0.00000000,25,25,100.00000000,0.00000000
nuscenes,scene-0103_010,yaw_deg,0.00000000,10,Pedestrian,20.77437906,18.54873949,0,0.00000000,9,9,100.00000000,0.00000000
nuscenes,scene-0103_010,yaw_deg,0.50000000,0,Car,41.57126049,41.49445758,0,0.00000000,7,6,85.71428571,11.07582338
nuscenes,scene-0103_010,yaw_deg,0.50000000,1,Car,24.96941318,23.88510654,0,0.00000000,38,38,100.00000000,12.15146979
nuscenes,scene-0103_010,yaw_deg,0.50000000,3,Car,26.51550140,22.17836335,0,0.48214115,24,14,58.33333333,15.31331434
nuscenes,scene-0103_010,yaw_deg,0.50000000,4,Car,10.57438629,7.37237803,0,0.99159728,255,0,0.00000000,
nuscenes,scene-0103_010,yaw_deg,0.50000000,8,bicycle_rack,55.74976479,55.25926225,2,0.00000000,5,5,100.00000000,11.25966730
nuscenes,scene-0103_010,yaw_deg,0.50000000,9,Car,23.11394214,22.55754648,0,0.00000000,25,25,100.00000000,11.74873861
nuscenes,scene-0103_010,yaw_deg,0.50000000,10,Pedestrian,20.77437906,18.54873949,0,0.00000000,9,8,88.88888889,13.86373487
nuscenes,scene-0103_010,yaw_deg,1.00000000,0,Car,41.57126049,41.49445758,0,0.00000000,7,4,57.14285714,22.14395267
nuscenes,scene-0103_010,yaw_deg,1.00000000,1,Car,24.96941318,23.88510654,0,0.00000000,38,38,100.00000000,24.36881520
nuscenes,scene-0103_010,yaw_deg,1.00000000,3,Car,26.51550140,22.17836335,0,0.48214115,24,12,50.00000000,30.56479594
nuscenes,scene-0103_010,yaw_deg,1.00000000,4,Car,10.57438629,7.37237803,0,0.99159728,255,0,0.00000000,
nuscenes,scene-0103_010,yaw_deg,1.00000000,8,bicycle_rack,55.74976479,55.25926225,2,0.00000000,5,5,100.00000000,22.54893568
nuscenes,scene-0103_010,yaw_deg,1.00000000,9,Car,23.11394214,22.55754648,0,0.00000000,25,24,96.00000000,23.45125847
nuscenes,scene-0103_010,yaw_deg,1.00000000,10,Pedestrian,20.77437906,18.54873949,0,0.00000000,9,7,77.77777778,27.60893502
nuscenes,scene-0103_010,yaw_deg,2.00000000,0,Car,41.57126049,41.49445758,0,0.00000000,7,1,14.28571429,44.26399431
nuscenes,scene-0103_010,yaw_deg,2.00000000,1,Car,24.96941318,23.88510654,0,0.00000000,38,37,97.36842105,49.01102690
nuscenes,scene-0103_010,yaw_deg,2.00000000,3,Car,26.51550140,22.17836335,0,0.48214115,24,7,29.16666667,60.69850305
nuscenes,scene-0103_010,yaw_deg,2.00000000,4,Car,10.57438629,7.37237803,0,0.99159728,255,0,0.00000000,
nuscenes,scene-0103_010,yaw_deg,2.00000000,8,bicycle_rack,55.74976479,55.25926225,2,0.00000000,5,2,40.00000000,45.22374486
nuscenes,scene-0103_010,yaw_deg,2.00000000,9,Car,23.11394214,22.55754648,0,0.00000000,25,22,88.00000000,46.72600249
nuscenes,scene-0103_010,yaw_deg,2.00000000,10,Pedestrian,20.77437906,18.54873949,0,0.00000000,9,1,11.11111111,54.75819168
nuscenes,scene-0103_010,yaw_deg,3.00000000,0,Car,41.57126049,41.49445758,0,0.00000000,7,0,0.00000000,66.37382510
nuscenes,scene-0103_010,yaw_deg,3.00000000,1,Car,24.96941318,23.88510654,0,0.00000000,38,34,89.47368421,73.94692600
nuscenes,scene-0103_010,yaw_deg,3.00000000,3,Car,26.51550140,22.17836335,0,0.48214115,24,4,16.66666667,91.10973369
nuscenes,scene-0103_010,yaw_deg,3.00000000,4,Car,10.57438629,7.37237803,0,0.99159728,255,0,0.00000000,
nuscenes,scene-0103_010,yaw_deg,3.00000000,8,bicycle_rack,55.74976479,55.25926225,2,0.00000000,5,0,0.00000000,68.03957447
nuscenes,scene-0103_010,yaw_deg,3.00000000,9,Car,23.11394214,22.55754648,0,0.00000000,25,19,76.00000000,69.84066762
nuscenes,scene-0103_010,yaw_deg,3.00000000,10,Pedestrian,20.77437906,18.54873949,0,0.00000000,9,0,0.00000000,81.47575460
nuscenes,scene-0103_011,yaw_deg,-3.00000000,1,Car,21.22255419,20.06228013,0,0.00000000,45,40,88.88888889,73.12695651
nuscenes,scene-0103_011,yaw_deg,-3.00000000,3,Car,23.31509863,18.29823777,0,0.91053650,40,6,15.00000000,91.23865696
nuscenes,scene-0103_011,yaw_deg,-3.00000000,8,Car,19.29802253,18.66238762,0,0.00000000,34,22,64.70588235,73.78019128
nuscenes,scene-0103_011,yaw_deg,-3.00000000,9,Pedestrian,17.86255905,15.26727872,0,0.34841712,13,0,0.00000000,
nuscenes,scene-0103_011,yaw_deg,-2.00000000,1,Car,21.22255419,20.06228013,0,0.00000000,45,45,100.00000000,49.00353303
nuscenes,scene-0103_011,yaw_deg,-2.00000000,3,Car,23.31509863,18.29823777,0,0.91053650,40,3,7.50000000,61.46324979
nuscenes,scene-0103_011,yaw_deg,-2.00000000,8,Car,19.29802253,18.66238762,0,0.00000000,34,27,79.41176471,48.91993114
nuscenes,scene-0103_011,yaw_deg,-2.00000000,9,Pedestrian,17.86255905,15.26727872,0,0.34841712,13,0,0.00000000,
nuscenes,scene-0103_011,yaw_deg,-1.00000000,1,Car,21.22255419,20.06228013,0,0.00000000,45,45,100.00000000,24.63433872
nuscenes,scene-0103_011,yaw_deg,-1.00000000,3,Car,23.31509863,18.29823777,0,0.91053650,40,1,2.50000000,31.06354716
nuscenes,scene-0103_011,yaw_deg,-1.00000000,8,Car,19.29802253,18.66238762,0,0.00000000,34,33,97.05882353,24.33315384
nuscenes,scene-0103_011,yaw_deg,-1.00000000,9,Pedestrian,17.86255905,15.26727872,0,0.34841712,13,4,30.76923077,30.36732695
nuscenes,scene-0103_011,yaw_deg,-0.50000000,1,Car,21.22255419,20.06228013,0,0.00000000,45,45,100.00000000,12.35155211
nuscenes,scene-0103_011,yaw_deg,-0.50000000,3,Car,23.31509863,18.29823777,0,0.91053650,40,1,2.50000000,15.61732447
nuscenes,scene-0103_011,yaw_deg,-0.50000000,8,Car,19.29802253,18.66238762,0,0.00000000,34,34,100.00000000,12.13608616
nuscenes,scene-0103_011,yaw_deg,-0.50000000,9,Pedestrian,17.86255905,15.26727872,0,0.34841712,13,8,61.53846154,15.15688419
nuscenes,scene-0103_011,yaw_deg,0.00000000,1,Car,21.22255419,20.06228013,0,0.00000000,45,45,100.00000000,0.00000000
nuscenes,scene-0103_011,yaw_deg,0.00000000,3,Car,23.31509863,18.29823777,0,0.91053650,40,1,2.50000000,0.00000000
nuscenes,scene-0103_011,yaw_deg,0.00000000,8,Car,19.29802253,18.66238762,0,0.00000000,34,34,100.00000000,0.00000000
nuscenes,scene-0103_011,yaw_deg,0.00000000,9,Pedestrian,17.86255905,15.26727872,0,0.34841712,13,12,92.30769231,0.00000000
nuscenes,scene-0103_011,yaw_deg,0.50000000,1,Car,21.22255419,20.06228013,0,0.00000000,45,45,100.00000000,12.42285843
nuscenes,scene-0103_011,yaw_deg,0.50000000,3,Car,23.31509863,18.29823777,0,0.91053650,40,1,2.50000000,15.79377666
nuscenes,scene-0103_011,yaw_deg,0.50000000,8,Car,19.29802253,18.66238762,0,0.00000000,34,34,100.00000000,12.07747457
nuscenes,scene-0103_011,yaw_deg,0.50000000,9,Pedestrian,17.86255905,15.26727872,0,0.34841712,13,13,100.00000000,15.09681858
nuscenes,scene-0103_011,yaw_deg,1.00000000,1,Car,21.22255419,20.06228013,0,0.00000000,45,45,100.00000000,24.91961584
nuscenes,scene-0103_011,yaw_deg,1.00000000,3,Car,23.31509863,18.29823777,0,0.91053650,40,0,0.00000000,
nuscenes,scene-0103_011,yaw_deg,1.00000000,8,Car,19.29802253,18.66238762,0,0.00000000,34,34,100.00000000,24.09866628
nuscenes,scene-0103_011,yaw_deg,1.00000000,9,Pedestrian,17.86255905,15.26727872,0,0.34841712,13,9,69.23076923,30.03886720
nuscenes,scene-0103_011,yaw_deg,2.00000000,1,Car,21.22255419,20.06228013,0,0.00000000,45,45,100.00000000,50.14547145
nuscenes,scene-0103_011,yaw_deg,2.00000000,3,Car,23.31509863,18.29823777,0,0.91053650,40,0,0.00000000,
nuscenes,scene-0103_011,yaw_deg,2.00000000,8,Car,19.29802253,18.66238762,0,0.00000000,34,30,88.23529412,47.98132158
nuscenes,scene-0103_011,yaw_deg,2.00000000,9,Pedestrian,17.86255905,15.26727872,0,0.34841712,13,2,15.38461538,59.47726112
nuscenes,scene-0103_011,yaw_deg,3.00000000,1,Car,21.22255419,20.06228013,0,0.00000000,45,42,93.33333333,75.69943552
nuscenes,scene-0103_011,yaw_deg,3.00000000,3,Car,23.31509863,18.29823777,0,0.91053650,40,0,0.00000000,
nuscenes,scene-0103_011,yaw_deg,3.00000000,8,Car,19.29802253,18.66238762,0,0.00000000,34,24,70.58823529,71.66584330
nuscenes,scene-0103_011,yaw_deg,3.00000000,9,Pedestrian,17.86255905,15.26727872,0,0.34841712,13,0,0.00000000,88.35102990
nuscenes,scene-0103_012,yaw_deg,-3.00000000,0,Car,18.19678310,16.90157155,0,0.00000000,47,38,80.85106383,75.65003070
nuscenes,scene-0103_012,yaw_deg,-3.00000000,7,Car,16.15206496,15.40602112,0,0.00000000,61,49,80.32786885,75.67377732
nuscenes,scene-0103_012,yaw_deg,-3.00000000,10,Car,27.07337541,26.78868288,0,0.00000000,11,4,36.36363636,67.92501917
nuscenes,scene-0103_012,yaw_deg,-3.00000000,12,Pedestrian,23.26526271,21.53782891,0,0.00000000,6,0,0.00000000,80.40359522
nuscenes,scene-0103_012,yaw_deg,-2.00000000,0,Car,18.19678310,16.90157155,0,0.00000000,47,43,91.48936170,50.73628370
nuscenes,scene-0103_012,yaw_deg,-2.00000000,7,Car,16.15206496,15.40602112,0,0.00000000,61,55,90.16393443,50.14159110
nuscenes,scene-0103_012,yaw_deg,-2.00000000,10,Car,27.07337541,26.78868288,0,0.00000000,11,7,63.63636364,45.36952057
nuscenes,scene-0103_012,yaw_deg,-2.00000000,12,Pedestrian,23.26526271,21.53782891,0,0.00000000,6,0,0.00000000,53.17666653
nuscenes,scene-0103_012,yaw_deg,-1.00000000,0,Car,18.19678310,16.90157155,0,0.00000000,47,47,100.00000000,25.52682096
nuscenes,scene-0103_012,yaw_deg,-1.00000000,7,Car,16.15206496,15.40602112,0,0.00000000,61,61,100.00000000,24.92268338
nuscenes,scene-0103_012,yaw_deg,-1.00000000,10,Car,27.07337541,26.78868288,0,0.00000000,11,11,100.00000000,22.73276534
nuscenes,scene-0103_012,yaw_deg,-1.00000000,12,Pedestrian,23.26526271,21.53782891,0,0.00000000,6,2,33.33333333,26.38439155
nuscenes,scene-0103_012,yaw_deg,-0.50000000,0,Car,18.19678310,16.90157155,0,0.00000000,47,47,100.00000000,12.80446918
nuscenes,scene-0103_012,yaw_deg,-0.50000000,7,Car,16.15206496,15.40602112,0,0.00000000,61,61,100.00000000,12.42563323
nuscenes,scene-0103_012,yaw_deg,-0.50000000,10,Car,27.07337541,26.78868288,0,0.00000000,11,11,100.00000000,11.37931516
nuscenes,scene-0103_012,yaw_deg,-0.50000000,12,Pedestrian,23.26526271,21.53782891,0,0.00000000,6,3,50.00000000,13.14283101
nuscenes,scene-0103_012,yaw_deg,0.00000000,0,Car,18.19678310,16.90157155,0,0.00000000,47,47,100.00000000,0.00000000
nuscenes,scene-0103_012,yaw_deg,0.00000000,7,Car,16.15206496,15.40602112,0,0.00000000,61,61,100.00000000,0.00000000
nuscenes,scene-0103_012,yaw_deg,0.00000000,10,Car,27.07337541,26.78868288,0,0.00000000,11,11,100.00000000,0.00000000
nuscenes,scene-0103_012,yaw_deg,0.00000000,12,Pedestrian,23.26526271,21.53782891,0,0.00000000,6,6,100.00000000,0.00000000
nuscenes,scene-0103_012,yaw_deg,0.50000000,0,Car,18.19678310,16.90157155,0,0.00000000,47,47,100.00000000,12.88944148
nuscenes,scene-0103_012,yaw_deg,0.50000000,7,Car,16.15206496,15.40602112,0,0.00000000,61,61,100.00000000,12.35678957
nuscenes,scene-0103_012,yaw_deg,0.50000000,10,Car,27.07337541,26.78868288,0,0.00000000,11,11,100.00000000,11.40706304
nuscenes,scene-0103_012,yaw_deg,0.50000000,12,Pedestrian,23.26526271,21.53782891,0,0.00000000,6,6,100.00000000,13.04724396
nuscenes,scene-0103_012,yaw_deg,1.00000000,0,Car,18.19678310,16.90157155,0,0.00000000,47,47,100.00000000,25.86677512
nuscenes,scene-0103_012,yaw_deg,1.00000000,7,Car,16.15206496,15.40602112,0,0.00000000,61,60,98.36065574,24.64725875
nuscenes,scene-0103_012,yaw_deg,1.00000000,10,Car,27.07337541,26.78868288,0,0.00000000,11,9,81.81818182,22.84377472
nuscenes,scene-0103_012,yaw_deg,1.00000000,12,Pedestrian,23.26526271,21.53782891,0,0.00000000,6,6,100.00000000,26.00196821
nuscenes,scene-0103_012,yaw_deg,2.00000000,0,Car,18.19678310,16.90157155,0,0.00000000,47,47,100.00000000,52.09714035
nuscenes,scene-0103_012,yaw_deg,2.00000000,7,Car,16.15206496,15.40602112,0,0.00000000,61,54,88.52459016,49.03909217
nuscenes,scene-0103_012,yaw_deg,2.00000000,10,Car,27.07337541,26.78868288,0,0.00000000,11,8,72.72727273,45.81384416
nuscenes,scene-0103_012,yaw_deg,2.00000000,12,Pedestrian,23.26526271,21.53782891,0,0.00000000,6,0,0.00000000,51.64577002
nuscenes,scene-0103_012,yaw_deg,3.00000000,0,Car,18.19678310,16.90157155,0,0.00000000,47,45,95.74468085,78.71586541
nuscenes,scene-0103_012,yaw_deg,3.00000000,7,Car,16.15206496,15.40602112,0,0.00000000,61,48,78.68852459,73.19476864
nuscenes,scene-0103_012,yaw_deg,3.00000000,10,Car,27.07337541,26.78868288,0,0.00000000,11,5,45.45454545,68.92582171
nuscenes,scene-0103_012,yaw_deg,3.00000000,12,Pedestrian,23.26526271,21.53782891,0,0.00000000,6,0,0.00000000,76.95455774
nuscenes,scene-0103_013,yaw_deg,-3.00000000,1,Car,16.29598737,14.93434078,0,0.00000000,71,69,97.18309859,77.64574462
nuscenes,scene-0103_013,yaw_deg,-3.00000000,8,Car,14.16650918,13.33219418,0,0.00000000,89,73,82.02247191,79.93043394
nuscenes,scene-0103_013,yaw_deg,-3.00000000,12,Car,24.99052988,24.66234666,0,0.00000000,16,9,56.25000000,68.40584158
nuscenes,scene-0103_013,yaw_deg,-3.00000000,14,Pedestrian,20.67939421,18.75125268,0,0.00000000,6,0,0.00000000,84.04886960
nuscenes,scene-0103_013,yaw_deg,-2.00000000,1,Car,16.29598737,14.93434078,0,0.00000000,71,71,100.00000000,52.10373905
nuscenes,scene-0103_013,yaw_deg,-2.00000000,8,Car,14.16650918,13.33219418,0,0.00000000,89,82,92.13483146,52.89784085
nuscenes,scene-0103_013,yaw_deg,-2.00000000,12,Car,24.99052988,24.66234666,0,0.00000000,16,11,68.75000000,45.70345832
nuscenes,scene-0103_013,yaw_deg,-2.00000000,14,Pedestrian,20.67939421,18.75125268,0,0.00000000,6,0,0.00000000,55.53396707
nuscenes,scene-0103_013,yaw_deg,-1.00000000,1,Car,16.29598737,14.93434078,0,0.00000000,71,71,100.00000000,26.22965437
nuscenes,scene-0103_013,yaw_deg,-1.00000000,8,Car,14.16650918,13.33219418,0,0.00000000,89,89,100.00000000,26.26291810
nuscenes,scene-0103_013,yaw_deg,-1.00000000,12,Car,24.99052988,24.66234666,0,0.00000000,16,15,93.75000000,22.90654152
nuscenes,scene-0103_013,yaw_deg,-1.00000000,14,Pedestrian,20.67939421,18.75125268,0,0.00000000,6,3,50.00000000,27.52792048
nuscenes,scene-0103_013,yaw_deg,-0.50000000,1,Car,16.29598737,14.93434078,0,0.00000000,71,71,100.00000000,13.16078369
nuscenes,scene-0103_013,yaw_deg,-0.50000000,8,Car,14.16650918,13.33219418,0,0.00000000,89,89,100.00000000,13.08651521
nuscenes,scene-0103_013,yaw_deg,-0.50000000,12,Car,24.99052988,24.66234666,0,0.00000000,16,15,93.75000000,11.46811846
nuscenes,scene-0103_013,yaw_deg,-0.50000000,14,Pedestrian,20.67939421,18.75125268,0,0.00000000,6,5,83.33333333,13.70604982
nuscenes,scene-0103_013,yaw_deg,0.00000000,1,Car,16.29598737,14.93434078,0,0.00000000,71,71,100.00000000,0.00000000
nuscenes,scene-0103_013,yaw_deg,0.00000000,8,Car,14.16650918,13.33219418,0,0.00000000,89,89,100.00000000,0.00000000
nuscenes,scene-0103_013,yaw_deg,0.00000000,12,Car,24.99052988,24.66234666,0,0.00000000,16,16,100.00000000,0.00000000
nuscenes,scene-0103_013,yaw_deg,0.00000000,14,Pedestrian,20.67939421,18.75125268,0,0.00000000,6,6,100.00000000,0.00000000
nuscenes,scene-0103_013,yaw_deg,0.50000000,1,Car,16.29598737,14.93434078,0,0.00000000,71,71,100.00000000,13.25580682
nuscenes,scene-0103_013,yaw_deg,0.50000000,8,Car,14.16650918,13.33219418,0,0.00000000,89,89,100.00000000,12.99965187
nuscenes,scene-0103_013,yaw_deg,0.50000000,12,Car,24.99052988,24.66234666,0,0.00000000,16,16,100.00000000,11.50049644
nuscenes,scene-0103_013,yaw_deg,0.50000000,14,Pedestrian,20.67939421,18.75125268,0,0.00000000,6,6,100.00000000,13.59381679
nuscenes,scene-0103_013,yaw_deg,1.00000000,1,Car,16.29598737,14.93434078,0,0.00000000,71,71,100.00000000,26.60982228
nuscenes,scene-0103_013,yaw_deg,1.00000000,8,Car,14.16650918,13.33219418,0,0.00000000,89,89,100.00000000,25.91539713
nuscenes,scene-0103_013,yaw_deg,1.00000000,12,Car,24.99052988,24.66234666,0,0.00000000,16,15,93.75000000,23.03532791
nuscenes,scene-0103_013,yaw_deg,1.00000000,14,Pedestrian,20.67939421,18.75125268,0,0.00000000,6,6,100.00000000,27.07889500
nuscenes,scene-0103_013,yaw_deg,2.00000000,1,Car,16.29598737,14.93434078,0,0.00000000,71,70,98.59154930,53.62561837
nuscenes,scene-0103_013,yaw_deg,2.00000000,8,Car,14.16650918,13.33219418,0,0.00000000,89,85,95.50561798,51.50667370
nuscenes,scene-0103_013,yaw_deg,2.00000000,12,Car,24.99052988,24.66234666,0,0.00000000,16,12,75.00000000,46.21593796
nuscenes,scene-0103_013,yaw_deg,2.00000000,14,Pedestrian,20.67939421,18.75125268,0,0.00000000,6,1,16.66666667,53.73636993
nuscenes,scene-0103_013,yaw_deg,3.00000000,1,Car,16.29598737,14.93434078,0,0.00000000,71,68,95.77464789,81.00001143
nuscenes,scene-0103_013,yaw_deg,3.00000000,8,Car,14.16650918,13.33219418,0,0.00000000,89,79,88.76404494,76.79623805
nuscenes,scene-0103_013,yaw_deg,3.00000000,12,Car,24.99052988,24.66234666,0,0.00000000,16,8,50.00000000,69.55796137
nuscenes,scene-0103_013,yaw_deg,3.00000000,14,Pedestrian,20.67939421,18.75125268,0,0.00000000,6,0,0.00000000,79.99865767
nuscenes,scene-0103_014,yaw_deg,-3.00000000,1,Car,14.43865297,13.25327768,0,0.00000000,130,129,99.23076923,80.13765863
nuscenes,scene-0103_014,yaw_deg,-3.00000000,9,Car,12.26670691,11.30921700,0,0.00000000,131,118,90.07633588,83.58638872
nuscenes,scene-0103_014,yaw_deg,-3.00000000,13,Car,22.97155191,22.60395926,0,0.00000000,26,17,65.38461538,69.35547629
nuscenes,scene-0103_014,yaw_deg,-3.00000000,15,Pedestrian,18.21068563,16.00896110,1,0.00000000,5,0,0.00000000,89.46443612
nuscenes,scene-0103_014,yaw_deg,-2.00000000,1,Car,14.43865297,13.25327768,0,0.00000000,130,130,100.00000000,53.81421158
nuscenes,scene-0103_014,yaw_deg,-2.00000000,9,Car,12.26670691,11.30921700,0,0.00000000,131,128,97.70992366,55.89151986
nuscenes,scene-0103_014,yaw_deg,-2.00000000,13,Car,22.97155191,22.60395926,0,0.00000000,26,22,84.61538462,46.36394149
nuscenes,scene-0103_014,yaw_deg,-2.00000000,15,Pedestrian,18.21068563,16.00896110,1,0.00000000,5,1,20.00000000,59.03570908
nuscenes,scene-0103_014,yaw_deg,-1.00000000,1,Car,14.43865297,13.25327768,0,0.00000000,130,130,100.00000000,27.11031782
nuscenes,scene-0103_014,yaw_deg,-1.00000000,9,Car,12.26670691,11.30921700,0,0.00000000,131,131,100.00000000,27.77246425
nuscenes,scene-0103_014,yaw_deg,-1.00000000,13,Car,22.97155191,22.60395926,0,0.00000000,26,25,96.15384615,23.25071686
nuscenes,scene-0103_014,yaw_deg,-1.00000000,15,Pedestrian,18.21068563,16.00896110,1,0.00000000,5,5,100.00000000,29.22659704
nuscenes,scene-0103_014,yaw_deg,-0.50000000,1,Car,14.43865297,13.25327768,0,0.00000000,130,130,100.00000000,13.60763584
nuscenes,scene-0103_014,yaw_deg,-0.50000000,9,Car,12.26670691,11.30921700,0,0.00000000,131,131,100.00000000,13.83098476
nuscenes,scene-0103_014,yaw_deg,-0.50000000,13,Car,22.97155191,22.60395926,0,0.00000000,26,26,100.00000000,11.64354624
nuscenes,scene-0103_014,yaw_deg,-0.50000000,15,Pedestrian,18.21068563,16.00896110,1,0.00000000,5,5,100.00000000,14.54271654
nuscenes,scene-0103_014,yaw_deg,0.00000000,1,Car,14.43865297,13.25327768,0,0.00000000,130,130,100.00000000,0.00000000
nuscenes,scene-0103_014,yaw_deg,0.00000000,9,Car,12.26670691,11.30921700,0,0.00000000,131,131,100.00000000,0.00000000
nuscenes,scene-0103_014,yaw_deg,0.00000000,13,Car,22.97155191,22.60395926,0,0.00000000,26,26,100.00000000,0.00000000
nuscenes,scene-0103_014,yaw_deg,0.00000000,15,Pedestrian,18.21068563,16.00896110,1,0.00000000,5,5,100.00000000,0.00000000
nuscenes,scene-0103_014,yaw_deg,0.50000000,1,Car,14.43865297,13.25327768,0,0.00000000,130,130,100.00000000,13.71604446
nuscenes,scene-0103_014,yaw_deg,0.50000000,9,Car,12.26670691,11.30921700,0,0.00000000,131,131,100.00000000,13.72406964
nuscenes,scene-0103_014,yaw_deg,0.50000000,13,Car,22.97155191,22.60395926,0,0.00000000,26,26,100.00000000,11.68195421
nuscenes,scene-0103_014,yaw_deg,0.50000000,15,Pedestrian,18.21068563,16.00896110,1,0.00000000,5,5,100.00000000,14.40585506
nuscenes,scene-0103_014,yaw_deg,1.00000000,1,Car,14.43865297,13.25327768,0,0.00000000,130,128,98.46153846,27.48606873
nuscenes,scene-0103_014,yaw_deg,1.00000000,9,Car,12.26670691,11.30921700,0,0.00000000,131,130,99.23664122,27.34471416
nuscenes,scene-0103_014,yaw_deg,1.00000000,13,Car,22.97155191,22.60395926,0,0.00000000,26,24,92.30769231,23.40437427
nuscenes,scene-0103_014,yaw_deg,1.00000000,15,Pedestrian,18.21068563,16.00896110,1,0.00000000,5,4,80.00000000,28.67902792
nuscenes,scene-0103_014,yaw_deg,2.00000000,1,Car,14.43865297,13.25327768,0,0.00000000,130,124,95.38461538,55.32527820
nuscenes,scene-0103_014,yaw_deg,2.00000000,9,Car,12.26670691,11.30921700,0,0.00000000,131,125,95.41984733,54.28926268
nuscenes,scene-0103_014,yaw_deg,2.00000000,13,Car,22.97155191,22.60395926,0,0.00000000,26,18,69.23076923,46.97898036
nuscenes,scene-0103_014,yaw_deg,2.00000000,15,Pedestrian,18.21068563,16.00896110,1,0.00000000,5,0,0.00000000,56.84345947
nuscenes,scene-0103_014,yaw_deg,3.00000000,1,Car,14.43865297,13.25327768,0,0.00000000,130,121,93.07692308,83.45952293
nuscenes,scene-0103_014,yaw_deg,3.00000000,9,Car,12.26670691,11.30921700,0,0.00000000,131,119,90.83969466,80.85991516
nuscenes,scene-0103_014,yaw_deg,3.00000000,13,Car,22.97155191,22.60395926,0,0.00000000,26,12,46.15384615,70.74085063
nuscenes,scene-0103_014,yaw_deg,3.00000000,15,Pedestrian,18.21068563,16.00896110,1,0.00000000,5,0,0.00000000,84.52445882
nuscenes,scene-0103_015,yaw_deg,-3.00000000,1,Car,13.17263788,12.20701967,0,0.00000000,157,152,96.81528662,78.70241609
nuscenes,scene-0103_015,yaw_deg,-3.00000000,3,Pedestrian,22.08527384,18.41552181,0,0.42289195,5,0,0.00000000,92.60003858
nuscenes,scene-0103_015,yaw_deg,-3.00000000,4,Pedestrian,22.23979342,18.93092688,0,0.00000000,8,0,0.00000000,88.87986161
nuscenes,scene-0103_015,yaw_deg,-3.00000000,6,Car,41.92351230,41.39411915,0,0.00000000,6,0,0.00000000,69.07108514
nuscenes,scene-0103_015,yaw_deg,-3.00000000,9,Car,10.91502601,9.83404665,0,0.26518659,188,119,63.29787234,86.09240759
nuscenes,scene-0103_015,yaw_deg,-3.00000000,14,Car,21.55981671,21.15452977,0,0.00000000,23,12,52.17391304,69.45192237
nuscenes,scene-0103_015,yaw_deg,-3.00000000,16,Pedestrian,16.26432371,13.75184368,1,0.56709857,9,0,0.00000000,
nuscenes,scene-0103_015,yaw_deg,-2.00000000,1,Car,13.17263788,12.20701967,0,0.00000000,157,155,98.72611465,52.81417699
nuscenes,scene-0103_015,yaw_deg,-2.00000000,3,Pedestrian,22.08527384,18.41552181,0,0.42289195,5,0,0.00000000,62.39300074
nuscenes,scene-0103_015,yaw_deg,-2.00000000,4,Pedestrian,22.23979342,18.93092688,0,0.00000000,8,0,0.00000000,59.83704472
nuscenes,scene-0103_015,yaw_deg,-2.00000000,6,Car,41.92351230,41.39411915,0,0.00000000,6,0,0.00000000,45.89148728
nuscenes,scene-0103_015,yaw_deg,-2.00000000,9,Car,10.91502601,9.83404665,0,0.26518659,188,137,72.87234043,57.42847965
nuscenes,scene-0103_015,yaw_deg,-2.00000000,14,Car,21.55981671,21.15452977,0,0.00000000,23,19,82.60869565,46.41918418
nuscenes,scene-0103_015,yaw_deg,-2.00000000,16,Pedestrian,16.26432371,13.75184368,1,0.56709857,9,0,0.00000000,
nuscenes,scene-0103_015,yaw_deg,-1.00000000,1,Car,13.17263788,12.20701967,0,0.00000000,157,157,100.00000000,26.58811135
nuscenes,scene-0103_015,yaw_deg,-1.00000000,3,Pedestrian,22.08527384,18.41552181,0,0.42289195,5,3,60.00000000,31.54003160
nuscenes,scene-0103_015,yaw_deg,-1.00000000,4,Pedestrian,22.23979342,18.93092688,0,0.00000000,8,2,25.00000000,30.22255637
nuscenes,scene-0103_015,yaw_deg,-1.00000000,6,Car,41.92351230,41.39411915,0,0.00000000,6,3,50.00000000,22.87308359
nuscenes,scene-0103_015,yaw_deg,-1.00000000,9,Car,10.91502601,9.83404665,0,0.26518659,188,148,78.72340426,28.61978904
nuscenes,scene-0103_015,yaw_deg,-1.00000000,14,Car,21.55981671,21.15452977,0,0.00000000,23,22,95.65217391,23.27550777
nuscenes,scene-0103_015,yaw_deg,-1.00000000,16,Pedestrian,16.26432371,13.75184368,1,0.56709857,9,0,0.00000000,
nuscenes,scene-0103_015,yaw_deg,-0.50000000,1,Car,13.17263788,12.20701967,0,0.00000000,157,157,100.00000000,13.34086869
nuscenes,scene-0103_015,yaw_deg,-0.50000000,3,Pedestrian,22.08527384,18.41552181,0,0.42289195,5,5,100.00000000,15.85857320
nuscenes,scene-0103_015,yaw_deg,-0.50000000,4,Pedestrian,22.23979342,18.93092688,0,0.00000000,8,6,75.00000000,15.18964852
nuscenes,scene-0103_015,yaw_deg,-0.50000000,6,Car,41.92351230,41.39411915,0,0.00000000,6,5,83.33333333,11.41935359
nuscenes,scene-0103_015,yaw_deg,-0.50000000,9,Car,10.91502601,9.83404665,0,0.26518659,188,154,81.91489362,14.30616944
nuscenes,scene-0103_015,yaw_deg,-0.50000000,14,Car,21.55981671,21.15452977,0,0.00000000,23,23,100.00000000,11.65523373
nuscenes,scene-0103_015,yaw_deg,-0.50000000,16,Pedestrian,16.26432371,13.75184368,1,0.56709857,9,0,0.00000000,15.54827854
nuscenes,scene-0103_015,yaw_deg,0.00000000,1,Car,13.17263788,12.20701967,0,0.00000000,157,157,100.00000000,0.00000000
nuscenes,scene-0103_015,yaw_deg,0.00000000,3,Pedestrian,22.08527384,18.41552181,0,0.42289195,5,4,80.00000000,0.00000000
nuscenes,scene-0103_015,yaw_deg,0.00000000,4,Pedestrian,22.23979342,18.93092688,0,0.00000000,8,8,100.00000000,0.00000000
nuscenes,scene-0103_015,yaw_deg,0.00000000,6,Car,41.92351230,41.39411915,0,0.00000000,6,6,100.00000000,0.00000000
nuscenes,scene-0103_015,yaw_deg,0.00000000,9,Car,10.91502601,9.83404665,0,0.26518659,188,162,86.17021277,0.00000000
nuscenes,scene-0103_015,yaw_deg,0.00000000,14,Car,21.55981671,21.15452977,0,0.00000000,23,23,100.00000000,0.00000000
nuscenes,scene-0103_015,yaw_deg,0.00000000,16,Pedestrian,16.26432371,13.75184368,1,0.56709857,9,4,44.44444444,0.00000000
nuscenes,scene-0103_015,yaw_deg,0.50000000,1,Car,13.17263788,12.20701967,0,0.00000000,157,157,100.00000000,13.43770205
nuscenes,scene-0103_015,yaw_deg,0.50000000,3,Pedestrian,22.08527384,18.41552181,0,0.42289195,5,2,40.00000000,15.97846177
nuscenes,scene-0103_015,yaw_deg,0.50000000,4,Pedestrian,22.23979342,18.93092688,0,0.00000000,8,8,100.00000000,15.35129805
nuscenes,scene-0103_015,yaw_deg,0.50000000,6,Car,41.92351230,41.39411915,0,0.00000000,6,6,100.00000000,11.38690262
nuscenes,scene-0103_015,yaw_deg,0.50000000,9,Car,10.91502601,9.83404665,0,0.26518659,188,166,88.29787234,14.25886655
nuscenes,scene-0103_015,yaw_deg,0.50000000,14,Car,21.55981671,21.15452977,0,0.00000000,23,23,100.00000000,11.69222387
nuscenes,scene-0103_015,yaw_deg,0.50000000,16,Pedestrian,16.26432371,13.75184368,1,0.56709857,9,7,77.77777778,15.44007432
nuscenes,scene-0103_015,yaw_deg,1.00000000,1,Car,13.17263788,12.20701967,0,0.00000000,157,157,100.00000000,26.97552290
nuscenes,scene-0103_015,yaw_deg,1.00000000,3,Pedestrian,22.08527384,18.41552181,0,0.42289195,5,0,0.00000000,
nuscenes,scene-0103_015,yaw_deg,1.00000000,4,Pedestrian,22.23979342,18.93092688,0,0.00000000,8,6,75.00000000,30.86931077
nuscenes,scene-0103_015,yaw_deg,1.00000000,6,Car,41.92351230,41.39411915,0,0.00000000,6,4,66.66666667,22.74325873
nuscenes,scene-0103_015,yaw_deg,1.00000000,9,Car,10.91502601,9.83404665,0,0.26518659,188,174,92.55319149,28.39762329
nuscenes,scene-0103_015,yaw_deg,1.00000000,14,Car,21.55981671,21.15452977,0,0.00000000,23,23,100.00000000,23.42349296
nuscenes,scene-0103_015,yaw_deg,1.00000000,16,Pedestrian,16.26432371,13.75184368,1,0.56709857,9,8,88.88888889,30.71776289
nuscenes,scene-0103_015,yaw_deg,2.00000000,1,Car,13.17263788,12.20701967,0,0.00000000,157,154,98.08917197,54.36507454
nuscenes,scene-0103_015,yaw_deg,2.00000000,3,Pedestrian,22.08527384,18.41552181,0,0.42289195,5,0,0.00000000,
nuscenes,scene-0103_015,yaw_deg,2.00000000,4,Pedestrian,22.23979342,18.93092688,0,0.00000000,8,0,0.00000000,62.26842115
nuscenes,scene-0103_015,yaw_deg,2.00000000,6,Car,41.92351230,41.39411915,0,0.00000000,6,1,16.66666667,45.37185244
nuscenes,scene-0103_015,yaw_deg,2.00000000,9,Car,10.91502601,9.83404665,0,0.26518659,188,178,94.68085106,56.33270636
nuscenes,scene-0103_015,yaw_deg,2.00000000,14,Car,21.55981671,21.15452977,0,0.00000000,23,20,86.95652174,47.01151932
nuscenes,scene-0103_015,yaw_deg,2.00000000,16,Pedestrian,16.26432371,13.75184368,1,0.56709857,9,1,11.11111111,60.80568146
nuscenes,scene-0103_015,yaw_deg,3.00000000,1,Car,13.17263788,12.20701967,0,0.00000000,157,149,94.90445860,81.93247052
nuscenes,scene-0103_015,yaw_deg,3.00000000,3,Pedestrian,22.08527384,18.41552181,0,0.42289195,5,0,0.00000000,
nuscenes,scene-0103_015,yaw_deg,3.00000000,4,Pedestrian,22.23979342,18.93092688,0,0.00000000,8,0,0.00000000,
nuscenes,scene-0103_015,yaw_deg,3.00000000,6,Car,41.92351230,41.39411915,0,0.00000000,6,0,0.00000000,67.90064704
nuscenes,scene-0103_015,yaw_deg,3.00000000,9,Car,10.91502601,9.83404665,0,0.26518659,188,176,93.61702128,83.83757157
nuscenes,scene-0103_015,yaw_deg,3.00000000,14,Car,21.55981671,21.15452977,0,0.00000000,23,17,73.91304348,70.78107010
nuscenes,scene-0103_015,yaw_deg,3.00000000,16,Pedestrian,16.26432371,13.75184368,1,0.56709857,9,0,0.00000000,90.30168103
nuscenes,scene-0103_016,yaw_deg,-3.00000000,1,Car,12.77425596,12.26266959,0,0.00000000,146,146,100.00000000,74.72639217
nuscenes,scene-0103_016,yaw_deg,-3.00000000,3,Pedestrian,21.06821340,17.50067618,0,0.51612520,8,0,0.00000000,92.80549306
nuscenes,scene-0103_016,yaw_deg,-3.00000000,9,Car,10.03221446,8.83975314,0,0.43113901,243,120,49.38271605,87.40018741
nuscenes,scene-0103_016,yaw_deg,-3.00000000,12,Truck,57.28275865,56.83225778,1,0.00000000,7,1,14.28571429,67.04878558
nuscenes,scene-0103_016,yaw_deg,-3.00000000,14,Car,20.59662594,20.14412329,2,0.00000000,5,2,40.00000000,69.55323520
nuscenes,scene-0103_016,yaw_deg,-2.00000000,1,Car,12.77425596,12.26266959,0,0.00000000,146,146,100.00000000,50.06834189
nuscenes,scene-0103_016,yaw_deg,-2.00000000,3,Pedestrian,21.06821340,17.50067618,0,0.51612520,8,0,0.00000000,62.53205001
nuscenes,scene-0103_016,yaw_deg,-2.00000000,9,Car,10.03221446,8.83975314,0,0.43113901,243,132,54.32098765,58.11911918
nuscenes,scene-0103_016,yaw_deg,-2.00000000,12,Truck,57.28275865,56.83225778,1,0.00000000,7,4,57.14285714,44.77803460
nuscenes,scene-0103_016,yaw_deg,-2.00000000,14,Car,20.59662594,20.14412329,2,0.00000000,5,3,60.00000000,46.48970447
nuscenes,scene-0103_016,yaw_deg,-1.00000000,1,Car,12.77425596,12.26266959,0,0.00000000,146,146,100.00000000,25.16360345
nuscenes,scene-0103_016,yaw_deg,-1.00000000,3,Pedestrian,21.06821340,17.50067618,0,0.51612520,8,4,50.00000000,31.61066218
nuscenes,scene-0103_016,yaw_deg,-1.00000000,9,Car,10.03221446,8.83975314,0,0.43113901,243,146,60.08230453,29.07286953
nuscenes,scene-0103_016,yaw_deg,-1.00000000,12,Truck,57.28275865,56.83225778,1,0.00000000,7,6,85.71428571,22.43319545
nuscenes,scene-0103_016,yaw_deg,-1.00000000,14,Car,20.59662594,20.14412329,2,0.00000000,5,5,100.00000000,23.31057908
nuscenes,scene-0103_016,yaw_deg,-0.50000000,1,Car,12.77425596,12.26266959,0,0.00000000,146,146,100.00000000,12.61528822
nuscenes,scene-0103_016,yaw_deg,-0.50000000,3,Pedestrian,21.06821340,17.50067618,0,0.51612520,8,7,87.50000000,15.89417796
nuscenes,scene-0103_016,yaw_deg,-0.50000000,9,Car,10.03221446,8.83975314,0,0.43113901,243,153,62.96296296,14.55939417
nuscenes,scene-0103_016,yaw_deg,-0.50000000,12,Truck,57.28275865,56.83225778,1,0.00000000,7,7,100.00000000,11.22854226
nuscenes,scene-0103_016,yaw_deg,-0.50000000,14,Car,20.59662594,20.14412329,2,0.00000000,5,5,100.00000000,11.67272550
nuscenes,scene-0103_016,yaw_deg,0.00000000,1,Car,12.77425596,12.26266959,0,0.00000000,146,146,100.00000000,0.00000000
nuscenes,scene-0103_016,yaw_deg,0.00000000,3,Pedestrian,21.06821340,17.50067618,0,0.51612520,8,4,50.00000000,0.00000000
nuscenes,scene-0103_016,yaw_deg,0.00000000,9,Car,10.03221446,8.83975314,0,0.43113901,243,160,65.84362140,0.00000000
nuscenes,scene-0103_016,yaw_deg,0.00000000,12,Truck,57.28275865,56.83225778,1,0.00000000,7,7,100.00000000,0.00000000
nuscenes,scene-0103_016,yaw_deg,0.00000000,14,Car,20.59662594,20.14412329,2,0.00000000,5,5,100.00000000,0.00000000
nuscenes,scene-0103_016,yaw_deg,0.50000000,1,Car,12.77425596,12.26266959,0,0.00000000,146,145,99.31506849,12.68489964
nuscenes,scene-0103_016,yaw_deg,0.50000000,3,Pedestrian,21.06821340,17.50067618,0,0.51612520,8,2,25.00000000,16.01521259
nuscenes,scene-0103_016,yaw_deg,0.50000000,9,Car,10.03221446,8.83975314,0,0.43113901,243,168,69.13580247,14.50884909
nuscenes,scene-0103_016,yaw_deg,0.50000000,12,Truck,57.28275865,56.83225778,1,0.00000000,7,6,85.71428571,11.25424987
nuscenes,scene-0103_016,yaw_deg,0.50000000,14,Car,20.59662594,20.14412329,2,0.00000000,5,5,100.00000000,11.70963449
nuscenes,scene-0103_016,yaw_deg,1.00000000,1,Car,12.77425596,12.26266959,0,0.00000000,146,144,98.63013699,25.44210098
nuscenes,scene-0103_016,yaw_deg,1.00000000,3,Pedestrian,21.06821340,17.50067618,0,0.51612520,8,0,0.00000000,
nuscenes,scene-0103_016,yaw_deg,1.00000000,9,Car,10.03221446,8.83975314,0,0.43113901,243,177,72.83950617,28.89231926
nuscenes,scene-0103_016,yaw_deg,1.00000000,12,Truck,57.28275865,56.83225778,1,0.00000000,7,5,71.42857143,22.53604214
nuscenes,scene-0103_016,yaw_deg,1.00000000,14,Car,20.59662594,20.14412329,2,0.00000000,5,5,100.00000000,23.45823967
nuscenes,scene-0103_016,yaw_deg,2.00000000,1,Car,12.77425596,12.26266959,0,0.00000000,146,140,95.89041096,51.18444359
nuscenes,scene-0103_016,yaw_deg,2.00000000,3,Pedestrian,21.06821340,17.50067618,0,0.51612520,8,0,0.00000000,
nuscenes,scene-0103_016,yaw_deg,2.00000000,9,Car,10.03221446,8.83975314,0,0.43113901,243,186,76.54320988,57.29908620
nuscenes,scene-0103_016,yaw_deg,2.00000000,12,Truck,57.28275865,56.83225778,1,0.00000000,7,2,28.57142857,45.18968171
nuscenes,scene-0103_016,yaw_deg,2.00000000,14,Car,20.59662594,20.14412329,2,0.00000000,5,4,80.00000000,47.08074107
nuscenes,scene-0103_016,yaw_deg,3.00000000,1,Car,12.77425596,12.26266959,0,0.00000000,146,134,91.78082192,77.24968117
nuscenes,scene-0103_016,yaw_deg,3.00000000,3,Pedestrian,21.06821340,17.50067618,0,0.51612520,8,0,0.00000000,
nuscenes,scene-0103_016,yaw_deg,3.00000000,9,Car,10.03221446,8.83975314,0,0.43113901,243,193,79.42386831,85.25118498
nuscenes,scene-0103_016,yaw_deg,3.00000000,12,Truck,57.28275865,56.83225778,1,0.00000000,7,0,0.00000000,67.97596936
nuscenes,scene-0103_016,yaw_deg,3.00000000,14,Car,20.59662594,20.14412329,2,0.00000000,5,4,80.00000000,70.88454819
nuscenes,scene-0103_017,yaw_deg,-3.00000000,2,Car,12.99081752,12.74978588,0,0.00000000,113,113,100.00000000,71.37342574
nuscenes,scene-0103_017,yaw_deg,-3.00000000,7,Car,40.26277524,39.70562053,0,0.00000000,6,0,0.00000000,69.23157604
nuscenes,scene-0103_017,yaw_deg,-3.00000000,9,Car,23.89297839,22.15565102,2,0.00000000,27,26,96.29629630,77.77331503
nuscenes,scene-0103_017,yaw_deg,-3.00000000,12,Car,9.32800035,8.03984443,0,0.55194804,279,86,30.82437276,89.08249096
nuscenes,scene-0103_017,yaw_deg,-3.00000000,15,Truck,56.54685419,56.07606497,2,0.00000000,9,1,11.11111111,67.06596099
nuscenes,scene-0103_017,yaw_deg,-3.00000000,16,Car,29.03106029,25.95704617,2,0.00000000,9,3,33.33333333,87.58331376
nuscenes,scene-0103_017,yaw_deg,-2.00000000,2,Car,12.99081752,12.74978588,0,0.00000000,113,113,100.00000000,47.71042208
nuscenes,scene-0103_017,yaw_deg,-2.00000000,7,Car,40.26277524,39.70562053,0,0.00000000,6,1,16.66666667,45.99531802
nuscenes,scene-0103_017,yaw_deg,-2.00000000,9,Car,23.89297839,22.15565102,2,0.00000000,27,27,100.00000000,52.19933603
nuscenes,scene-0103_017,yaw_deg,-2.00000000,12,Car,9.32800035,8.03984443,0,0.55194804,279,103,36.91756272,59.42655508
nuscenes,scene-0103_017,yaw_deg,-2.00000000,15,Truck,56.54685419,56.07606497,2,0.00000000,9,3,33.33333333,44.78355016
nuscenes,scene-0103_017,yaw_deg,-2.00000000,16,Car,29.03106029,25.95704617,2,0.00000000,9,5,55.55555556,58.16969373
nuscenes,scene-0103_017,yaw_deg,-1.00000000,2,Car,12.99081752,12.74978588,0,0.00000000,113,113,100.00000000,23.92492012
nuscenes,scene-0103_017,yaw_deg,-1.00000000,7,Car,40.26277524,39.70562053,0,0.00000000,6,4,66.66666667,22.92345607
nuscenes,scene-0103_017,yaw_deg,-1.00000000,9,Car,23.89297839,22.15565102,2,0.00000000,27,27,100.00000000,26.28282239
nuscenes,scene-0103_017,yaw_deg,-1.00000000,12,Car,9.32800035,8.03984443,0,0.55194804,279,123,44.08602151,29.73929252
nuscenes,scene-0103_017,yaw_deg,-1.00000000,15,Truck,56.54685419,56.07606497,2,0.00000000,9,8,88.88888889,22.43297527
nuscenes,scene-0103_017,yaw_deg,-1.00000000,16,Car,29.03106029,25.95704617,2,0.00000000,9,8,88.88888889,28.80402457
nuscenes,scene-0103_017,yaw_deg,-0.50000000,2,Car,12.99081752,12.74978588,0,0.00000000,113,113,100.00000000,11.98095913
nuscenes,scene-0103_017,yaw_deg,-0.50000000,7,Car,40.26277524,39.70562053,0,0.00000000,6,5,83.33333333,11.44416100
nuscenes,scene-0103_017,yaw_deg,-0.50000000,9,Car,23.89297839,22.15565102,2,0.00000000,27,27,100.00000000,13.18872924
nuscenes,scene-0103_017,yaw_deg,-0.50000000,12,Car,9.32800035,8.03984443,0,0.55194804,279,129,46.23655914,14.90864328
nuscenes,scene-0103_017,yaw_deg,-0.50000000,15,Truck,56.54685419,56.07606497,2,0.00000000,9,9,100.00000000,11.22768511
nuscenes,scene-0103_017,yaw_deg,-0.50000000,16,Car,29.03106029,25.95704617,2,0.00000000,9,9,100.00000000,14.33395159
nuscenes,scene-0103_017,yaw_deg,0.00000000,2,Car,12.99081752,12.74978588,0,0.00000000,113,113,100.00000000,0.00000000
nuscenes,scene-0103_017,yaw_deg,0.00000000,7,Car,40.26277524,39.70562053,0,0.00000000,6,6,100.00000000,0.00000000
nuscenes,scene-0103_017,yaw_deg,0.00000000,9,Car,23.89297839,22.15565102,2,0.00000000,27,27,100.00000000,0.00000000
nuscenes,scene-0103_017,yaw_deg,0.00000000,12,Car,9.32800035,8.03984443,0,0.55194804,279,140,50.17921147,0.00000000
nuscenes,scene-0103_017,yaw_deg,0.00000000,15,Truck,56.54685419,56.07606497,2,0.00000000,9,9,100.00000000,0.00000000
nuscenes,scene-0103_017,yaw_deg,0.00000000,16,Car,29.03106029,25.95704617,2,0.00000000,9,9,100.00000000,0.00000000
nuscenes,scene-0103_017,yaw_deg,0.50000000,2,Car,12.99081752,12.74978588,0,0.00000000,113,113,100.00000000,12.02013223
nuscenes,scene-0103_017,yaw_deg,0.50000000,7,Car,40.26277524,39.70562053,0,0.00000000,6,6,100.00000000,11.41096544
nuscenes,scene-0103_017,yaw_deg,0.50000000,9,Car,23.89297839,22.15565102,2,0.00000000,27,27,100.00000000,13.28651674
nuscenes,scene-0103_017,yaw_deg,0.50000000,12,Car,9.32800035,8.03984443,0,0.55194804,279,148,53.04659498,14.91693519
nuscenes,scene-0103_017,yaw_deg,0.50000000,15,Truck,56.54685419,56.07606497,2,0.00000000,9,8,88.88888889,11.25189226
nuscenes,scene-0103_017,yaw_deg,0.50000000,16,Car,29.03106029,25.95704617,2,0.00000000,9,9,100.00000000,14.20196633
nuscenes,scene-0103_017,yaw_deg,1.00000000,2,Car,12.99081752,12.74978588,0,0.00000000,113,113,100.00000000,24.08163953
nuscenes,scene-0103_017,yaw_deg,1.00000000,7,Car,40.26277524,39.70562053,0,0.00000000,6,4,66.66666667,22.79065231
nuscenes,scene-0103_017,yaw_deg,1.00000000,9,Car,23.89297839,22.15565102,2,0.00000000,27,26,96.29629630,26.67405034
nuscenes,scene-0103_017,yaw_deg,1.00000000,12,Car,9.32800035,8.03984443,0,0.55194804,279,154,55.19713262,29.69897612
nuscenes,scene-0103_017,yaw_deg,1.00000000,15,Truck,56.54685419,56.07606497,2,0.00000000,9,7,77.77777778,22.52981918
nuscenes,scene-0103_017,yaw_deg,1.00000000,16,Car,29.03106029,25.95704617,2,0.00000000,9,7,77.77777778,28.27596685
nuscenes,scene-0103_017,yaw_deg,2.00000000,2,Car,12.99081752,12.74978588,0,0.00000000,113,110,97.34513274,48.33773228
nuscenes,scene-0103_017,yaw_deg,2.00000000,7,Car,40.26277524,39.70562053,0,0.00000000,6,1,16.66666667,45.46375888
nuscenes,scene-0103_017,yaw_deg,2.00000000,9,Car,23.89297839,22.15565102,2,0.00000000,27,21,77.77777778,53.76549566
nuscenes,scene-0103_017,yaw_deg,2.00000000,12,Car,9.32800035,8.03984443,0,0.55194804,279,163,58.42293907,58.87558583
nuscenes,scene-0103_017,yaw_deg,2.00000000,15,Truck,56.54685419,56.07606497,2,0.00000000,9,4,44.44444444,45.17117085
nuscenes,scene-0103_017,yaw_deg,2.00000000,16,Car,29.03106029,25.95704617,2,0.00000000,9,7,77.77777778,56.05559442
nuscenes,scene-0103_017,yaw_deg,3.00000000,2,Car,12.99081752,12.74978588,0,0.00000000,113,108,95.57522124,72.80067825
nuscenes,scene-0103_017,yaw_deg,3.00000000,7,Car,40.26277524,39.70562053,0,0.00000000,6,0,0.00000000,68.03427555
nuscenes,scene-0103_017,yaw_deg,3.00000000,9,Car,23.89297839,22.15565102,2,0.00000000,27,15,55.55555556,81.30186253
nuscenes,scene-0103_017,yaw_deg,3.00000000,12,Car,9.32800035,8.03984443,0,0.55194804,279,176,63.08243728,87.56309157
nuscenes,scene-0103_017,yaw_deg,3.00000000,15,Truck,56.54685419,56.07606497,2,0.00000000,9,0,0.00000000,67.94241885
nuscenes,scene-0103_017,yaw_deg,3.00000000,16,Car,29.03106029,25.95704617,2,0.00000000,9,6,66.66666667,83.36888747
nuscenes,scene-0103_018,yaw_deg,-3.00000000,2,Car,13.47825265,13.35710238,0,0.00000000,102,99,97.05882353,70.09191572
nuscenes,scene-0103_018,yaw_deg,-3.00000000,9,Car,23.02637597,21.20040345,0,0.00000000,38,24,63.15789474,77.33502895
nuscenes,scene-0103_018,yaw_deg,-3.00000000,12,Car,8.57375913,7.15592708,0,0.67220510,432,81,18.75000000,89.31960327
nuscenes,scene-0103_018,yaw_deg,-3.00000000,16,Truck,55.71952677,55.22228153,2,0.00000000,5,1,20.00000000,66.99908755
nuscenes,scene-0103_018,yaw_deg,-3.00000000,17,Car,28.10609103,24.94194843,1,0.00000000,7,3,42.85714286,83.41180953
nuscenes,scene-0103_018,yaw_deg,-3.00000000,18,Car,18.02696805,17.40782961,2,0.00000000,32,32,100.00000000,72.94770708
nuscenes,scene-0103_018,yaw_deg,-2.00000000,2,Car,13.47825265,13.35710238,0,0.00000000,102,102,100.00000000,46.79003726
nuscenes,scene-0103_018,yaw_deg,-2.00000000,9,Car,23.02637597,21.20040345,0,0.00000000,38,30,78.94736842,51.89589362
nuscenes,scene-0103_018,yaw_deg,-2.00000000,12,Car,8.57375913,7.15592708,0,0.67220510,432,101,23.37962963,60.00066071
nuscenes,scene-0103_018,yaw_deg,-2.00000000,16,Truck,55.71952677,55.22228153,2,0.00000000,5,2,40.00000000,44.74051814
nuscenes,scene-0103_018,yaw_deg,-2.00000000,17,Car,28.10609103,24.94194843,1,0.00000000,7,4,57.14285714,58.40795370
nuscenes,scene-0103_018,yaw_deg,-2.00000000,18,Car,18.02696805,17.40782961,2,0.00000000,32,32,100.00000000,48.85038297
nuscenes,scene-0103_018,yaw_deg,-1.00000000,2,Car,13.47825265,13.35710238,0,0.00000000,102,102,100.00000000,23.43670395
nuscenes,scene-0103_018,yaw_deg,-1.00000000,9,Car,23.02637597,21.20040345,0,0.00000000,38,37,97.36842105,26.12531595
nuscenes,scene-0103_018,yaw_deg,-1.00000000,12,Car,8.57375913,7.15592708,0,0.67220510,432,121,28.00925926,30.19007582
nuscenes,scene-0103_018,yaw_deg,-1.00000000,16,Truck,55.71952677,55.22228153,2,0.00000000,5,4,80.00000000,22.41222868
nuscenes,scene-0103_018,yaw_deg,-1.00000000,17,Car,28.10609103,24.94194843,1,0.00000000,7,7,100.00000000,29.48015191
nuscenes,scene-0103_018,yaw_deg,-1.00000000,18,Car,18.02696805,17.40782961,2,0.00000000,32,32,100.00000000,24.54073939
nuscenes,scene-0103_018,yaw_deg,-0.50000000,2,Car,13.47825265,13.35710238,0,0.00000000,102,102,100.00000000,11.72782000
nuscenes,scene-0103_018,yaw_deg,-0.50000000,9,Car,23.02637597,21.20040345,0,0.00000000,38,38,100.00000000,13.10849809
nuscenes,scene-0103_018,yaw_deg,-0.50000000,12,Car,8.57375913,7.15592708,0,0.67220510,432,130,30.09259259,15.10390376
nuscenes,scene-0103_018,yaw_deg,-0.50000000,16,Truck,55.71952677,55.22228153,2,0.00000000,5,5,100.00000000,11.21750324
nuscenes,scene-0103_018,yaw_deg,-0.50000000,17,Car,28.10609103,24.94194843,1,0.00000000,7,7,100.00000000,14.66687903
nuscenes,scene-0103_018,yaw_deg,-0.50000000,18,Car,18.02696805,17.40782961,2,0.00000000,32,32,100.00000000,12.30045509
nuscenes,scene-0103_018,yaw_deg,0.00000000,2,Car,13.47825265,13.35710238,0,0.00000000,102,102,100.00000000,0.00000000
nuscenes,scene-0103_018,yaw_deg,0.00000000,9,Car,23.02637597,21.20040345,0,0.00000000,38,38,100.00000000,0.00000000
nuscenes,scene-0103_018,yaw_deg,0.00000000,12,Car,8.57375913,7.15592708,0,0.67220510,432,143,33.10185185,0.00000000
nuscenes,scene-0103_018,yaw_deg,0.00000000,16,Truck,55.71952677,55.22228153,2,0.00000000,5,5,100.00000000,0.00000000
nuscenes,scene-0103_018,yaw_deg,0.00000000,17,Car,28.10609103,24.94194843,1,0.00000000,7,7,100.00000000,0.00000000
nuscenes,scene-0103_018,yaw_deg,0.00000000,18,Car,18.02696805,17.40782961,2,0.00000000,32,32,100.00000000,0.00000000
nuscenes,scene-0103_018,yaw_deg,0.50000000,2,Car,13.47825265,13.35710238,0,0.00000000,102,102,100.00000000,11.74876088
nuscenes,scene-0103_018,yaw_deg,0.50000000,9,Car,23.02637597,21.20040345,0,0.00000000,38,38,100.00000000,13.20326285
nuscenes,scene-0103_018,yaw_deg,0.50000000,12,Car,8.57375913,7.15592708,0,0.67220510,432,152,35.18518519,15.10847406
nuscenes,scene-0103_018,yaw_deg,0.50000000,16,Truck,55.71952677,55.22228153,2,0.00000000,5,5,100.00000000,11.24209167
nuscenes,scene-0103_018,yaw_deg,0.50000000,17,Car,28.10609103,24.94194843,1,0.00000000,7,6,85.71428571,14.52492009
nuscenes,scene-0103_018,yaw_deg,0.50000000,18,Car,18.02696805,17.40782961,2,0.00000000,32,32,100.00000000,12.36307596
nuscenes,scene-0103_018,yaw_deg,1.00000000,2,Car,13.47825265,13.35710238,0,0.00000000,102,102,100.00000000,23.52048143
nuscenes,scene-0103_018,yaw_deg,1.00000000,9,Car,23.02637597,21.20040345,0,0.00000000,38,37,97.36842105,26.50444983
nuscenes,scene-0103_018,yaw_deg,1.00000000,12,Car,8.57375913,7.15592708,0,0.67220510,432,166,38.42592593,30.07583626
nuscenes,scene-0103_018,yaw_deg,1.00000000,16,Truck,55.71952677,55.22228153,2,0.00000000,5,3,60.00000000,22.51059792
nuscenes,scene-0103_018,yaw_deg,1.00000000,17,Car,28.10609103,24.94194843,1,0.00000000,7,5,71.42857143,28.91218681
nuscenes,scene-0103_018,yaw_deg,1.00000000,18,Car,18.02696805,17.40782961,2,0.00000000,32,31,96.87500000,24.79126797
nuscenes,scene-0103_018,yaw_deg,2.00000000,2,Car,13.47825265,13.35710238,0,0.00000000,102,98,96.07843137,47.15264949
nuscenes,scene-0103_018,yaw_deg,2.00000000,9,Car,23.02637597,21.20040345,0,0.00000000,38,34,89.47368421,53.41362771
nuscenes,scene-0103_018,yaw_deg,2.00000000,12,Car,8.57375913,7.15592708,0,0.67220510,432,181,41.89814815,59.60510335
nuscenes,scene-0103_018,yaw_deg,2.00000000,16,Truck,55.71952677,55.22228153,2,0.00000000,5,3,60.00000000,45.13424371
nuscenes,scene-0103_018,yaw_deg,2.00000000,17,Car,28.10609103,24.94194843,1,0.00000000,7,5,71.42857143,57.29036850
nuscenes,scene-0103_018,yaw_deg,2.00000000,18,Car,18.02696805,17.40782961,2,0.00000000,32,26,81.25000000,49.85321904
nuscenes,scene-0103_018,yaw_deg,3.00000000,2,Car,13.47825265,13.35710238,0,0.00000000,102,92,90.19607843,70.91947346
nuscenes,scene-0103_018,yaw_deg,3.00000000,9,Car,23.02637597,21.20040345,0,0.00000000,38,30,78.94736842,80.75443383
nuscenes,scene-0103_018,yaw_deg,3.00000000,12,Car,8.57375913,7.15592708,0,0.67220510,432,196,45.37037037,88.62232236
nuscenes,scene-0103_018,yaw_deg,3.00000000,16,Truck,55.71952677,55.22228153,2,0.00000000,5,1,20.00000000,67.88590376
nuscenes,scene-0103_018,yaw_deg,3.00000000,17,Car,28.10609103,24.94194843,1,0.00000000,7,4,57.14285714,85.16660632
nuscenes,scene-0103_018,yaw_deg,3.00000000,18,Car,18.02696805,17.40782961,2,0.00000000,32,20,62.50000000,75.20679939
nuscenes,scene-0103_019,yaw_deg,-3.00000000,2,Car,15.41893329,15.33832689,0,0.00000000,53,49,92.45283019,69.22378862
nuscenes,scene-0103_019,yaw_deg,-3.00000000,8,Car,38.34312546,37.78291945,0,0.00000000,9,0,0.00000000,69.56718211
nuscenes,scene-0103_019,yaw_deg,-3.00000000,10,Car,22.22905576,20.29767158,2,0.00000000,31,23,74.19354839,78.65426108
nuscenes,scene-0103_019,yaw_deg,-3.00000000,13,Car,7.80775372,6.24962138,0,0.81780845,519,42,8.09248555,89.85493425
nuscenes,scene-0103_019,yaw_deg,-3.00000000,17,Truck,54.81947839,54.29038596,0,0.00000000,5,0,0.00000000,67.06078130
nuscenes,scene-0103_019,yaw_deg,-3.00000000,18,Car,27.29202584,24.05271669,1,0.03872224,7,3,42.85714286,84.58918327
nuscenes,scene-0103_019,yaw_deg,-3.00000000,19,Car,16.63100690,15.88212444,0,0.00000000,73,60,82.19178082,73.64702696
nuscenes,scene-0103_019,yaw_deg,-2.00000000,2,Car,15.41893329,15.33832689,0,0.00000000,53,53,100.00000000,46.13239021
nuscenes,scene-0103_019,yaw_deg,-2.00000000,8,Car,38.34312546,37.78291945,0,0.00000000,9,2,22.22222222,46.21173779
nuscenes,scene-0103_019,yaw_deg,-2.00000000,10,Car,22.22905576,20.29767158,2,0.00000000,31,28,90.32258065,52.80469261
nuscenes,scene-0103_019,yaw_deg,-2.00000000,13,Car,7.80775372,6.24962138,0,0.81780845,519,54,10.40462428,60.28226828
nuscenes,scene-0103_019,yaw_deg,-2.00000000,17,Truck,54.81947839,54.29038596,0,0.00000000,5,1,20.00000000,44.78507155
nuscenes,scene-0103_019,yaw_deg,-2.00000000,18,Car,27.29202584,24.05271669,1,0.03872224,7,6,85.71428571,58.71606812
nuscenes,scene-0103_019,yaw_deg,-2.00000000,19,Car,16.63100690,15.88212444,0,0.00000000,73,67,91.78082192,49.33223790
nuscenes,scene-0103_019,yaw_deg,-1.00000000,2,Car,15.41893329,15.33832689,0,0.00000000,53,53,100.00000000,23.04314192
nuscenes,scene-0103_019,yaw_deg,-1.00000000,8,Car,38.34312546,37.78291945,0,0.00000000,9,5,55.55555556,23.02809006
nuscenes,scene-0103_019,yaw_deg,-1.00000000,10,Car,22.22905576,20.29767158,2,0.00000000,31,30,96.77419355,26.59482593
nuscenes,scene-0103_019,yaw_deg,-1.00000000,13,Car,7.80775372,6.24962138,0,0.81780845,519,65,12.52408478,30.29359873
nuscenes,scene-0103_019,yaw_deg,-1.00000000,17,Truck,54.81947839,54.29038596,0,0.00000000,5,4,80.00000000,22.43623419
nuscenes,scene-0103_019,yaw_deg,-1.00000000,18,Car,27.29202584,24.05271669,1,0.03872224,7,6,85.71428571,29.06921022
nuscenes,scene-0103_019,yaw_deg,-1.00000000,19,Car,16.63100690,15.88212444,0,0.00000000,73,71,97.26027397,24.78969109
nuscenes,scene-0103_019,yaw_deg,-0.50000000,2,Car,15.41893329,15.33832689,0,0.00000000,53,53,100.00000000,11.51684673
nuscenes,scene-0103_019,yaw_deg,-0.50000000,8,Car,38.34312546,37.78291945,0,0.00000000,9,8,88.88888889,11.49559872
nuscenes,scene-0103_019,yaw_deg,-0.50000000,10,Car,22.22905576,20.29767158,2,0.00000000,31,31,100.00000000,13.34712071
nuscenes,scene-0103_019,yaw_deg,-0.50000000,13,Car,7.80775372,6.24962138,0,0.81780845,519,69,13.29479769,15.15772989
nuscenes,scene-0103_019,yaw_deg,-0.50000000,17,Truck,54.81947839,54.29038596,0,0.00000000,5,5,100.00000000,11.22994168
nuscenes,scene-0103_019,yaw_deg,-0.50000000,18,Car,27.29202584,24.05271669,1,0.03872224,7,7,100.00000000,14.60707793
nuscenes,scene-0103_019,yaw_deg,-0.50000000,19,Car,16.63100690,15.88212444,0,0.00000000,73,72,98.63013699,12.42697725
nuscenes,scene-0103_019,yaw_deg,0.00000000,2,Car,15.41893329,15.33832689,0,0.00000000,53,53,100.00000000,0.00000000
nuscenes,scene-0103_019,yaw_deg,0.00000000,8,Car,38.34312546,37.78291945,0,0.00000000,9,9,100.00000000,0.00000000
nuscenes,scene-0103_019,yaw_deg,0.00000000,10,Car,22.22905576,20.29767158,2,0.00000000,31,31,100.00000000,0.00000000
nuscenes,scene-0103_019,yaw_deg,0.00000000,13,Car,7.80775372,6.24962138,0,0.81780845,519,78,15.02890173,0.00000000
nuscenes,scene-0103_019,yaw_deg,0.00000000,17,Truck,54.81947839,54.29038596,0,0.00000000,5,5,100.00000000,0.00000000
nuscenes,scene-0103_019,yaw_deg,0.00000000,18,Car,27.29202584,24.05271669,1,0.03872224,7,7,100.00000000,0.00000000
nuscenes,scene-0103_019,yaw_deg,0.00000000,19,Car,16.63100690,15.88212444,0,0.00000000,73,73,100.00000000,0.00000000
nuscenes,scene-0103_019,yaw_deg,0.50000000,2,Car,15.41893329,15.33832689,0,0.00000000,53,53,100.00000000,11.50705098
nuscenes,scene-0103_019,yaw_deg,0.50000000,8,Car,38.34312546,37.78291945,0,0.00000000,9,9,100.00000000,11.46067236
nuscenes,scene-0103_019,yaw_deg,0.50000000,10,Car,22.22905576,20.29767158,2,0.00000000,31,31,100.00000000,13.44981067
nuscenes,scene-0103_019,yaw_deg,0.50000000,13,Car,7.80775372,6.24962138,0,0.81780845,519,90,17.34104046,15.17052130
nuscenes,scene-0103_019,yaw_deg,0.50000000,17,Truck,54.81947839,54.29038596,0,0.00000000,5,5,100.00000000,11.25540913
nuscenes,scene-0103_019,yaw_deg,0.50000000,18,Car,27.29202584,24.05271669,1,0.03872224,7,7,100.00000000,14.46705724
nuscenes,scene-0103_019,yaw_deg,0.50000000,19,Car,16.63100690,15.88212444,0,0.00000000,73,73,100.00000000,12.49377569
nuscenes,scene-0103_019,yaw_deg,1.00000000,2,Car,15.41893329,15.33832689,0,0.00000000,53,52,98.11320755,23.00950061
nuscenes,scene-0103_019,yaw_deg,1.00000000,8,Car,38.34312546,37.78291945,0,0.00000000,9,7,77.77777778,22.88836188
nuscenes,scene-0103_019,yaw_deg,1.00000000,10,Car,22.22905576,20.29767158,2,0.00000000,31,30,96.77419355,27.00566895
nuscenes,scene-0103_019,yaw_deg,1.00000000,13,Car,7.80775372,6.24962138,0,0.81780845,519,98,18.88246628,30.19829879
nuscenes,scene-0103_019,yaw_deg,1.00000000,17,Truck,54.81947839,54.29038596,0,0.00000000,5,5,100.00000000,22.53812013
nuscenes,scene-0103_019,yaw_deg,1.00000000,18,Car,27.29202584,24.05271669,1,0.03872224,7,5,71.42857143,28.79834525
nuscenes,scene-0103_019,yaw_deg,1.00000000,19,Car,16.63100690,15.88212444,0,0.00000000,73,73,100.00000000,25.05693364
nuscenes,scene-0103_019,yaw_deg,2.00000000,2,Car,15.41893329,15.33832689,0,0.00000000,53,50,94.33962264,46.04795844
nuscenes,scene-0103_019,yaw_deg,2.00000000,8,Car,38.34312546,37.78291945,0,0.00000000,9,4,44.44444444,45.65246076
nuscenes,scene-0103_019,yaw_deg,2.00000000,10,Car,22.22905576,20.29767158,2,0.00000000,31,26,83.87096774,54.44939699
nuscenes,scene-0103_019,yaw_deg,2.00000000,13,Car,7.80775372,6.24962138,0,0.81780845,519,116,22.35067437,59.84370822
nuscenes,scene-0103_019,yaw_deg,2.00000000,17,Truck,54.81947839,54.29038596,0,0.00000000,5,3,60.00000000,45.19287323
nuscenes,scene-0103_019,yaw_deg,2.00000000,18,Car,27.29202584,24.05271669,1,0.03872224,7,5,71.42857143,57.07001732
nuscenes,scene-0103_019,yaw_deg,2.00000000,19,Car,16.63100690,15.88212444,0,0.00000000,73,69,94.52054795,50.40198921
nuscenes,scene-0103_019,yaw_deg,3.00000000,2,Car,15.41893329,15.33832689,0,0.00000000,53,48,90.56603774,69.10177809
nuscenes,scene-0103_019,yaw_deg,3.00000000,8,Car,38.34312546,37.78291945,0,0.00000000,9,0,0.00000000,68.30744059
nuscenes,scene-0103_019,yaw_deg,3.00000000,10,Car,22.22905576,20.29767158,2,0.00000000,31,26,83.87096774,82.35985190
nuscenes,scene-0103_019,yaw_deg,3.00000000,13,Car,7.80775372,6.24962138,0,0.81780845,519,133,25.62620424,88.97114446
nuscenes,scene-0103_019,yaw_deg,3.00000000,17,Truck,54.81947839,54.29038596,0,0.00000000,5,0,0.00000000,67.97930379
nuscenes,scene-0103_019,yaw_deg,3.00000000,18,Car,27.29202584,24.05271669,1,0.03872224,7,4,57.14285714,84.84668983
nuscenes,scene-0103_019,yaw_deg,3.00000000,19,Car,16.63100690,15.88212444,0,0.00000000,73,65,89.04109589,76.05690168
nuscenes,scene-0103_020,yaw_deg,-3.00000000,2,Car,17.47488907,17.37259850,0,0.00000000,17,9,52.94117647,69.27593159
nuscenes,scene-0103_020,yaw_deg,-3.00000000,10,Car,37.32860726,36.74049178,0,0.00000000,10,0,0.00000000,69.67367491
nuscenes,scene-0103_020,yaw_deg,-3.00000000,12,Car,21.33167742,19.31801389,2,0.00000000,24,23,95.83333333,82.05439383
nuscenes,scene-0103_020,yaw_deg,-3.00000000,13,bicycle_rack,38.66933087,37.83733325,1,0.00000000,8,2,25.00000000,68.67724827
nuscenes,scene-0103_020,yaw_deg,-3.00000000,15,Car,6.99012607,5.21217655,0,0.92986789,661,19,2.87443268,92.58320084
nuscenes,scene-0103_020,yaw_deg,-3.00000000,19,Truck,53.80739807,53.27442886,0,0.00000000,5,0,0.00000000,67.08214899
nuscenes,scene-0103_020,yaw_deg,-3.00000000,21,Car,15.19669532,14.28894330,0,0.00000000,120,104,86.66666667,75.63887016
nuscenes,scene-0103_020,yaw_deg,-2.00000000,2,Car,17.47488907,17.37259850,0,0.00000000,17,15,88.23529412,46.08360998
nuscenes,scene-0103_020,yaw_deg,-2.00000000,10,Car,37.32860726,36.74049178,0,0.00000000,10,3,30.00000000,46.27928065
nuscenes,scene-0103_020,yaw_deg,-2.00000000,12,Car,21.33167742,19.31801389,2,0.00000000,24,24,100.00000000,55.14138264
nuscenes,scene-0103_020,yaw_deg,-2.00000000,13,bicycle_rack,38.66933087,37.83733325,1,0.00000000,8,5,62.50000000,45.91657345
nuscenes,scene-0103_020,yaw_deg,-2.00000000,15,Car,6.99012607,5.21217655,0,0.92986789,661,30,4.53857791,61.94140295
nuscenes,scene-0103_020,yaw_deg,-2.00000000,19,Truck,53.80739807,53.27442886,0,0.00000000,5,2,40.00000000,44.80369402
nuscenes,scene-0103_020,yaw_deg,-2.00000000,21,Car,15.19669532,14.28894330,0,0.00000000,120,112,93.33333333,50.71088344
nuscenes,scene-0103_020,yaw_deg,-1.00000000,2,Car,17.47488907,17.37259850,0,0.00000000,17,17,100.00000000,22.99680829
nuscenes,scene-0103_020,yaw_deg,-1.00000000,10,Car,37.32860726,36.74049178,0,0.00000000,10,6,60.00000000,23.06016644
nuscenes,scene-0103_020,yaw_deg,-1.00000000,12,Car,21.33167742,19.31801389,2,0.00000000,24,24,100.00000000,27.79933893
nuscenes,scene-0103_020,yaw_deg,-1.00000000,13,bicycle_rack,38.66933087,37.83733325,1,0.00000000,8,6,75.00000000,23.02931848
nuscenes,scene-0103_020,yaw_deg,-1.00000000,15,Car,6.99012607,5.21217655,0,0.92986789,661,41,6.20272315,31.04296029
nuscenes,scene-0103_020,yaw_deg,-1.00000000,19,Truck,53.80739807,53.27442886,0,0.00000000,5,5,100.00000000,22.44774576
nuscenes,scene-0103_020,yaw_deg,-1.00000000,21,Car,15.19669532,14.28894330,0,0.00000000,120,119,99.16666667,25.50503206
nuscenes,scene-0103_020,yaw_deg,-0.50000000,2,Car,17.47488907,17.37259850,0,0.00000000,17,17,100.00000000,11.48811572
nuscenes,scene-0103_020,yaw_deg,-0.50000000,10,Car,37.32860726,36.74049178,0,0.00000000,10,9,90.00000000,11.51121859
nuscenes,scene-0103_020,yaw_deg,-0.50000000,12,Car,21.33167742,19.31801389,2,0.00000000,24,24,100.00000000,13.95865642
nuscenes,scene-0103_020,yaw_deg,-0.50000000,13,bicycle_rack,38.66933087,37.83733325,1,0.00000000,8,8,100.00000000,11.53339884
nuscenes,scene-0103_020,yaw_deg,-0.50000000,15,Car,6.99012607,5.21217655,0,0.92986789,661,48,7.26172466,15.52795597
nuscenes,scene-0103_020,yaw_deg,-0.50000000,19,Truck,53.80739807,53.27442886,0,0.00000000,5,5,100.00000000,11.23625017
nuscenes,scene-0103_020,yaw_deg,-0.50000000,21,Car,15.19669532,14.28894330,0,0.00000000,120,120,100.00000000,12.79127992
nuscenes,scene-0103_020,yaw_deg,0.00000000,2,Car,17.47488907,17.37259850,0,0.00000000,17,17,100.00000000,0.00000000
nuscenes,scene-0103_020,yaw_deg,0.00000000,10,Car,37.32860726,36.74049178,0,0.00000000,10,10,100.00000000,0.00000000
nuscenes,scene-0103_020,yaw_deg,0.00000000,12,Car,21.33167742,19.31801389,2,0.00000000,24,24,100.00000000,0.00000000
nuscenes,scene-0103_020,yaw_deg,0.00000000,13,bicycle_rack,38.66933087,37.83733325,1,0.00000000,8,8,100.00000000,0.00000000
nuscenes,scene-0103_020,yaw_deg,0.00000000,15,Car,6.99012607,5.21217655,0,0.92986789,661,54,8.16944024,0.00000000
nuscenes,scene-0103_020,yaw_deg,0.00000000,19,Truck,53.80739807,53.27442886,0,0.00000000,5,5,100.00000000,0.00000000
nuscenes,scene-0103_020,yaw_deg,0.00000000,21,Car,15.19669532,14.28894330,0,0.00000000,120,120,100.00000000,0.00000000
nuscenes,scene-0103_020,yaw_deg,0.50000000,2,Car,17.47488907,17.37259850,0,0.00000000,17,17,100.00000000,11.46944328
nuscenes,scene-0103_020,yaw_deg,0.50000000,10,Car,37.32860726,36.74049178,0,0.00000000,10,9,90.00000000,11.47546573
nuscenes,scene-0103_020,yaw_deg,0.50000000,12,Car,21.33167742,19.31801389,2,0.00000000,24,24,100.00000000,14.08040497
nuscenes,scene-0103_020,yaw_deg,0.50000000,13,bicycle_rack,38.66933087,37.83733325,1,0.00000000,8,8,100.00000000,11.57287167
nuscenes,scene-0103_020,yaw_deg,0.50000000,15,Car,6.99012607,5.21217655,0,0.92986789,661,62,9.37972769,15.46671185
nuscenes,scene-0103_020,yaw_deg,0.50000000,19,Truck,53.80739807,53.27442886,0,0.00000000,5,5,100.00000000,11.26282917
nuscenes,scene-0103_020,yaw_deg,0.50000000,21,Car,15.19669532,14.28894330,0,0.00000000,120,120,100.00000000,12.87161282
nuscenes,scene-0103_020,yaw_deg,1.00000000,2,Car,17.47488907,17.37259850,0,0.00000000,17,17,100.00000000,22.92210644
nuscenes,scene-0103_020,yaw_deg,1.00000000,10,Car,37.32860726,36.74049178,0,0.00000000,10,7,70.00000000,22.91713167
nuscenes,scene-0103_020,yaw_deg,1.00000000,12,Car,21.33167742,19.31801389,2,0.00000000,24,23,95.83333333,28.28643803
nuscenes,scene-0103_020,yaw_deg,1.00000000,13,bicycle_rack,38.66933087,37.83733325,1,0.00000000,8,8,100.00000000,23.18723577
nuscenes,scene-0103_020,yaw_deg,1.00000000,15,Car,6.99012607,5.21217655,0,0.92986789,661,67,10.13615734,30.78134255
nuscenes,scene-0103_020,yaw_deg,1.00000000,19,Truck,53.80739807,53.27442886,0,0.00000000,5,5,100.00000000,22.55407860
nuscenes,scene-0103_020,yaw_deg,1.00000000,21,Car,15.19669532,14.28894330,0,0.00000000,120,120,100.00000000,25.82642480
nuscenes,scene-0103_020,yaw_deg,2.00000000,2,Car,17.47488907,17.37259850,0,0.00000000,17,15,88.23529412,45.78460850
nuscenes,scene-0103_020,yaw_deg,2.00000000,10,Car,37.32860726,36.74049178,0,0.00000000,10,4,40.00000000,45.70676793
nuscenes,scene-0103_020,yaw_deg,2.00000000,12,Car,21.33167742,19.31801389,2,0.00000000,24,18,75.00000000,57.09145916
nuscenes,scene-0103_020,yaw_deg,2.00000000,13,bicycle_rack,38.66933087,37.83733325,1,0.00000000,8,8,100.00000000,46.54865834
nuscenes,scene-0103_020,yaw_deg,2.00000000,15,Car,6.99012607,5.21217655,0,0.92986789,661,80,12.10287443,60.97352364
nuscenes,scene-0103_020,yaw_deg,2.00000000,19,Truck,53.80739807,53.27442886,0,0.00000000,5,3,60.00000000,45.22929487
nuscenes,scene-0103_020,yaw_deg,2.00000000,21,Car,15.19669532,14.28894330,0,0.00000000,120,116,96.66666667,51.99743373
nuscenes,scene-0103_020,yaw_deg,3.00000000,2,Car,17.47488907,17.37259850,0,0.00000000,17,15,88.23529412,68.60244948
nuscenes,scene-0103_020,yaw_deg,3.00000000,10,Car,37.32860726,36.74049178,0,0.00000000,10,0,0.00000000,68.38411796
nuscenes,scene-0103_020,yaw_deg,3.00000000,12,Car,21.33167742,19.31801389,2,0.00000000,24,15,62.50000000,86.44837978
nuscenes,scene-0103_020,yaw_deg,3.00000000,13,bicycle_rack,38.66933087,37.83733325,1,0.00000000,8,7,87.50000000,70.10100061
nuscenes,scene-0103_020,yaw_deg,3.00000000,15,Car,6.99012607,5.21217655,0,0.92986789,661,84,12.70801815,90.61349886
nuscenes,scene-0103_020,yaw_deg,3.00000000,19,Truck,53.80739807,53.27442886,0,0.00000000,5,0,0.00000000,68.04076296
nuscenes,scene-0103_020,yaw_deg,3.00000000,21,Car,15.19669532,14.28894330,0,0.00000000,120,107,89.16666667,78.53728741
nuscenes,scene-0103_021,yaw_deg,-3.00000000,2,Car,19.27339424,19.16055728,0,0.00000000,24,10,41.66666667,69.11652400
nuscenes,scene-0103_021,yaw_deg,-3.00000000,10,Car,35.98523209,35.36927757,0,0.00000000,10,0,0.00000000,69.88443347
nuscenes,scene-0103_021,yaw_deg,-3.00000000,12,Car,20.21630035,18.07958645,2,0.00000000,14,9,64.28571429,85.82601120
nuscenes,scene-0103_021,yaw_deg,-3.00000000,13,bicycle_rack,37.34473225,36.48411110,0,0.00000000,11,5,45.45454545,68.90140418
nuscenes,scene-0103_021,yaw_deg,-3.00000000,16,Car,6.01589441,3.84420431,0,0.99303227,883,0,0.00000000,
nuscenes,scene-0103_021,yaw_deg,-3.00000000,21,Truck,52.43771837,51.89855211,0,0.00000000,6,0,0.00000000,67.07312159
nuscenes,scene-0103_021,yaw_deg,-3.00000000,22,Car,25.19150162,21.61805200,0,0.43925867,6,0,0.00000000,
nuscenes,scene-0103_021,yaw_deg,-3.00000000,23,Car,13.72152191,12.63597250,0,0.00000000,154,140,90.90909091,78.09246413
nuscenes,scene-0103_021,yaw_deg,-2.00000000,2,Car,19.27339424,19.16055728,0,0.00000000,24,13,54.16666667,45.97365333
nuscenes,scene-0103_021,yaw_deg,-2.00000000,10,Car,35.98523209,35.36927757,0,0.00000000,10,3,30.00000000,46.41387734
nuscenes,scene-0103_021,yaw_deg,-2.00000000,12,Car,20.21630035,18.07958645,2,0.00000000,14,12,85.71428571,57.73491928
nuscenes,scene-0103_021,yaw_deg,-2.00000000,13,bicycle_rack,37.34473225,36.48411110,0,0.00000000,11,6,54.54545455,46.07365700
nuscenes,scene-0103_021,yaw_deg,-2.00000000,16,Car,6.01589441,3.84420431,0,0.99303227,883,0,0.00000000,
nuscenes,scene-0103_021,yaw_deg,-2.00000000,21,Truck,52.43771837,51.89855211,0,0.00000000,6,2,33.33333333,44.79525044
nuscenes,scene-0103_021,yaw_deg,-2.00000000,22,Car,25.19150162,21.61805200,0,0.43925867,6,0,0.00000000,
nuscenes,scene-0103_021,yaw_deg,-2.00000000,23,Car,13.72152191,12.63597250,0,0.00000000,154,151,98.05194805,52.39929190
nuscenes,scene-0103_021,yaw_deg,-1.00000000,2,Car,19.27339424,19.16055728,0,0.00000000,24,20,83.33333333,22.94324908
nuscenes,scene-0103_021,yaw_deg,-1.00000000,10,Car,35.98523209,35.36927757,0,0.00000000,10,6,60.00000000,23.12456912
nuscenes,scene-0103_021,yaw_deg,-1.00000000,12,Car,20.21630035,18.07958645,2,0.00000000,14,14,100.00000000,29.13711506
nuscenes,scene-0103_021,yaw_deg,-1.00000000,13,bicycle_rack,37.34473225,36.48411110,0,0.00000000,11,9,81.81818182,23.11174579
nuscenes,scene-0103_021,yaw_deg,-1.00000000,16,Car,6.01589441,3.84420431,0,0.99303227,883,0,0.00000000,
nuscenes,scene-0103_021,yaw_deg,-1.00000000,21,Truck,52.43771837,51.89855211,0,0.00000000,6,5,83.33333333,22.44230534
nuscenes,scene-0103_021,yaw_deg,-1.00000000,22,Car,25.19150162,21.61805200,0,0.43925867,6,3,50.00000000,30.47602890
nuscenes,scene-0103_021,yaw_deg,-1.00000000,23,Car,13.72152191,12.63597250,0,0.00000000,154,154,100.00000000,26.37637090
nuscenes,scene-0103_021,yaw_deg,-0.50000000,2,Car,19.27339424,19.16055728,0,0.00000000,24,23,95.83333333,11.46168503
nuscenes,scene-0103_021,yaw_deg,-0.50000000,10,Car,35.98523209,35.36927757,0,0.00000000,10,9,90.00000000,11.54270637
nuscenes,scene-0103_021,yaw_deg,-0.50000000,12,Car,20.21630035,18.07958645,2,0.00000000,14,14,100.00000000,14.63808239
nuscenes,scene-0103_021,yaw_deg,-0.50000000,13,bicycle_rack,37.34473225,36.48411110,0,0.00000000,11,11,100.00000000,11.57559643
nuscenes,scene-0103_021,yaw_deg,-0.50000000,16,Car,6.01589441,3.84420431,0,0.99303227,883,1,0.11325028,16.32209410
nuscenes,scene-0103_021,yaw_deg,-0.50000000,21,Truck,52.43771837,51.89855211,0,0.00000000,6,5,83.33333333,11.23322394
nuscenes,scene-0103_021,yaw_deg,-0.50000000,22,Car,25.19150162,21.61805200,0,0.43925867,6,3,50.00000000,15.15729459
nuscenes,scene-0103_021,yaw_deg,-0.50000000,23,Car,13.72152191,12.63597250,0,0.00000000,154,154,100.00000000,13.23389015
nuscenes,scene-0103_021,yaw_deg,0.00000000,2,Car,19.27339424,19.16055728,0,0.00000000,24,24,100.00000000,0.00000000
nuscenes,scene-0103_021,yaw_deg,0.00000000,10,Car,35.98523209,35.36927757,0,0.00000000,10,10,100.00000000,0.00000000
nuscenes,scene-0103_021,yaw_deg,0.00000000,12,Car,20.21630035,18.07958645,2,0.00000000,14,14,100.00000000,0.00000000
nuscenes,scene-0103_021,yaw_deg,0.00000000,13,bicycle_rack,37.34473225,36.48411110,0,0.00000000,11,11,100.00000000,0.00000000
nuscenes,scene-0103_021,yaw_deg,0.00000000,16,Car,6.01589441,3.84420431,0,0.99303227,883,4,0.45300113,0.00000000
nuscenes,scene-0103_021,yaw_deg,0.00000000,21,Truck,52.43771837,51.89855211,0,0.00000000,6,6,100.00000000,0.00000000
nuscenes,scene-0103_021,yaw_deg,0.00000000,22,Car,25.19150162,21.61805200,0,0.43925867,6,4,66.66666667,0.00000000
nuscenes,scene-0103_021,yaw_deg,0.00000000,23,Car,13.72152191,12.63597250,0,0.00000000,154,154,100.00000000,0.00000000
nuscenes,scene-0103_021,yaw_deg,0.50000000,2,Car,19.27339424,19.16055728,0,0.00000000,24,24,100.00000000,11.44377801
nuscenes,scene-0103_021,yaw_deg,0.50000000,10,Car,35.98523209,35.36927757,0,0.00000000,10,9,90.00000000,11.50554579
nuscenes,scene-0103_021,yaw_deg,0.50000000,12,Car,20.21630035,18.07958645,2,0.00000000,14,14,100.00000000,14.78151056
nuscenes,scene-0103_021,yaw_deg,0.50000000,13,bicycle_rack,37.34473225,36.48411110,0,0.00000000,11,11,100.00000000,11.61706401
nuscenes,scene-0103_021,yaw_deg,0.50000000,16,Car,6.01589441,3.84420431,0,0.99303227,883,10,1.13250283,16.27357914
nuscenes,scene-0103_021,yaw_deg,0.50000000,21,Truck,52.43771837,51.89855211,0,0.00000000,6,6,100.00000000,11.25918769
nuscenes,scene-0103_021,yaw_deg,0.50000000,22,Car,25.19150162,21.61805200,0,0.43925867,6,5,83.33333333,15.01168705
nuscenes,scene-0103_021,yaw_deg,0.50000000,23,Car,13.72152191,12.63597250,0,0.00000000,154,154,100.00000000,13.32880088
nuscenes,scene-0103_021,yaw_deg,1.00000000,2,Car,19.27339424,19.16055728,0,0.00000000,24,21,87.50000000,22.87519588
nuscenes,scene-0103_021,yaw_deg,1.00000000,10,Car,35.98523209,35.36927757,0,0.00000000,10,7,70.00000000,22.97590247
nuscenes,scene-0103_021,yaw_deg,1.00000000,12,Car,20.21630035,18.07958645,2,0.00000000,14,12,85.71428571,29.71095964
nuscenes,scene-0103_021,yaw_deg,1.00000000,13,bicycle_rack,37.34473225,36.48411110,0,0.00000000,11,11,100.00000000,23.27764353
nuscenes,scene-0103_021,yaw_deg,1.00000000,16,Car,6.01589441,3.84420431,0,0.99303227,883,15,1.69875425,32.37109659
nuscenes,scene-0103_021,yaw_deg,1.00000000,21,Truck,52.43771837,51.89855211,0,0.00000000,6,6,100.00000000,22.54617677
nuscenes,scene-0103_021,yaw_deg,1.00000000,22,Car,25.19150162,21.61805200,0,0.43925867,6,5,83.33333333,29.87136531
nuscenes,scene-0103_021,yaw_deg,1.00000000,23,Car,13.72152191,12.63597250,0,0.00000000,154,153,99.35064935,26.75586975
nuscenes,scene-0103_021,yaw_deg,2.00000000,2,Car,19.27339424,19.16055728,0,0.00000000,24,17,70.83333333,45.70840610
nuscenes,scene-0103_021,yaw_deg,2.00000000,10,Car,35.98523209,35.36927757,0,0.00000000,10,4,40.00000000,45.81882087
nuscenes,scene-0103_021,yaw_deg,2.00000000,12,Car,20.21630035,18.07958645,2,0.00000000,14,9,64.28571429,60.03241020
nuscenes,scene-0103_021,yaw_deg,2.00000000,13,bicycle_rack,37.34473225,36.48411110,0,0.00000000,11,11,100.00000000,46.73768703
nuscenes,scene-0103_021,yaw_deg,2.00000000,16,Car,6.01589441,3.84420431,0,0.99303227,883,25,2.83125708,64.06009152
nuscenes,scene-0103_021,yaw_deg,2.00000000,21,Truck,52.43771837,51.89855211,0,0.00000000,6,4,66.66666667,45.21099929
nuscenes,scene-0103_021,yaw_deg,2.00000000,22,Car,25.19150162,21.61805200,0,0.43925867,6,6,100.00000000,59.15298747
nuscenes,scene-0103_021,yaw_deg,2.00000000,23,Car,13.72152191,12.63597250,0,0.00000000,154,150,97.40259740,53.91808124
nuscenes,scene-0103_021,yaw_deg,3.00000000,2,Car,19.27339424,19.16055728,0,0.00000000,24,16,66.66666667,68.51448005
nuscenes,scene-0103_021,yaw_deg,3.00000000,10,Car,35.98523209,35.36927757,0,0.00000000,10,0,0.00000000,68.54409218
nuscenes,scene-0103_021,yaw_deg,3.00000000,12,Car,20.21630035,18.07958645,2,0.00000000,14,7,50.00000000,83.06257880
nuscenes,scene-0103_021,yaw_deg,3.00000000,13,bicycle_rack,37.34473225,36.48411110,0,0.00000000,11,10,90.90909091,70.39712084
nuscenes,scene-0103_021,yaw_deg,3.00000000,16,Car,6.01589441,3.84420431,0,0.99303227,883,25,2.83125708,95.10958561
nuscenes,scene-0103_021,yaw_deg,3.00000000,21,Truck,52.43771837,51.89855211,0,0.00000000,6,1,16.66666667,68.00954462
nuscenes,scene-0103_021,yaw_deg,3.00000000,22,Car,25.19150162,21.61805200,0,0.43925867,6,6,100.00000000,87.88011917
nuscenes,scene-0103_021,yaw_deg,3.00000000,23,Car,13.72152191,12.63597250,0,0.00000000,154,146,94.80519481,81.42596703
nuscenes,scene-0103_022,yaw_deg,-3.00000000,2,Car,21.19279714,21.06573544,0,0.00000000,7,2,28.57142857,68.82388819
nuscenes,scene-0103_022,yaw_deg,-3.00000000,10,Car,34.62107143,33.98517586,0,0.00000000,10,0,0.00000000,70.12013472
nuscenes,scene-0103_022,yaw_deg,-3.00000000,13,bicycle_rack,36.00465079,35.10289312,0,0.00000000,16,7,43.75000000,69.08000267
nuscenes,scene-0103_022,yaw_deg,-3.00000000,20,Truck,51.05557443,50.49462096,0,0.00000000,7,0,0.00000000,67.13837336
nuscenes,scene-0103_022,yaw_deg,-3.00000000,21,Car,24.00017717,20.23167208,0,0.63745542,6,0,0.00000000,
nuscenes,scene-0103_022,yaw_deg,-3.00000000,22,Car,12.29454407,10.96742959,0,0.20718809,179,172,96.08938547,82.51951286
nuscenes,scene-0103_022,yaw_deg,-2.00000000,2,Car,21.19279714,21.06573544,0,0.00000000,7,4,57.14285714,45.78723253
nuscenes,scene-0103_022,yaw_deg,-2.00000000,10,Car,34.62107143,33.98517586,0,0.00000000,10,4,40.00000000,46.56369866
nuscenes,scene-0103_022,yaw_deg,-2.00000000,13,bicycle_rack,36.00465079,35.10289312,0,0.00000000,16,10,62.50000000,46.19906851
nuscenes,scene-0103_022,yaw_deg,-2.00000000,20,Truck,51.05557443,50.49462096,0,0.00000000,7,2,28.57142857,44.84427939
nuscenes,scene-0103_022,yaw_deg,-2.00000000,21,Car,24.00017717,20.23167208,0,0.63745542,6,1,16.66666667,59.43287097
nuscenes,scene-0103_022,yaw_deg,-2.00000000,22,Car,12.29454407,10.96742959,0,0.20718809,179,176,98.32402235,55.43846371
nuscenes,scene-0103_022,yaw_deg,-1.00000000,2,Car,21.19279714,21.06573544,0,0.00000000,7,5,71.42857143,22.85102062
nuscenes,scene-0103_022,yaw_deg,-1.00000000,10,Car,34.62107143,33.98517586,0,0.00000000,10,7,70.00000000,23.19589270
nuscenes,scene-0103_022,yaw_deg,-1.00000000,13,bicycle_rack,36.00465079,35.10289312,0,0.00000000,16,12,75.00000000,23.17767619
nuscenes,scene-0103_022,yaw_deg,-1.00000000,20,Truck,51.05557443,50.49462096,0,0.00000000,7,6,85.71428571,22.46960542
nuscenes,scene-0103_022,yaw_deg,-1.00000000,21,Car,24.00017717,20.23167208,0,0.63745542,6,1,16.66666667,29.41608049
nuscenes,scene-0103_022,yaw_deg,-1.00000000,22,Car,12.29454407,10.96742959,0,0.20718809,179,172,96.08938547,27.94137329
nuscenes,scene-0103_022,yaw_deg,-0.50000000,2,Car,21.19279714,21.06573544,0,0.00000000,7,6,85.71428571,11.41580559
nuscenes,scene-0103_022,yaw_deg,-0.50000000,10,Car,34.62107143,33.98517586,0,0.00000000,10,9,90.00000000,11.57748356
nuscenes,scene-0103_022,yaw_deg,-0.50000000,13,bicycle_rack,36.00465079,35.10289312,0,0.00000000,16,15,93.75000000,11.60937820
nuscenes,scene-0103_022,yaw_deg,-0.50000000,20,Truck,51.05557443,50.49462096,0,0.00000000,7,7,100.00000000,11.24757501
nuscenes,scene-0103_022,yaw_deg,-0.50000000,21,Car,24.00017717,20.23167208,0,0.63745542,6,1,16.66666667,14.63524030
nuscenes,scene-0103_022,yaw_deg,-0.50000000,22,Car,12.29454407,10.96742959,0,0.20718809,179,168,93.85474860,14.02804427
nuscenes,scene-0103_022,yaw_deg,0.00000000,2,Car,21.19279714,21.06573544,0,0.00000000,7,7,100.00000000,0.00000000
nuscenes,scene-0103_022,yaw_deg,0.00000000,10,Car,34.62107143,33.98517586,0,0.00000000,10,10,100.00000000,0.00000000
nuscenes,scene-0103_022,yaw_deg,0.00000000,13,bicycle_rack,36.00465079,35.10289312,0,0.00000000,16,16,100.00000000,0.00000000
nuscenes,scene-0103_022,yaw_deg,0.00000000,20,Truck,51.05557443,50.49462096,0,0.00000000,7,7,100.00000000,0.00000000
nuscenes,scene-0103_022,yaw_deg,0.00000000,21,Car,24.00017717,20.23167208,0,0.63745542,6,1,16.66666667,0.00000000
nuscenes,scene-0103_022,yaw_deg,0.00000000,22,Car,12.29454407,10.96742959,0,0.20718809,179,163,91.06145251,0.00000000
nuscenes,scene-0103_022,yaw_deg,0.50000000,2,Car,21.19279714,21.06573544,0,0.00000000,7,7,100.00000000,11.39826858
nuscenes,scene-0103_022,yaw_deg,0.50000000,10,Car,34.62107143,33.98517586,0,0.00000000,10,10,100.00000000,11.53857649
nuscenes,scene-0103_022,yaw_deg,0.50000000,13,bicycle_rack,36.00465079,35.10289312,0,0.00000000,16,16,100.00000000,11.65250123
nuscenes,scene-0103_022,yaw_deg,0.50000000,20,Truck,51.05557443,50.49462096,0,0.00000000,7,7,100.00000000,11.27495123
nuscenes,scene-0103_022,yaw_deg,0.50000000,21,Car,24.00017717,20.23167208,0,0.63745542,6,1,16.66666667,14.49404896
nuscenes,scene-0103_022,yaw_deg,0.50000000,22,Car,12.29454407,10.96742959,0,0.20718809,179,159,88.82681564,14.11218783
nuscenes,scene-0103_022,yaw_deg,1.00000000,2,Car,21.19279714,21.06573544,0,0.00000000,7,6,85.71428571,22.78086127
nuscenes,scene-0103_022,yaw_deg,1.00000000,10,Car,34.62107143,33.98517586,0,0.00000000,10,7,70.00000000,23.04023884
nuscenes,scene-0103_022,yaw_deg,1.00000000,13,bicycle_rack,36.00465079,35.10289312,0,0.00000000,16,16,100.00000000,23.35019695
nuscenes,scene-0103_022,yaw_deg,1.00000000,20,Truck,51.05557443,50.49462096,0,0.00000000,7,7,100.00000000,22.57912765
nuscenes,scene-0103_022,yaw_deg,1.00000000,21,Car,24.00017717,20.23167208,0,0.63745542,6,0,0.00000000,28.85118685
nuscenes,scene-0103_022,yaw_deg,1.00000000,22,Car,12.29454407,10.96742959,0,0.20718809,179,156,87.15083799,28.21882425
nuscenes,scene-0103_022,yaw_deg,2.00000000,2,Car,21.19279714,21.06573544,0,0.00000000,7,6,85.71428571,45.50641443
nuscenes,scene-0103_022,yaw_deg,2.00000000,10,Car,34.62107143,33.98517586,0,0.00000000,10,4,40.00000000,45.94067329
nuscenes,scene-0103_022,yaw_deg,2.00000000,13,bicycle_rack,36.00465079,35.10289312,0,0.00000000,16,14,87.50000000,46.88961022
nuscenes,scene-0103_022,yaw_deg,2.00000000,20,Truck,51.05557443,50.49462096,0,0.00000000,7,6,85.71428571,45.28264635
nuscenes,scene-0103_022,yaw_deg,2.00000000,21,Car,24.00017717,20.23167208,0,0.63745542,6,1,16.66666667,57.17124156
nuscenes,scene-0103_022,yaw_deg,2.00000000,22,Car,12.29454407,10.96742959,0,0.20718809,179,148,82.68156425,56.52314105
nuscenes,scene-0103_022,yaw_deg,3.00000000,2,Car,21.19279714,21.06573544,0,0.00000000,7,5,71.42857143,68.19136882
nuscenes,scene-0103_022,yaw_deg,3.00000000,10,Car,34.62107143,33.98517586,0,0.00000000,10,0,0.00000000,68.71678809
nuscenes,scene-0103_022,yaw_deg,3.00000000,13,bicycle_rack,36.00465079,35.10289312,0,0.00000000,16,11,68.75000000,70.63544412
nuscenes,scene-0103_022,yaw_deg,3.00000000,20,Truck,51.05557443,50.49462096,0,0.00000000,7,2,28.57142857,68.12574311
nuscenes,scene-0103_022,yaw_deg,3.00000000,21,Car,24.00017717,20.23167208,0,0.63745542,6,4,66.66666667,84.99204237
nuscenes,scene-0103_022,yaw_deg,3.00000000,22,Car,12.29454407,10.96742959,0,0.20718809,179,139,77.65363128,84.64867562
nuscenes,scene-0103_023,yaw_deg,-3.00000000,2,Car,23.75655394,23.61464905,0,0.00000000,10,5,50.00000000,68.61904354
nuscenes,scene-0103_023,yaw_deg,-3.00000000,10,Car,32.99137001,32.32672260,0,0.00000000,10,0,0.00000000,70.39625291
nuscenes,scene-0103_023,yaw_deg,-3.00000000,13,bicycle_rack,34.40138612,33.45184742,0,0.00000000,12,4,33.33333333,68.78416124
nuscenes,scene-0103_023,yaw_deg,-3.00000000,19,Pedestrian,26.88003111,25.23924905,0,0.00000000,6,0,0.00000000,77.48459102
nuscenes,scene-0103_023,yaw_deg,-3.00000000,20,Truck,49.42265812,48.84439978,0,0.00000000,7,0,0.00000000,67.23683122
nuscenes,scene-0103_023,yaw_deg,-3.00000000,21,Car,22.59968370,18.57055975,0,0.85394639,14,0,0.00000000,
nuscenes,scene-0103_023,yaw_deg,-3.00000000,22,Car,10.72459228,9.03770831,0,0.50425903,279,207,74.19354839,86.20613089
nuscenes,scene-0103_023,yaw_deg,-3.00000000,25,Car,23.39635085,21.72580167,1,0.00000000,5,3,60.00000000,77.14143933
nuscenes,scene-0103_023,yaw_deg,-2.00000000,2,Car,23.75655394,23.61464905,0,0.00000000,10,5,50.00000000,45.64825830
nuscenes,scene-0103_023,yaw_deg,-2.00000000,10,Car,32.99137001,32.32672260,0,0.00000000,10,4,40.00000000,46.74076038
nuscenes,scene-0103_023,yaw_deg,-2.00000000,13,bicycle_rack,34.40138612,33.45184742,0,0.00000000,12,6,50.00000000,45.99311883
nuscenes,scene-0103_023,yaw_deg,-2.00000000,19,Pedestrian,26.88003111,25.23924905,0,0.00000000,6,0,0.00000000,51.29354316
nuscenes,scene-0103_023,yaw_deg,-2.00000000,20,Truck,49.42265812,48.84439978,0,0.00000000,7,2,28.57142857,44.91425942
nuscenes,scene-0103_023,yaw_deg,-2.00000000,21,Car,22.59968370,18.57055975,0,0.85394639,14,0,0.00000000,
nuscenes,scene-0103_023,yaw_deg,-2.00000000,22,Car,10.72459228,9.03770831,0,0.50425903,279,202,72.40143369,57.96823752
nuscenes,scene-0103_023,yaw_deg,-2.00000000,25,Car,23.39635085,21.72580167,1,0.00000000,5,4,80.00000000,51.76668887
nuscenes,scene-0103_023,yaw_deg,-1.00000000,2,Car,23.75655394,23.61464905,0,0.00000000,10,6,60.00000000,22.78029851
nuscenes,scene-0103_023,yaw_deg,-1.00000000,10,Car,32.99137001,32.32672260,0,0.00000000,10,7,70.00000000,23.28099167
nuscenes,scene-0103_023,yaw_deg,-1.00000000,13,bicycle_rack,34.40138612,33.45184742,0,0.00000000,12,8,66.66666667,23.07026097
nuscenes,scene-0103_023,yaw_deg,-1.00000000,19,Pedestrian,26.88003111,25.23924905,0,0.00000000,6,2,33.33333333,25.47324809
nuscenes,scene-0103_023,yaw_deg,-1.00000000,20,Truck,49.42265812,48.84439978,0,0.00000000,7,6,85.71428571,22.50679186
nuscenes,scene-0103_023,yaw_deg,-1.00000000,21,Car,22.59968370,18.57055975,0,0.85394639,14,0,0.00000000,
nuscenes,scene-0103_023,yaw_deg,-1.00000000,22,Car,10.72459228,9.03770831,0,0.50425903,279,196,70.25089606,29.24362844
nuscenes,scene-0103_023,yaw_deg,-1.00000000,25,Car,23.39635085,21.72580167,1,0.00000000,5,5,100.00000000,26.06060261
nuscenes,scene-0103_023,yaw_deg,-0.50000000,2,Car,23.75655394,23.61464905,0,0.00000000,10,8,80.00000000,11.38013004
nuscenes,scene-0103_023,yaw_deg,-0.50000000,10,Car,32.99137001,32.32672260,0,0.00000000,10,9,90.00000000,11.61918861
nuscenes,scene-0103_023,yaw_deg,-0.50000000,13,bicycle_rack,34.40138612,33.45184742,0,0.00000000,12,11,91.66666667,11.55454463
nuscenes,scene-0103_023,yaw_deg,-0.50000000,19,Pedestrian,26.88003111,25.23924905,0,0.00000000,6,4,66.66666667,12.69468231
nuscenes,scene-0103_023,yaw_deg,-0.50000000,20,Truck,49.42265812,48.84439978,0,0.00000000,7,7,100.00000000,11.26672260
nuscenes,scene-0103_023,yaw_deg,-0.50000000,21,Car,22.59968370,18.57055975,0,0.85394639,14,2,14.28571429,15.25224763
nuscenes,scene-0103_023,yaw_deg,-0.50000000,22,Car,10.72459228,9.03770831,0,0.50425903,279,188,67.38351254,14.68878144
nuscenes,scene-0103_023,yaw_deg,-0.50000000,25,Car,23.39635085,21.72580167,1,0.00000000,5,5,100.00000000,13.07610632
nuscenes,scene-0103_023,yaw_deg,0.00000000,2,Car,23.75655394,23.61464905,0,0.00000000,10,10,100.00000000,0.00000000
nuscenes,scene-0103_023,yaw_deg,0.00000000,10,Car,32.99137001,32.32672260,0,0.00000000,10,10,100.00000000,0.00000000
nuscenes,scene-0103_023,yaw_deg,0.00000000,13,bicycle_rack,34.40138612,33.45184742,0,0.00000000,12,12,100.00000000,0.00000000
nuscenes,scene-0103_023,yaw_deg,0.00000000,19,Pedestrian,26.88003111,25.23924905,0,0.00000000,6,6,100.00000000,0.00000000
nuscenes,scene-0103_023,yaw_deg,0.00000000,20,Truck,49.42265812,48.84439978,0,0.00000000,7,7,100.00000000,0.00000000
nuscenes,scene-0103_023,yaw_deg,0.00000000,21,Car,22.59968370,18.57055975,0,0.85394639,14,2,14.28571429,0.00000000
nuscenes,scene-0103_023,yaw_deg,0.00000000,22,Car,10.72459228,9.03770831,0,0.50425903,279,181,64.87455197,0.00000000
nuscenes,scene-0103_023,yaw_deg,0.00000000,25,Car,23.39635085,21.72580167,1,0.00000000,5,5,100.00000000,0.00000000
nuscenes,scene-0103_023,yaw_deg,0.50000000,2,Car,23.75655394,23.61464905,0,0.00000000,10,10,100.00000000,11.36195210
nuscenes,scene-0103_023,yaw_deg,0.50000000,10,Car,32.99137001,32.32672260,0,0.00000000,10,10,100.00000000,11.57861816
nuscenes,scene-0103_023,yaw_deg,0.50000000,13,bicycle_rack,34.40138612,33.45184742,0,0.00000000,12,12,100.00000000,11.59538192
nuscenes,scene-0103_023,yaw_deg,0.50000000,19,Pedestrian,26.88003111,25.23924905,0,0.00000000,6,6,100.00000000,12.61359715
nuscenes,scene-0103_023,yaw_deg,0.50000000,20,Truck,49.42265812,48.84439978,0,0.00000000,7,7,100.00000000,11.29521903
nuscenes,scene-0103_023,yaw_deg,0.50000000,21,Car,22.59968370,18.57055975,0,0.85394639,14,2,14.28571429,15.09265376
nuscenes,scene-0103_023,yaw_deg,0.50000000,22,Car,10.72459228,9.03770831,0,0.50425903,279,171,61.29032258,14.73649470
nuscenes,scene-0103_023,yaw_deg,0.50000000,25,Car,23.39635085,21.72580167,1,0.00000000,5,5,100.00000000,13.17078584
nuscenes,scene-0103_023,yaw_deg,1.00000000,2,Car,23.75655394,23.61464905,0,0.00000000,10,9,90.00000000,22.70757509
nuscenes,scene-0103_023,yaw_deg,1.00000000,10,Car,32.99137001,32.32672260,0,0.00000000,10,7,70.00000000,23.11868306
nuscenes,scene-0103_023,yaw_deg,1.00000000,13,bicycle_rack,34.40138612,33.45184742,0,0.00000000,12,11,91.66666667,23.23363710
nuscenes,scene-0103_023,yaw_deg,1.00000000,19,Pedestrian,26.88003111,25.23924905,0,0.00000000,6,2,33.33333333,25.14884669
nuscenes,scene-0103_023,yaw_deg,1.00000000,20,Truck,49.42265812,48.84439978,0,0.00000000,7,7,100.00000000,22.62079568
nuscenes,scene-0103_023,yaw_deg,1.00000000,21,Car,22.59968370,18.57055975,0,0.85394639,14,1,7.14285714,30.03054532
nuscenes,scene-0103_023,yaw_deg,1.00000000,22,Car,10.72459228,9.03770831,0,0.50425903,279,164,58.78136201,29.47941153
nuscenes,scene-0103_023,yaw_deg,1.00000000,25,Car,23.39635085,21.72580167,1,0.00000000,5,5,100.00000000,26.43939526
nuscenes,scene-0103_023,yaw_deg,2.00000000,2,Car,23.75655394,23.61464905,0,0.00000000,10,5,50.00000000,45.35717788
nuscenes,scene-0103_023,yaw_deg,2.00000000,10,Car,32.99137001,32.32672260,0,0.00000000,10,4,40.00000000,46.09109630
nuscenes,scene-0103_023,yaw_deg,2.00000000,13,bicycle_rack,34.40138612,33.45184742,0,0.00000000,12,11,91.66666667,46.64705470
nuscenes,scene-0103_023,yaw_deg,2.00000000,19,Pedestrian,26.88003111,25.23924905,0,0.00000000,6,0,0.00000000,49.99496471
nuscenes,scene-0103_023,yaw_deg,2.00000000,20,Truck,49.42265812,48.84439978,0,0.00000000,7,6,85.71428571,45.37056483
nuscenes,scene-0103_023,yaw_deg,2.00000000,21,Car,22.59968370,18.57055975,0,0.85394639,14,4,28.57142857,59.46064260
nuscenes,scene-0103_023,yaw_deg,2.00000000,22,Car,10.72459228,9.03770831,0,0.50425903,279,145,51.97132616,58.89579578
nuscenes,scene-0103_023,yaw_deg,2.00000000,25,Car,23.39635085,21.72580167,1,0.00000000,5,5,100.00000000,53.28305358
nuscenes,scene-0103_023,yaw_deg,3.00000000,2,Car,23.75655394,23.61464905,0,0.00000000,10,5,50.00000000,67.96341125
nuscenes,scene-0103_023,yaw_deg,3.00000000,10,Car,32.99137001,32.32672260,0,0.00000000,10,1,10.00000000,68.93289510
nuscenes,scene-0103_023,yaw_deg,3.00000000,13,bicycle_rack,34.40138612,33.45184742,0,0.00000000,12,11,91.66666667,70.25713704
nuscenes,scene-0103_023,yaw_deg,3.00000000,19,Pedestrian,26.88003111,25.23924905,0,0.00000000,6,0,0.00000000,74.55913482
nuscenes,scene-0103_023,yaw_deg,3.00000000,20,Truck,49.42265812,48.84439978,0,0.00000000,7,3,42.85714286,68.26460789
nuscenes,scene-0103_023,yaw_deg,3.00000000,21,Car,22.59968370,18.57055975,0,0.85394639,14,5,35.71428571,88.32612834
nuscenes,scene-0103_023,yaw_deg,3.00000000,22,Car,10.72459228,9.03770831,0,0.50425903,279,127,45.51971326,88.24016085
nuscenes,scene-0103_023,yaw_deg,3.00000000,25,Car,23.39635085,21.72580167,1,0.00000000,5,3,60.00000000,80.55774622
nuscenes,scene-0103_024,yaw_deg,-3.00000000,3,Car,39.33004232,35.68355701,1,0.00000000,5,0,0.00000000,83.95822136
nuscenes,scene-0103_024,yaw_deg,-3.00000000,9,Car,41.29417316,35.21250365,0,0.49762402,5,0,0.00000000,
nuscenes,scene-0103_024,yaw_deg,-3.00000000,10,Car,31.15508203,30.45892501,0,0.00000000,10,0,0.00000000,70.82981758
nuscenes,scene-0103_024,yaw_deg,-3.00000000,12,Car,16.05369190,13.20210195,2,0.61022799,14,11,78.57142857,90.78102847
nuscenes,scene-0103_024,yaw_deg,-3.00000000,13,bicycle_rack,32.60094028,31.58311983,0,0.00000000,19,11,57.89473684,70.47345545
nuscenes,scene-0103_024,yaw_deg,-3.00000000,19,Pedestrian,25.87800952,24.17496227,0,0.00000000,6,0,0.00000000,78.42853519
nuscenes,scene-0103_024,yaw_deg,-3.00000000,20,Truck,47.58598196,46.97555115,0,0.00000000,10,0,0.00000000,67.29625763
nuscenes,scene-0103_024,yaw_deg,-3.00000000,21,Car,9.15861668,6.90245353,0,0.83005709,391,145,37.08439898,90.01095874
nuscenes,scene-0103_024,yaw_deg,-3.00000000,24,Car,21.67379121,19.84190184,0,0.00000000,18,15,83.33333333,79.27615323
nuscenes,scene-0103_024,yaw_deg,-2.00000000,3,Car,39.33004232,35.68355701,1,0.00000000,5,1,20.00000000,55.46417757
nuscenes,scene-0103_024,yaw_deg,-2.00000000,9,Car,41.29417316,35.21250365,0,0.49762402,5,2,40.00000000,59.51552500
nuscenes,scene-0103_024,yaw_deg,-2.00000000,10,Car,31.15508203,30.45892501,0,0.00000000,10,4,40.00000000,47.01791524
nuscenes,scene-0103_024,yaw_deg,-2.00000000,12,Car,16.05369190,13.20210195,2,0.61022799,14,11,78.57142857,61.13716219
nuscenes,scene-0103_024,yaw_deg,-2.00000000,13,bicycle_rack,32.60094028,31.58311983,0,0.00000000,19,13,68.42105263,47.16551507
nuscenes,scene-0103_024,yaw_deg,-2.00000000,19,Pedestrian,25.87800952,24.17496227,0,0.00000000,6,0,0.00000000,51.90214379
nuscenes,scene-0103_024,yaw_deg,-2.00000000,20,Truck,47.58598196,46.97555115,0,0.00000000,10,3,30.00000000,44.94795375
nuscenes,scene-0103_024,yaw_deg,-2.00000000,21,Car,9.15861668,6.90245353,0,0.83005709,391,142,36.31713555,60.57983474
nuscenes,scene-0103_024,yaw_deg,-2.00000000,24,Car,21.67379121,19.84190184,0,0.00000000,18,16,88.88888889,53.23415074
nuscenes,scene-0103_024,yaw_deg,-1.00000000,3,Car,39.33004232,35.68355701,1,0.00000000,5,4,80.00000000,27.48841232
nuscenes,scene-0103_024,yaw_deg,-1.00000000,9,Car,41.29417316,35.21250365,0,0.49762402,5,2,40.00000000,29.45143374
nuscenes,scene-0103_024,yaw_deg,-1.00000000,10,Car,31.15508203,30.45892501,0,0.00000000,10,7,70.00000000,23.41375108
nuscenes,scene-0103_024,yaw_deg,-1.00000000,12,Car,16.05369190,13.20210195,2,0.61022799,14,12,85.71428571,30.88968395
nuscenes,scene-0103_024,yaw_deg,-1.00000000,13,bicycle_rack,32.60094028,31.58311983,0,0.00000000,19,17,89.47368421,23.68002120
nuscenes,scene-0103_024,yaw_deg,-1.00000000,19,Pedestrian,25.87800952,24.17496227,0,0.00000000,6,1,16.66666667,25.76752611
nuscenes,scene-0103_024,yaw_deg,-1.00000000,20,Truck,47.58598196,46.97555115,0,0.00000000,10,9,90.00000000,22.52067219
nuscenes,scene-0103_024,yaw_deg,-1.00000000,21,Car,9.15861668,6.90245353,0,0.83005709,391,130,33.24808184,30.58844357
nuscenes,scene-0103_024,yaw_deg,-1.00000000,24,Car,21.67379121,19.84190184,0,0.00000000,18,18,100.00000000,26.81721544
nuscenes,scene-0103_024,yaw_deg,-0.50000000,3,Car,39.33004232,35.68355701,1,0.00000000,5,5,100.00000000,13.68515338
nuscenes,scene-0103_024,yaw_deg,-0.50000000,9,Car,41.29417316,35.21250365,0,0.49762402,5,2,40.00000000,14.65145093
nuscenes,scene-0103_024,yaw_deg,-0.50000000,10,Car,31.15508203,30.45892501,0,0.00000000,10,9,90.00000000,11.68413604
nuscenes,scene-0103_024,yaw_deg,-0.50000000,12,Car,16.05369190,13.20210195,2,0.61022799,14,11,78.57142857,15.52762429
nuscenes,scene-0103_024,yaw_deg,-0.50000000,13,bicycle_rack,32.60094028,31.58311983,0,0.00000000,19,19,100.00000000,11.86540735
nuscenes,scene-0103_024,yaw_deg,-0.50000000,19,Pedestrian,25.87800952,24.17496227,0,0.00000000,6,3,50.00000000,12.83937357
nuscenes,scene-0103_024,yaw_deg,-0.50000000,20,Truck,47.58598196,46.97555115,0,0.00000000,10,9,90.00000000,11.27291951
nuscenes,scene-0103_024,yaw_deg,-0.50000000,21,Car,9.15861668,6.90245353,0,0.83005709,391,120,30.69053708,15.37123876
nuscenes,scene-0103_024,yaw_deg,-0.50000000,24,Car,21.67379121,19.84190184,0,0.00000000,18,18,100.00000000,13.46027588
nuscenes,scene-0103_024,yaw_deg,0.00000000,3,Car,39.33004232,35.68355701,1,0.00000000,5,5,100.00000000,0.00000000
nuscenes,scene-0103_024,yaw_deg,0.00000000,9,Car,41.29417316,35.21250365,0,0.49762402,5,3,60.00000000,0.00000000
nuscenes,scene-0103_024,yaw_deg,0.00000000,10,Car,31.15508203,30.45892501,0,0.00000000,10,10,100.00000000,0.00000000
nuscenes,scene-0103_024,yaw_deg,0.00000000,12,Car,16.05369190,13.20210195,2,0.61022799,14,10,71.42857143,0.00000000
nuscenes,scene-0103_024,yaw_deg,0.00000000,13,bicycle_rack,32.60094028,31.58311983,0,0.00000000,19,19,100.00000000,0.00000000
nuscenes,scene-0103_024,yaw_deg,0.00000000,19,Pedestrian,25.87800952,24.17496227,0,0.00000000,6,6,100.00000000,0.00000000
nuscenes,scene-0103_024,yaw_deg,0.00000000,20,Truck,47.58598196,46.97555115,0,0.00000000,10,10,100.00000000,0.00000000
nuscenes,scene-0103_024,yaw_deg,0.00000000,21,Car,9.15861668,6.90245353,0,0.83005709,391,110,28.13299233,0.00000000
nuscenes,scene-0103_024,yaw_deg,0.00000000,24,Car,21.67379121,19.84190184,0,0.00000000,18,18,100.00000000,0.00000000
nuscenes,scene-0103_024,yaw_deg,0.50000000,3,Car,39.33004232,35.68355701,1,0.00000000,5,5,100.00000000,13.57065524
nuscenes,scene-0103_024,yaw_deg,0.50000000,9,Car,41.29417316,35.21250365,0,0.49762402,5,3,60.00000000,14.55742718
nuscenes,scene-0103_024,yaw_deg,0.50000000,10,Car,31.15508203,30.45892501,0,0.00000000,10,10,100.00000000,11.64074281
nuscenes,scene-0103_024,yaw_deg,0.50000000,12,Car,16.05369190,13.20210195,2,0.61022799,14,8,57.14285714,15.40200905
nuscenes,scene-0103_024,yaw_deg,0.50000000,13,bicycle_rack,32.60094028,31.58311983,0,0.00000000,19,19,100.00000000,11.91840534
nuscenes,scene-0103_024,yaw_deg,0.50000000,19,Pedestrian,25.87800952,24.17496227,0,0.00000000,6,6,100.00000000,12.75350252
nuscenes,scene-0103_024,yaw_deg,0.50000000,20,Truck,47.58598196,46.97555115,0,0.00000000,10,10,100.00000000,11.29992517
nuscenes,scene-0103_024,yaw_deg,0.50000000,21,Car,9.15861668,6.90245353,0,0.83005709,391,100,25.57544757,15.43989783
nuscenes,scene-0103_024,yaw_deg,0.50000000,24,Car,21.67379121,19.84190184,0,0.00000000,18,18,100.00000000,13.56698238
nuscenes,scene-0103_024,yaw_deg,1.00000000,3,Car,39.33004232,35.68355701,1,0.00000000,5,5,100.00000000,27.03032457
nuscenes,scene-0103_024,yaw_deg,1.00000000,9,Car,41.29417316,35.21250365,0,0.49762402,5,3,60.00000000,28.97362135
nuscenes,scene-0103_024,yaw_deg,1.00000000,10,Car,31.15508203,30.45892501,0,0.00000000,10,9,90.00000000,23.24014924
nuscenes,scene-0103_024,yaw_deg,1.00000000,12,Car,16.05369190,13.20210195,2,0.61022799,14,7,50.00000000,30.49145565
nuscenes,scene-0103_024,yaw_deg,1.00000000,13,bicycle_rack,32.60094028,31.58311983,0,0.00000000,19,19,100.00000000,23.89204950
nuscenes,scene-0103_024,yaw_deg,1.00000000,19,Pedestrian,25.87800952,24.17496227,0,0.00000000,6,3,50.00000000,25.42397653
nuscenes,scene-0103_024,yaw_deg,1.00000000,20,Truck,47.58598196,46.97555115,0,0.00000000,10,10,100.00000000,22.62871198
nuscenes,scene-0103_024,yaw_deg,1.00000000,21,Car,9.15861668,6.90245353,0,0.83005709,391,92,23.52941176,30.87750811
nuscenes,scene-0103_024,yaw_deg,1.00000000,24,Car,21.67379121,19.84190184,0,0.00000000,18,18,100.00000000,27.24412893
nuscenes,scene-0103_024,yaw_deg,2.00000000,3,Car,39.33004232,35.68355701,1,0.00000000,5,5,100.00000000,53.63030203
nuscenes,scene-0103_024,yaw_deg,2.00000000,9,Car,41.29417316,35.21250365,0,0.49762402,5,3,60.00000000,57.39917158
nuscenes,scene-0103_024,yaw_deg,2.00000000,10,Car,31.15508203,30.45892501,0,0.00000000,10,5,50.00000000,46.32304473
nuscenes,scene-0103_024,yaw_deg,2.00000000,12,Car,16.05369190,13.20210195,2,0.61022799,14,4,28.57142857,59.28733285
nuscenes,scene-0103_024,yaw_deg,2.00000000,13,bicycle_rack,32.60094028,31.58311983,0,0.00000000,19,16,84.21052632,48.01421007
nuscenes,scene-0103_024,yaw_deg,2.00000000,19,Pedestrian,25.87800952,24.17496227,0,0.00000000,6,0,0.00000000,50.52689883
nuscenes,scene-0103_024,yaw_deg,2.00000000,20,Truck,47.58598196,46.97555115,0,0.00000000,10,9,90.00000000,45.38038791
nuscenes,scene-0103_024,yaw_deg,2.00000000,21,Car,9.15861668,6.90245353,0,0.83005709,391,77,19.69309463,61.58674570
nuscenes,scene-0103_024,yaw_deg,2.00000000,24,Car,21.67379121,19.84190184,0,0.00000000,18,18,100.00000000,54.94320583
nuscenes,scene-0103_024,yaw_deg,3.00000000,3,Car,39.33004232,35.68355701,1,0.00000000,5,2,40.00000000,79.82627277
nuscenes,scene-0103_024,yaw_deg,3.00000000,9,Car,41.29417316,35.21250365,0,0.49762402,5,2,40.00000000,85.30918183
nuscenes,scene-0103_024,yaw_deg,3.00000000,10,Car,31.15508203,30.45892501,0,0.00000000,10,2,20.00000000,69.26461934
nuscenes,scene-0103_024,yaw_deg,3.00000000,12,Car,16.05369190,13.20210195,2,0.61022799,14,4,28.57142857,89.84853906
nuscenes,scene-0103_024,yaw_deg,3.00000000,13,bicycle_rack,32.60094028,31.58311983,0,0.00000000,19,14,73.68421053,72.38520442
nuscenes,scene-0103_024,yaw_deg,3.00000000,19,Pedestrian,25.87800952,24.17496227,0,0.00000000,6,0,0.00000000,75.33030201
nuscenes,scene-0103_024,yaw_deg,3.00000000,20,Truck,47.58598196,46.97555115,0,0.00000000,10,6,60.00000000,68.27026736
nuscenes,scene-0103_024,yaw_deg,3.00000000,21,Car,9.15861668,6.90245353,0,0.83005709,391,62,15.85677749,92.24120086
nuscenes,scene-0103_024,yaw_deg,3.00000000,24,Car,21.67379121,19.84190184,0,0.00000000,18,15,83.33333333,83.12679192
nuscenes,scene-0103_025,yaw_deg,-3.00000000,9,Car,39.50393010,33.14976927,0,0.74948833,5,0,0.00000000,
nuscenes,scene-0103_025,yaw_deg,-3.00000000,10,Car,29.10530766,28.38043135,0,0.00000000,15,2,13.33333333,71.31406789
nuscenes,scene-0103_025,yaw_deg,-3.00000000,12,Car,14.37952868,11.06105572,2,0.87053224,38,18,47.36842105,92.27159805
nuscenes,scene-0103_025,yaw_deg,-3.00000000,13,bicycle_rack,30.59775463,29.48788096,0,0.00000000,17,11,64.70588235,70.92976338
nuscenes,scene-0103_025,yaw_deg,-3.00000000,20,Truck,45.46867799,44.81465941,0,0.00000000,10,0,0.00000000,67.38102538
nuscenes,scene-0103_025,yaw_deg,-3.00000000,21,Car,7.76776566,4.75542765,0,0.99164806,611,29,4.74631751,97.82721848
nuscenes,scene-0103_025,yaw_deg,-3.00000000,25,Car,19.78444885,17.73022568,0,0.00000000,30,26,86.66666667,83.81104037
nuscenes,scene-0103_025,yaw_deg,-2.00000000,9,Car,39.50393010,33.14976927,0,0.74948833,5,0,0.00000000,
nuscenes,scene-0103_025,yaw_deg,-2.00000000,10,Car,29.10530766,28.38043135,0,0.00000000,15,7,46.66666667,47.32811824
nuscenes,scene-0103_025,yaw_deg,-2.00000000,12,Car,14.37952868,11.06105572,2,0.87053224,38,17,44.73684211,62.15798846
nuscenes,scene-0103_025,yaw_deg,-2.00000000,13,bicycle_rack,30.59775463,29.48788096,0,0.00000000,17,14,82.35294118,47.48365488
nuscenes,scene-0103_025,yaw_deg,-2.00000000,20,Truck,45.46867799,44.81465941,0,0.00000000,10,2,20.00000000,45.00931177
nuscenes,scene-0103_025,yaw_deg,-2.00000000,21,Car,7.76776566,4.75542765,0,0.99164806,611,24,3.92798691,65.94142534
nuscenes,scene-0103_025,yaw_deg,-2.00000000,25,Car,19.78444885,17.73022568,0,0.00000000,30,26,86.66666667,56.35182970
nuscenes,scene-0103_025,yaw_deg,-1.00000000,9,Car,39.50393010,33.14976927,0,0.74948833,5,0,0.00000000,
nuscenes,scene-0103_025,yaw_deg,-1.00000000,10,Car,29.10530766,28.38043135,0,0.00000000,15,11,73.33333333,23.56267859
nuscenes,scene-0103_025,yaw_deg,-1.00000000,12,Car,14.37952868,11.06105572,2,0.87053224,38,19,50.00000000,31.41425607
nuscenes,scene-0103_025,yaw_deg,-1.00000000,13,bicycle_rack,30.59775463,29.48788096,0,0.00000000,17,15,88.23529412,23.84619731
nuscenes,scene-0103_025,yaw_deg,-1.00000000,20,Truck,45.46867799,44.81465941,0,0.00000000,10,8,80.00000000,22.55365871
nuscenes,scene-0103_025,yaw_deg,-1.00000000,21,Car,7.76776566,4.75542765,0,0.99164806,611,14,2.29132570,33.34791442
nuscenes,scene-0103_025,yaw_deg,-1.00000000,25,Car,19.78444885,17.73022568,0,0.00000000,30,29,96.66666667,28.42491860
nuscenes,scene-0103_025,yaw_deg,-0.50000000,9,Car,39.50393010,33.14976927,0,0.74948833,5,1,20.00000000,15.07474408
nuscenes,scene-0103_025,yaw_deg,-0.50000000,10,Car,29.10530766,28.38043135,0,0.00000000,15,14,93.33333333,11.75708126
nuscenes,scene-0103_025,yaw_deg,-0.50000000,12,Car,14.37952868,11.06105572,2,0.87053224,38,17,44.73684211,15.79356921
nuscenes,scene-0103_025,yaw_deg,-0.50000000,13,bicycle_rack,30.59775463,29.48788096,0,0.00000000,17,17,100.00000000,11.95029970
nuscenes,scene-0103_025,yaw_deg,-0.50000000,20,Truck,45.46867799,44.81465941,0,0.00000000,10,8,80.00000000,11.28999457
nuscenes,scene-0103_025,yaw_deg,-0.50000000,21,Car,7.76776566,4.75542765,0,0.99164806,611,8,1.30932897,16.77129647
nuscenes,scene-0103_025,yaw_deg,-0.50000000,25,Car,19.78444885,17.73022568,0,0.00000000,30,30,100.00000000,14.27667023
nuscenes,scene-0103_025,yaw_deg,0.00000000,9,Car,39.50393010,33.14976927,0,0.74948833,5,1,20.00000000,0.00000000
nuscenes,scene-0103_025,yaw_deg,0.00000000,10,Car,29.10530766,28.38043135,0,0.00000000,15,15,100.00000000,0.00000000
nuscenes,scene-0103_025,yaw_deg,0.00000000,12,Car,14.37952868,11.06105572,2,0.87053224,38,13,34.21052632,0.00000000
nuscenes,scene-0103_025,yaw_deg,0.00000000,13,bicycle_rack,30.59775463,29.48788096,0,0.00000000,17,17,100.00000000,0.00000000
nuscenes,scene-0103_025,yaw_deg,0.00000000,20,Truck,45.46867799,44.81465941,0,0.00000000,10,10,100.00000000,0.00000000
nuscenes,scene-0103_025,yaw_deg,0.00000000,21,Car,7.76776566,4.75542765,0,0.99164806,611,3,0.49099836,0.00000000
nuscenes,scene-0103_025,yaw_deg,0.00000000,25,Car,19.78444885,17.73022568,0,0.00000000,30,30,100.00000000,0.00000000
nuscenes,scene-0103_025,yaw_deg,0.50000000,9,Car,39.50393010,33.14976927,0,0.74948833,5,1,20.00000000,14.91800016
nuscenes,scene-0103_025,yaw_deg,0.50000000,10,Car,29.10530766,28.38043135,0,0.00000000,15,15,100.00000000,11.71069794
nuscenes,scene-0103_025,yaw_deg,0.50000000,12,Car,14.37952868,11.06105572,2,0.87053224,38,11,28.94736842,15.93527447
nuscenes,scene-0103_025,yaw_deg,0.50000000,13,bicycle_rack,30.59775463,29.48788096,0,0.00000000,17,17,100.00000000,12.00696530
nuscenes,scene-0103_025,yaw_deg,0.50000000,20,Truck,45.46867799,44.81465941,0,0.00000000,10,10,100.00000000,11.31817459
nuscenes,scene-0103_025,yaw_deg,0.50000000,21,Car,7.76776566,4.75542765,0,0.99164806,611,1,0.16366612,16.84407923
nuscenes,scene-0103_025,yaw_deg,0.50000000,25,Car,19.78444885,17.73022568,0,0.00000000,30,30,100.00000000,14.40915183
nuscenes,scene-0103_025,yaw_deg,1.00000000,9,Car,39.50393010,33.14976927,0,0.74948833,5,1,20.00000000,29.68396266
nuscenes,scene-0103_025,yaw_deg,1.00000000,10,Car,29.10530766,28.38043135,0,0.00000000,15,13,86.66666667,23.37711411
nuscenes,scene-0103_025,yaw_deg,1.00000000,12,Car,14.37952868,11.06105572,2,0.87053224,38,6,15.78947368,31.83920450
nuscenes,scene-0103_025,yaw_deg,1.00000000,13,bicycle_rack,30.59775463,29.48788096,0,0.00000000,17,16,94.11764706,24.07289897
nuscenes,scene-0103_025,yaw_deg,1.00000000,20,Truck,45.46867799,44.81465941,0,0.00000000,10,10,100.00000000,22.66639679
nuscenes,scene-0103_025,yaw_deg,1.00000000,21,Car,7.76776566,4.75542765,0,0.99164806,611,0,0.00000000,
nuscenes,scene-0103_025,yaw_deg,1.00000000,25,Car,19.78444885,17.73022568,0,0.00000000,30,29,96.66666667,28.95496280
nuscenes,scene-0103_025,yaw_deg,2.00000000,9,Car,39.50393010,33.14976927,0,0.74948833,5,3,60.00000000,58.77789659
nuscenes,scene-0103_025,yaw_deg,2.00000000,10,Car,29.10530766,28.38043135,0,0.00000000,15,8,53.33333333,46.58536089
nuscenes,scene-0103_025,yaw_deg,2.00000000,12,Car,14.37952868,11.06105572,2,0.87053224,38,0,0.00000000,
nuscenes,scene-0103_025,yaw_deg,2.00000000,13,bicycle_rack,30.59775463,29.48788096,0,0.00000000,17,14,82.35294118,48.39109014
nuscenes,scene-0103_025,yaw_deg,2.00000000,20,Truck,45.46867799,44.81465941,0,0.00000000,10,10,100.00000000,45.46209341
nuscenes,scene-0103_025,yaw_deg,2.00000000,21,Car,7.76776566,4.75542765,0,0.99164806,611,0,0.00000000,
nuscenes,scene-0103_025,yaw_deg,2.00000000,25,Car,19.78444885,17.73022568,0,0.00000000,30,24,80.00000000,58.47389301
nuscenes,scene-0103_025,yaw_deg,3.00000000,9,Car,39.50393010,33.14976927,0,0.74948833,5,2,40.00000000,87.31672283
nuscenes,scene-0103_025,yaw_deg,3.00000000,10,Car,29.10530766,28.38043135,0,0.00000000,15,4,26.66666667,69.64098796
nuscenes,scene-0103_025,yaw_deg,3.00000000,12,Car,14.37952868,11.06105572,2,0.87053224,38,0,0.00000000,
nuscenes,scene-0103_025,yaw_deg,3.00000000,13,bicycle_rack,30.59775463,29.48788096,0,0.00000000,17,11,64.70588235,72.97385399
nuscenes,scene-0103_025,yaw_deg,3.00000000,20,Truck,45.46867799,44.81465941,0,0.00000000,10,8,80.00000000,68.40335560
nuscenes,scene-0103_025,yaw_deg,3.00000000,21,Car,7.76776566,4.75542765,0,0.99164806,611,0,0.00000000,
nuscenes,scene-0103_025,yaw_deg,3.00000000,25,Car,19.78444885,17.73022568,0,0.00000000,30,21,70.00000000,88.10384936
nuscenes,scene-0103_026,yaw_deg,-3.00000000,3,Car,35.31574099,31.31058746,1,0.00000000,5,0,0.00000000,87.73619684
nuscenes,scene-0103_026,yaw_deg,-3.00000000,9,Car,26.79292342,26.02633213,0,0.00000000,20,4,20.00000000,71.96721008
nuscenes,scene-0103_026,yaw_deg,-3.00000000,11,bicycle_rack,28.36483285,27.12109583,0,0.00000000,28,24,85.71428571,73.53100348
nuscenes,scene-0103_026,yaw_deg,-3.00000000,17,Pedestrian,23.14882169,21.27519668,0,0.00000000,5,0,0.00000000,81.45341771
nuscenes,scene-0103_026,yaw_deg,-3.00000000,18,Truck,43.10971994,42.38043544,0,0.00000000,15,2,13.33333333,67.80444770
nuscenes,scene-0103_026,yaw_deg,-3.00000000,22,Car,17.75834923,15.37928898,0,0.26212254,41,35,85.36585366,88.52324603
nuscenes,scene-0103_026,yaw_deg,-2.00000000,3,Car,35.31574099,31.31058746,1,0.00000000,5,1,20.00000000,58.86380767
nuscenes,scene-0103_026,yaw_deg,-2.00000000,9,Car,26.79292342,26.02633213,0,0.00000000,20,11,55.00000000,47.74710974
nuscenes,scene-0103_026,yaw_deg,-2.00000000,11,bicycle_rack,28.36483285,27.12109583,0,0.00000000,28,25,89.28571429,49.28185009
nuscenes,scene-0103_026,yaw_deg,-2.00000000,17,Pedestrian,23.14882169,21.27519668,0,0.00000000,5,0,0.00000000,53.85621902
nuscenes,scene-0103_026,yaw_deg,-2.00000000,18,Truck,43.10971994,42.38043544,0,0.00000000,15,8,53.33333333,45.31736713
nuscenes,scene-0103_026,yaw_deg,-2.00000000,22,Car,17.75834923,15.37928898,0,0.26212254,41,37,90.24390244,59.58455222
nuscenes,scene-0103_026,yaw_deg,-1.00000000,3,Car,35.31574099,31.31058746,1,0.00000000,5,4,80.00000000,29.13659369
nuscenes,scene-0103_026,yaw_deg,-1.00000000,9,Car,26.79292342,26.02633213,0,0.00000000,20,16,80.00000000,23.76414969
nuscenes,scene-0103_026,yaw_deg,-1.00000000,11,bicycle_rack,28.36483285,27.12109583,0,0.00000000,28,27,96.42857143,24.77809499
nuscenes,scene-0103_026,yaw_deg,-1.00000000,17,Pedestrian,23.14882169,21.27519668,0,0.00000000,5,1,20.00000000,26.71436803
nuscenes,scene-0103_026,yaw_deg,-1.00000000,18,Truck,43.10971994,42.38043544,0,0.00000000,15,14,93.33333333,22.72084986
nuscenes,scene-0103_026,yaw_deg,-1.00000000,22,Car,17.75834923,15.37928898,0,0.26212254,41,38,92.68292683,30.08871620
nuscenes,scene-0103_026,yaw_deg,-0.50000000,3,Car,35.31574099,31.31058746,1,0.00000000,5,5,100.00000000,14.49670658
nuscenes,scene-0103_026,yaw_deg,-0.50000000,9,Car,26.79292342,26.02633213,0,0.00000000,20,18,90.00000000,11.85584492
nuscenes,scene-0103_026,yaw_deg,-0.50000000,11,bicycle_rack,28.36483285,27.12109583,0,0.00000000,28,28,100.00000000,12.42460371
nuscenes,scene-0103_026,yaw_deg,-0.50000000,17,Pedestrian,23.14882169,21.27519668,0,0.00000000,5,4,80.00000000,13.30543423
nuscenes,scene-0103_026,yaw_deg,-0.50000000,18,Truck,43.10971994,42.38043544,0,0.00000000,15,15,100.00000000,11.37690945
nuscenes,scene-0103_026,yaw_deg,-0.50000000,22,Car,17.75834923,15.37928898,0,0.26212254,41,34,82.92682927,15.12078601
nuscenes,scene-0103_026,yaw_deg,0.00000000,3,Car,35.31574099,31.31058746,1,0.00000000,5,5,100.00000000,0.00000000
nuscenes,scene-0103_026,yaw_deg,0.00000000,9,Car,26.79292342,26.02633213,0,0.00000000,20,20,100.00000000,0.00000000
nuscenes,scene-0103_026,yaw_deg,0.00000000,11,bicycle_rack,28.36483285,27.12109583,0,0.00000000,28,28,100.00000000,0.00000000
nuscenes,scene-0103_026,yaw_deg,0.00000000,17,Pedestrian,23.14882169,21.27519668,0,0.00000000,5,5,100.00000000,0.00000000
nuscenes,scene-0103_026,yaw_deg,0.00000000,18,Truck,43.10971994,42.38043544,0,0.00000000,15,15,100.00000000,0.00000000
nuscenes,scene-0103_026,yaw_deg,0.00000000,22,Car,17.75834923,15.37928898,0,0.26212254,41,32,78.04878049,0.00000000
nuscenes,scene-0103_026,yaw_deg,0.50000000,3,Car,35.31574099,31.31058746,1,0.00000000,5,5,100.00000000,14.35783630
nuscenes,scene-0103_026,yaw_deg,0.50000000,9,Car,26.79292342,26.02633213,0,0.00000000,20,20,100.00000000,11.80558247
nuscenes,scene-0103_026,yaw_deg,0.50000000,11,bicycle_rack,28.36483285,27.12109583,0,0.00000000,28,28,100.00000000,12.49830765
nuscenes,scene-0103_026,yaw_deg,0.50000000,17,Pedestrian,23.14882169,21.27519668,0,0.00000000,5,5,100.00000000,13.20520042
nuscenes,scene-0103_026,yaw_deg,0.50000000,18,Truck,43.10971994,42.38043544,0,0.00000000,15,15,100.00000000,11.41175231
nuscenes,scene-0103_026,yaw_deg,0.50000000,22,Car,17.75834923,15.37928898,0,0.26212254,41,30,73.17073171,15.22401973
nuscenes,scene-0103_026,yaw_deg,1.00000000,3,Car,35.31574099,31.31058746,1,0.00000000,5,5,100.00000000,28.58098787
nuscenes,scene-0103_026,yaw_deg,1.00000000,9,Car,26.79292342,26.02633213,0,0.00000000,20,19,95.00000000,23.56306568
nuscenes,scene-0103_026,yaw_deg,1.00000000,11,bicycle_rack,28.36483285,27.12109583,0,0.00000000,28,27,96.42857143,25.07296475
nuscenes,scene-0103_026,yaw_deg,1.00000000,17,Pedestrian,23.14882169,21.27519668,0,0.00000000,5,4,80.00000000,26.31335268
nuscenes,scene-0103_026,yaw_deg,1.00000000,18,Truck,43.10971994,42.38043544,0,0.00000000,15,15,100.00000000,22.85816951
nuscenes,scene-0103_026,yaw_deg,1.00000000,22,Car,17.75834923,15.37928898,0,0.26212254,41,29,70.73170732,30.53047725
nuscenes,scene-0103_026,yaw_deg,2.00000000,3,Car,35.31574099,31.31058746,1,0.00000000,5,5,100.00000000,56.63938703
nuscenes,scene-0103_026,yaw_deg,2.00000000,9,Car,26.79292342,26.02633213,0,0.00000000,20,14,70.00000000,46.94222608
nuscenes,scene-0103_026,yaw_deg,2.00000000,11,bicycle_rack,28.36483285,27.12109583,0,0.00000000,28,24,85.71428571,50.46219407
nuscenes,scene-0103_026,yaw_deg,2.00000000,17,Pedestrian,23.14882169,21.27519668,0,0.00000000,5,0,0.00000000,52.25087476
nuscenes,scene-0103_026,yaw_deg,2.00000000,18,Truck,43.10971994,42.38043544,0,0.00000000,15,14,93.33333333,45.86280424
nuscenes,scene-0103_026,yaw_deg,2.00000000,22,Car,17.75834923,15.37928898,0,0.26212254,41,22,53.65853659,60.72231583
nuscenes,scene-0103_026,yaw_deg,3.00000000,3,Car,35.31574099,31.31058746,1,0.00000000,5,4,80.00000000,84.20638307
nuscenes,scene-0103_026,yaw_deg,3.00000000,9,Car,26.79292342,26.02633213,0,0.00000000,20,8,40.00000000,70.15600047
nuscenes,scene-0103_026,yaw_deg,3.00000000,11,bicycle_rack,28.36483285,27.12109583,0,0.00000000,28,22,78.57142857,76.19002665
nuscenes,scene-0103_026,yaw_deg,3.00000000,17,Pedestrian,23.14882169,21.27519668,0,0.00000000,5,0,0.00000000,77.83657316
nuscenes,scene-0103_026,yaw_deg,3.00000000,18,Truck,43.10971994,42.38043544,0,0.00000000,15,9,60.00000000,69.02976225
nuscenes,scene-0103_026,yaw_deg,3.00000000,22,Car,17.75834923,15.37928898,0,0.26212254,41,17,41.46341463,91.27330095
nuscenes,scene-0103_027,yaw_deg,-3.00000000,8,Car,24.26273938,23.45108482,0,0.00000000,24,7,29.16666667,73.06385001
nuscenes,scene-0103_027,yaw_deg,-3.00000000,10,bicycle_rack,25.91319615,24.49418870,0,0.00000000,50,42,84.00000000,75.75584061
nuscenes,scene-0103_027,yaw_deg,-3.00000000,16,Pedestrian,21.40031327,19.40629341,0,0.00000000,6,0,0.00000000,83.15327882
nuscenes,scene-0103_027,yaw_deg,-3.00000000,17,Truck,40.59175490,39.77874543,0,0.00000000,19,5,26.31578947,68.26084901
nuscenes,scene-0103_027,yaw_deg,-3.00000000,21,Car,15.61150598,12.76661881,0,0.64235234,66,27,40.90909091,87.01717209
nuscenes,scene-0103_027,yaw_deg,-2.00000000,8,Car,24.26273938,23.45108482,0,0.00000000,24,13,54.16666667,48.45354476
nuscenes,scene-0103_027,yaw_deg,-2.00000000,10,bicycle_rack,25.91319615,24.49418870,0,0.00000000,50,45,90.00000000,50.81285098
nuscenes,scene-0103_027,yaw_deg,-2.00000000,16,Pedestrian,21.40031327,19.40629341,0,0.00000000,6,0,0.00000000,54.95369637
nuscenes,scene-0103_027,yaw_deg,-2.00000000,17,Truck,40.59175490,39.77874543,0,0.00000000,19,10,52.63157895,45.62547623
nuscenes,scene-0103_027,yaw_deg,-2.00000000,21,Car,15.61150598,12.76661881,0,0.64235234,66,24,36.36363636,58.55586035
nuscenes,scene-0103_027,yaw_deg,-1.00000000,8,Car,24.26273938,23.45108482,0,0.00000000,24,19,79.16666667,24.10535887
nuscenes,scene-0103_027,yaw_deg,-1.00000000,10,bicycle_rack,25.91319615,24.49418870,0,0.00000000,50,48,96.00000000,25.56817840
nuscenes,scene-0103_027,yaw_deg,-1.00000000,16,Pedestrian,21.40031327,19.40629341,0,0.00000000,6,4,66.66666667,27.24585745
nuscenes,scene-0103_027,yaw_deg,-1.00000000,17,Truck,40.59175490,39.77874543,0,0.00000000,19,17,89.47368421,22.87691092
nuscenes,scene-0103_027,yaw_deg,-1.00000000,21,Car,15.61150598,12.76661881,0,0.64235234,66,19,28.78787879,29.56149821
nuscenes,scene-0103_027,yaw_deg,-0.50000000,8,Car,24.26273938,23.45108482,0,0.00000000,24,23,95.83333333,12.02350438
nuscenes,scene-0103_027,yaw_deg,-0.50000000,10,bicycle_rack,25.91319615,24.49418870,0,0.00000000,50,50,100.00000000,12.82592841
nuscenes,scene-0103_027,yaw_deg,-0.50000000,16,Pedestrian,21.40031327,19.40629341,0,0.00000000,6,6,100.00000000,13.56697899
nuscenes,scene-0103_027,yaw_deg,-0.50000000,17,Truck,40.59175490,39.77874543,0,0.00000000,19,18,94.73684211,11.45545818
nuscenes,scene-0103_027,yaw_deg,-0.50000000,21,Car,15.61150598,12.76661881,0,0.64235234,66,17,25.75757576,14.85385036
nuscenes,scene-0103_027,yaw_deg,0.00000000,8,Car,24.26273938,23.45108482,0,0.00000000,24,24,100.00000000,0.00000000
nuscenes,scene-0103_027,yaw_deg,0.00000000,10,bicycle_rack,25.91319615,24.49418870,0,0.00000000,50,50,100.00000000,0.00000000
nuscenes,scene-0103_027,yaw_deg,0.00000000,16,Pedestrian,21.40031327,19.40629341,0,0.00000000,6,6,100.00000000,0.00000000
nuscenes,scene-0103_027,yaw_deg,0.00000000,17,Truck,40.59175490,39.77874543,0,0.00000000,19,19,100.00000000,0.00000000
nuscenes,scene-0103_027,yaw_deg,0.00000000,21,Car,15.61150598,12.76661881,0,0.64235234,66,17,25.75757576,0.00000000
nuscenes,scene-0103_027,yaw_deg,0.50000000,8,Car,24.26273938,23.45108482,0,0.00000000,24,24,100.00000000,11.96745946
nuscenes,scene-0103_027,yaw_deg,0.50000000,10,bicycle_rack,25.91319615,24.49418870,0,0.00000000,50,50,100.00000000,12.91248756
nuscenes,scene-0103_027,yaw_deg,0.50000000,16,Pedestrian,21.40031327,19.40629341,0,0.00000000,6,5,83.33333333,13.45855832
nuscenes,scene-0103_027,yaw_deg,0.50000000,17,Truck,40.59175490,39.77874543,0,0.00000000,19,19,100.00000000,11.49140990
nuscenes,scene-0103_027,yaw_deg,0.50000000,21,Car,15.61150598,12.76661881,0,0.64235234,66,17,25.75757576,15.00463911
nuscenes,scene-0103_027,yaw_deg,1.00000000,8,Car,24.26273938,23.45108482,0,0.00000000,24,22,91.66666667,23.88114030
nuscenes,scene-0103_027,yaw_deg,1.00000000,10,bicycle_rack,25.91319615,24.49418870,0,0.00000000,50,49,98.00000000,25.91448132
nuscenes,scene-0103_027,yaw_deg,1.00000000,16,Pedestrian,21.40031327,19.40629341,0,0.00000000,6,2,33.33333333,26.81208579
nuscenes,scene-0103_027,yaw_deg,1.00000000,17,Truck,40.59175490,39.77874543,0,0.00000000,19,19,100.00000000,23.02074122
nuscenes,scene-0103_027,yaw_deg,1.00000000,21,Car,15.61150598,12.76661881,0,0.64235234,66,17,25.75757576,30.16479471
nuscenes,scene-0103_027,yaw_deg,2.00000000,8,Car,24.26273938,23.45108482,0,0.00000000,24,17,70.83333333,47.55604773
nuscenes,scene-0103_027,yaw_deg,2.00000000,10,bicycle_rack,25.91319615,24.49418870,0,0.00000000,50,46,92.00000000,52.19912498
nuscenes,scene-0103_027,yaw_deg,2.00000000,16,Pedestrian,21.40031327,19.40629341,0,0.00000000,6,0,0.00000000,53.21718474
nuscenes,scene-0103_027,yaw_deg,2.00000000,17,Truck,40.59175490,39.77874543,0,0.00000000,19,18,94.73684211,46.20117234
nuscenes,scene-0103_027,yaw_deg,2.00000000,21,Car,15.61150598,12.76661881,0,0.64235234,66,15,22.72727273,60.82871071
nuscenes,scene-0103_027,yaw_deg,3.00000000,8,Car,24.26273938,23.45108482,0,0.00000000,24,11,45.83333333,71.04214265
nuscenes,scene-0103_027,yaw_deg,3.00000000,10,bicycle_rack,25.91319615,24.49418870,0,0.00000000,50,43,86.00000000,78.87894808
nuscenes,scene-0103_027,yaw_deg,3.00000000,16,Pedestrian,21.40031327,19.40629341,0,0.00000000,6,0,0.00000000,79.24077337
nuscenes,scene-0103_027,yaw_deg,3.00000000,17,Truck,40.59175490,39.77874543,0,0.00000000,19,12,63.15789474,69.55757330
nuscenes,scene-0103_027,yaw_deg,3.00000000,21,Car,15.61150598,12.76661881,0,0.64235234,66,14,21.21212121,91.86514944
nuscenes,scene-0103_028,yaw_deg,-3.00000000,8,Car,21.83145527,20.93736905,0,0.00000000,27,12,44.44444444,74.40787991
nuscenes,scene-0103_028,yaw_deg,-3.00000000,10,bicycle_rack,23.56350243,21.93629773,0,0.00000000,61,52,85.24590164,78.04263974
nuscenes,scene-0103_028,yaw_deg,-3.00000000,15,Car,32.38431152,31.72728700,1,0.00000000,5,4,80.00000000,69.58750526
nuscenes,scene-0103_028,yaw_deg,-3.00000000,16,Pedestrian,19.74599936,17.60240550,0,0.00000000,9,0,0.00000000,86.54005754
nuscenes,scene-0103_028,yaw_deg,-3.00000000,17,Truck,38.15984613,37.24211202,0,0.00000000,23,8,34.78260870,68.56903902
nuscenes,scene-0103_028,yaw_deg,-3.00000000,21,Car,13.66503777,10.22023964,0,0.92614690,143,13,9.09090909,93.54216619
nuscenes,scene-0103_028,yaw_deg,-3.00000000,22,Car,26.66113135,25.88227609,1,0.00000000,14,12,85.71428571,71.53054552
nuscenes,scene-0103_028,yaw_deg,-2.00000000,8,Car,21.83145527,20.93736905,0,0.00000000,27,17,62.96296296,49.32021179
nuscenes,scene-0103_028,yaw_deg,-2.00000000,10,bicycle_rack,23.56350243,21.93629773,0,0.00000000,61,54,88.52459016,52.38836688
nuscenes,scene-0103_028,yaw_deg,-2.00000000,15,Car,32.38431152,31.72728700,1,0.00000000,5,5,100.00000000,46.22328678
nuscenes,scene-0103_028,yaw_deg,-2.00000000,16,Pedestrian,19.74599936,17.60240550,0,0.00000000,9,0,0.00000000,57.14310728
nuscenes,scene-0103_028,yaw_deg,-2.00000000,17,Truck,38.15984613,37.24211202,0,0.00000000,23,13,56.52173913,45.84614279
nuscenes,scene-0103_028,yaw_deg,-2.00000000,21,Car,13.66503777,10.22023964,0,0.92614690,143,16,11.18881119,63.03220049
nuscenes,scene-0103_028,yaw_deg,-2.00000000,22,Car,26.66113135,25.88227609,1,0.00000000,14,14,100.00000000,47.46753275
nuscenes,scene-0103_028,yaw_deg,-1.00000000,8,Car,21.83145527,20.93736905,0,0.00000000,27,23,85.18518519,24.52442140
nuscenes,scene-0103_028,yaw_deg,-1.00000000,10,bicycle_rack,23.56350243,21.93629773,0,0.00000000,61,60,98.36065574,26.38219716
nuscenes,scene-0103_028,yaw_deg,-1.00000000,15,Car,32.38431152,31.72728700,1,0.00000000,5,5,100.00000000,23.03287537
nuscenes,scene-0103_028,yaw_deg,-1.00000000,16,Pedestrian,19.74599936,17.60240550,0,0.00000000,9,7,77.77777778,28.30763425
nuscenes,scene-0103_028,yaw_deg,-1.00000000,17,Truck,38.15984613,37.24211202,0,0.00000000,23,19,82.60869565,22.99494371
nuscenes,scene-0103_028,yaw_deg,-1.00000000,21,Car,13.66503777,10.22023964,0,0.92614690,143,9,6.29370629,31.86551209
nuscenes,scene-0103_028,yaw_deg,-1.00000000,22,Car,26.66113135,25.88227609,1,0.00000000,14,14,100.00000000,23.62999567
nuscenes,scene-0103_028,yaw_deg,-0.50000000,8,Car,21.83145527,20.93736905,0,0.00000000,27,27,100.00000000,12.22953995
nuscenes,scene-0103_028,yaw_deg,-0.50000000,10,bicycle_rack,23.56350243,21.93629773,0,0.00000000,61,61,100.00000000,13.23965515
nuscenes,scene-0103_028,yaw_deg,-0.50000000,15,Car,32.38431152,31.72728700,1,0.00000000,5,5,100.00000000,11.49774588
nuscenes,scene-0103_028,yaw_deg,-0.50000000,16,Pedestrian,19.74599936,17.60240550,0,0.00000000,9,9,100.00000000,14.08986476
nuscenes,scene-0103_028,yaw_deg,-0.50000000,17,Truck,38.15984613,37.24211202,0,0.00000000,23,22,95.65217391,11.51641914
nuscenes,scene-0103_028,yaw_deg,-0.50000000,21,Car,13.66503777,10.22023964,0,0.92614690,143,5,3.49650350,16.02284716
nuscenes,scene-0103_028,yaw_deg,-0.50000000,22,Car,26.66113135,25.88227609,1,0.00000000,14,14,100.00000000,11.79015323
nuscenes,scene-0103_028,yaw_deg,0.00000000,8,Car,21.83145527,20.93736905,0,0.00000000,27,27,100.00000000,0.00000000
nuscenes,scene-0103_028,yaw_deg,0.00000000,10,bicycle_rack,23.56350243,21.93629773,0,0.00000000,61,61,100.00000000,0.00000000
nuscenes,scene-0103_028,yaw_deg,0.00000000,15,Car,32.38431152,31.72728700,1,0.00000000,5,5,100.00000000,0.00000000
nuscenes,scene-0103_028,yaw_deg,0.00000000,16,Pedestrian,19.74599936,17.60240550,0,0.00000000,9,9,100.00000000,0.00000000
nuscenes,scene-0103_028,yaw_deg,0.00000000,17,Truck,38.15984613,37.24211202,0,0.00000000,23,23,100.00000000,0.00000000
nuscenes,scene-0103_028,yaw_deg,0.00000000,21,Car,13.66503777,10.22023964,0,0.92614690,143,3,2.09790210,0.00000000
nuscenes,scene-0103_028,yaw_deg,0.00000000,22,Car,26.66113135,25.88227609,1,0.00000000,14,14,100.00000000,0.00000000
nuscenes,scene-0103_028,yaw_deg,0.50000000,8,Car,21.83145527,20.93736905,0,0.00000000,27,26,96.29629630,12.16664017
nuscenes,scene-0103_028,yaw_deg,0.50000000,10,bicycle_rack,23.56350243,21.93629773,0,0.00000000,61,61,100.00000000,13.33997003
nuscenes,scene-0103_028,yaw_deg,0.50000000,15,Car,32.38431152,31.72728700,1,0.00000000,5,4,80.00000000,11.46233169
nuscenes,scene-0103_028,yaw_deg,0.50000000,16,Pedestrian,19.74599936,17.60240550,0,0.00000000,9,8,88.88888889,13.96587399
nuscenes,scene-0103_028,yaw_deg,0.50000000,17,Truck,38.15984613,37.24211202,0,0.00000000,23,23,100.00000000,11.55630273
nuscenes,scene-0103_028,yaw_deg,0.50000000,21,Car,13.66503777,10.22023964,0,0.92614690,143,1,0.69930070,16.15723070
nuscenes,scene-0103_028,yaw_deg,0.50000000,22,Car,26.66113135,25.88227609,1,0.00000000,14,14,100.00000000,11.74261755
nuscenes,scene-0103_028,yaw_deg,1.00000000,8,Car,21.83145527,20.93736905,0,0.00000000,27,25,92.59259259,24.27277759
nuscenes,scene-0103_028,yaw_deg,1.00000000,10,bicycle_rack,23.56350243,21.93629773,0,0.00000000,61,60,98.36065574,26.78353712
nuscenes,scene-0103_028,yaw_deg,1.00000000,15,Car,32.38431152,31.72728700,1,0.00000000,5,3,60.00000000,22.89119556
nuscenes,scene-0103_028,yaw_deg,1.00000000,16,Pedestrian,19.74599936,17.60240550,0,0.00000000,9,5,55.55555556,27.81156414
nuscenes,scene-0103_028,yaw_deg,1.00000000,17,Truck,38.15984613,37.24211202,0,0.00000000,23,22,95.65217391,23.15450425
nuscenes,scene-0103_028,yaw_deg,1.00000000,21,Car,13.66503777,10.22023964,0,0.92614690,143,0,0.00000000,
nuscenes,scene-0103_028,yaw_deg,1.00000000,22,Car,26.66113135,25.88227609,1,0.00000000,14,13,92.85714286,23.43982087
nuscenes,scene-0103_028,yaw_deg,2.00000000,8,Car,21.83145527,20.93736905,0,0.00000000,27,21,77.77777778,48.31292094
nuscenes,scene-0103_028,yaw_deg,2.00000000,10,bicycle_rack,23.56350243,21.93629773,0,0.00000000,61,58,95.08196721,53.99501436
nuscenes,scene-0103_028,yaw_deg,2.00000000,15,Car,32.38431152,31.72728700,1,0.00000000,5,0,0.00000000,45.65619802
nuscenes,scene-0103_028,yaw_deg,2.00000000,16,Pedestrian,19.74599936,17.60240550,0,0.00000000,9,0,0.00000000,55.15711209
nuscenes,scene-0103_028,yaw_deg,2.00000000,17,Truck,38.15984613,37.24211202,0,0.00000000,23,19,82.60869565,46.48480429
nuscenes,scene-0103_028,yaw_deg,2.00000000,21,Car,13.66503777,10.22023964,0,0.92614690,143,0,0.00000000,
nuscenes,scene-0103_028,yaw_deg,2.00000000,22,Car,26.66113135,25.88227609,1,0.00000000,14,12,85.71428571,46.70631969
nuscenes,scene-0103_028,yaw_deg,3.00000000,8,Car,21.83145527,20.93736905,0,0.00000000,27,15,55.55555556,72.13878748
nuscenes,scene-0103_028,yaw_deg,3.00000000,10,bicycle_rack,23.56350243,21.93629773,0,0.00000000,61,55,90.16393443,81.19404531
nuscenes,scene-0103_028,yaw_deg,3.00000000,15,Car,32.38431152,31.72728700,1,0.00000000,5,0,0.00000000,68.31016779
nuscenes,scene-0103_028,yaw_deg,3.00000000,16,Pedestrian,19.74599936,17.60240550,0,0.00000000,9,0,0.00000000,82.06512443
nuscenes,scene-0103_028,yaw_deg,3.00000000,17,Truck,38.15984613,37.24211202,0,0.00000000,23,15,65.21739130,70.00760231
nuscenes,scene-0103_028,yaw_deg,3.00000000,21,Car,13.66503777,10.22023964,0,0.92614690,143,0,0.00000000,
nuscenes,scene-0103_028,yaw_deg,3.00000000,22,Car,26.66113135,25.88227609,1,0.00000000,14,6,42.85714286,69.81588619
nuscenes,scene-0103_029,yaw_deg,-3.00000000,2,Car,28.03107884,23.09088105,0,0.92533661,9,0,0.00000000,
nuscenes,scene-0103_029,yaw_deg,-3.00000000,8,Car,18.68982308,17.68689933,0,0.00000000,41,24,58.53658537,76.70964841
nuscenes,scene-0103_029,yaw_deg,-3.00000000,10,bicycle_rack,20.57087804,18.62100789,0,0.29618130,98,84,85.71428571,83.53086814
nuscenes,scene-0103_029,yaw_deg,-3.00000000,13,Motorcycle,20.30908108,17.79040398,0,0.00000000,5,0,0.00000000,89.27283441
nuscenes,scene-0103_029,yaw_deg,-3.00000000,14,Bicycle,35.18309581,34.65520604,0,0.00000000,5,0,0.00000000,67.91794314
nuscenes,scene-0103_029,yaw_deg,-3.00000000,16,Pedestrian,17.45827235,15.06208859,0,0.00000000,5,0,0.00000000,
nuscenes,scene-0103_029,yaw_deg,-3.00000000,17,Truck,34.97259580,33.92937251,0,0.00000000,26,9,34.61538462,69.13248173
nuscenes,scene-0103_029,yaw_deg,-3.00000000,21,Car,23.46812677,22.61964555,1,0.00000000,11,11,100.00000000,72.52983743
nuscenes,scene-0103_029,yaw_deg,-2.00000000,2,Car,28.03107884,23.09088105,0,0.92533661,9,0,0.00000000,
nuscenes,scene-0103_029,yaw_deg,-2.00000000,8,Car,18.68982308,17.68689933,0,0.00000000,41,30,73.17073171,50.80503444
nuscenes,scene-0103_029,yaw_deg,-2.00000000,10,bicycle_rack,20.57087804,18.62100789,0,0.29618130,98,85,86.73469388,56.15783375
nuscenes,scene-0103_029,yaw_deg,-2.00000000,13,Motorcycle,20.30908108,17.79040398,0,0.00000000,5,0,0.00000000,59.54089720
nuscenes,scene-0103_029,yaw_deg,-2.00000000,14,Bicycle,35.18309581,34.65520604,0,0.00000000,5,0,0.00000000,45.38085790
nuscenes,scene-0103_029,yaw_deg,-2.00000000,16,Pedestrian,17.45827235,15.06208859,0,0.00000000,5,0,0.00000000,60.65416004
nuscenes,scene-0103_029,yaw_deg,-2.00000000,17,Truck,34.97259580,33.92937251,0,0.00000000,26,13,50.00000000,46.23902382
nuscenes,scene-0103_029,yaw_deg,-2.00000000,21,Car,23.46812677,22.61964555,1,0.00000000,11,11,100.00000000,48.11395209
nuscenes,scene-0103_029,yaw_deg,-1.00000000,2,Car,28.03107884,23.09088105,0,0.92533661,9,0,0.00000000,
nuscenes,scene-0103_029,yaw_deg,-1.00000000,8,Car,18.68982308,17.68689933,0,0.00000000,41,38,92.68292683,25.24271808
nuscenes,scene-0103_029,yaw_deg,-1.00000000,10,bicycle_rack,20.57087804,18.62100789,0,0.29618130,98,84,85.71428571,28.32419931
nuscenes,scene-0103_029,yaw_deg,-1.00000000,13,Motorcycle,20.30908108,17.79040398,0,0.00000000,5,4,80.00000000,29.46976285
nuscenes,scene-0103_029,yaw_deg,-1.00000000,14,Bicycle,35.18309581,34.65520604,0,0.00000000,5,2,40.00000000,22.74649427
nuscenes,scene-0103_029,yaw_deg,-1.00000000,16,Pedestrian,17.45827235,15.06208859,0,0.00000000,5,5,100.00000000,30.17465957
nuscenes,scene-0103_029,yaw_deg,-1.00000000,17,Truck,34.97259580,33.92937251,0,0.00000000,26,22,84.61538462,23.20016401
nuscenes,scene-0103_029,yaw_deg,-1.00000000,21,Car,23.46812677,22.61964555,1,0.00000000,11,11,100.00000000,23.94359158
nuscenes,scene-0103_029,yaw_deg,-0.50000000,2,Car,28.03107884,23.09088105,0,0.92533661,9,0,0.00000000,
nuscenes,scene-0103_029,yaw_deg,-0.50000000,8,Car,18.68982308,17.68689933,0,0.00000000,41,41,100.00000000,12.58278941
nuscenes,scene-0103_029,yaw_deg,-0.50000000,10,bicycle_rack,20.57087804,18.62100789,0,0.29618130,98,83,84.69387755,14.22535752
nuscenes,scene-0103_029,yaw_deg,-0.50000000,13,Motorcycle,20.30908108,17.79040398,0,0.00000000,5,5,100.00000000,14.66200623
nuscenes,scene-0103_029,yaw_deg,-0.50000000,14,Bicycle,35.18309581,34.65520604,0,0.00000000,5,4,80.00000000,11.38820248
nuscenes,scene-0103_029,yaw_deg,-0.50000000,16,Pedestrian,17.45827235,15.06208859,0,0.00000000,5,5,100.00000000,15.00919499
nuscenes,scene-0103_029,yaw_deg,-0.50000000,17,Truck,34.97259580,33.92937251,0,0.00000000,26,26,100.00000000,11.62125498
nuscenes,scene-0103_029,yaw_deg,-0.50000000,21,Car,23.46812677,22.61964555,1,0.00000000,11,11,100.00000000,11.94459654
nuscenes,scene-0103_029,yaw_deg,0.00000000,2,Car,28.03107884,23.09088105,0,0.92533661,9,0,0.00000000,
nuscenes,scene-0103_029,yaw_deg,0.00000000,8,Car,18.68982308,17.68689933,0,0.00000000,41,41,100.00000000,0.00000000
nuscenes,scene-0103_029,yaw_deg,0.00000000,10,bicycle_rack,20.57087804,18.62100789,0,0.29618130,98,80,81.63265306,0.00000000
nuscenes,scene-0103_029,yaw_deg,0.00000000,13,Motorcycle,20.30908108,17.79040398,0,0.00000000,5,5,100.00000000,0.00000000
nuscenes,scene-0103_029,yaw_deg,0.00000000,14,Bicycle,35.18309581,34.65520604,0,0.00000000,5,5,100.00000000,0.00000000
nuscenes,scene-0103_029,yaw_deg,0.00000000,16,Pedestrian,17.45827235,15.06208859,0,0.00000000,5,5,100.00000000,0.00000000
nuscenes,scene-0103_029,yaw_deg,0.00000000,17,Truck,34.97259580,33.92937251,0,0.00000000,26,26,100.00000000,0.00000000
nuscenes,scene-0103_029,yaw_deg,0.00000000,21,Car,23.46812677,22.61964555,1,0.00000000,11,11,100.00000000,0.00000000
nuscenes,scene-0103_029,yaw_deg,0.50000000,2,Car,28.03107884,23.09088105,0,0.92533661,9,0,0.00000000,
nuscenes,scene-0103_029,yaw_deg,0.50000000,8,Car,18.68982308,17.68689933,0,0.00000000,41,41,100.00000000,12.50833796
nuscenes,scene-0103_029,yaw_deg,0.50000000,10,bicycle_rack,20.57087804,18.62100789,0,0.29618130,98,77,78.57142857,14.29857943
nuscenes,scene-0103_029,yaw_deg,0.50000000,13,Motorcycle,20.30908108,17.79040398,0,0.00000000,5,5,100.00000000,14.52067873
nuscenes,scene-0103_029,yaw_deg,0.50000000,14,Bicycle,35.18309581,34.65520604,0,0.00000000,5,3,60.00000000,11.42001492
nuscenes,scene-0103_029,yaw_deg,0.50000000,16,Pedestrian,17.45827235,15.06208859,0,0.00000000,5,5,100.00000000,14.85766640
nuscenes,scene-0103_029,yaw_deg,0.50000000,17,Truck,34.97259580,33.92937251,0,0.00000000,26,26,100.00000000,11.66565548
nuscenes,scene-0103_029,yaw_deg,0.50000000,21,Car,23.46812677,22.61964555,1,0.00000000,11,11,100.00000000,11.89244425
nuscenes,scene-0103_029,yaw_deg,1.00000000,2,Car,28.03107884,23.09088105,0,0.92533661,9,2,22.22222222,
nuscenes,scene-0103_029,yaw_deg,1.00000000,8,Car,18.68982308,17.68689933,0,0.00000000,41,39,95.12195122,24.94485723
nuscenes,scene-0103_029,yaw_deg,1.00000000,10,bicycle_rack,20.57087804,18.62100789,0,0.29618130,98,73,74.48979592,28.37995222
nuscenes,scene-0103_029,yaw_deg,1.00000000,13,Motorcycle,20.30908108,17.79040398,0,0.00000000,5,4,80.00000000,28.90432418
nuscenes,scene-0103_029,yaw_deg,1.00000000,14,Bicycle,35.18309581,34.65520604,0,0.00000000,5,1,20.00000000,22.87376456
nuscenes,scene-0103_029,yaw_deg,1.00000000,16,Pedestrian,17.45827235,15.06208859,0,0.00000000,5,3,60.00000000,29.56840294
nuscenes,scene-0103_029,yaw_deg,1.00000000,17,Truck,34.97259580,33.92937251,0,0.00000000,26,26,100.00000000,23.37779556
nuscenes,scene-0103_029,yaw_deg,1.00000000,21,Car,23.46812677,22.61964555,1,0.00000000,11,10,90.90909091,23.73494662
nuscenes,scene-0103_029,yaw_deg,2.00000000,2,Car,28.03107884,23.09088105,0,0.92533661,9,0,0.00000000,
nuscenes,scene-0103_029,yaw_deg,2.00000000,8,Car,18.68982308,17.68689933,0,0.00000000,41,33,80.48780488,49.61270995
nuscenes,scene-0103_029,yaw_deg,2.00000000,10,bicycle_rack,20.57087804,18.62100789,0,0.29618130,98,65,66.32653061,56.42958173
nuscenes,scene-0103_029,yaw_deg,2.00000000,13,Motorcycle,20.30908108,17.79040398,0,0.00000000,5,1,20.00000000,57.27708149
nuscenes,scene-0103_029,yaw_deg,2.00000000,14,Bicycle,35.18309581,34.65520604,0,0.00000000,5,0,0.00000000,45.89026781
nuscenes,scene-0103_029,yaw_deg,2.00000000,16,Pedestrian,17.45827235,15.06208859,0,0.00000000,5,0,0.00000000,58.56680659
nuscenes,scene-0103_029,yaw_deg,2.00000000,17,Truck,34.97259580,33.92937251,0,0.00000000,26,23,88.46153846,46.95002310
nuscenes,scene-0103_029,yaw_deg,2.00000000,21,Car,23.46812677,22.61964555,1,0.00000000,11,10,90.90909091,47.27879836
nuscenes,scene-0103_029,yaw_deg,3.00000000,2,Car,28.03107884,23.09088105,0,0.92533661,9,0,0.00000000,
nuscenes,scene-0103_029,yaw_deg,3.00000000,8,Car,18.68982308,17.68689933,0,0.00000000,41,26,63.41463415,74.02360841
nuscenes,scene-0103_029,yaw_deg,3.00000000,10,bicycle_rack,20.57087804,18.62100789,0,0.29618130,98,57,58.16326531,82.83074545
nuscenes,scene-0103_029,yaw_deg,3.00000000,13,Motorcycle,20.30908108,17.79040398,0,0.00000000,5,0,0.00000000,85.15025502
nuscenes,scene-0103_029,yaw_deg,3.00000000,14,Bicycle,35.18309581,34.65520604,0,0.00000000,5,0,0.00000000,69.06535010
nuscenes,scene-0103_029,yaw_deg,3.00000000,16,Pedestrian,17.45827235,15.06208859,0,0.00000000,5,0,0.00000000,87.02938197
nuscenes,scene-0103_029,yaw_deg,3.00000000,17,Truck,34.97259580,33.92937251,0,0.00000000,26,20,76.92307692,70.73400695
nuscenes,scene-0103_029,yaw_deg,3.00000000,21,Car,23.46812677,22.61964555,1,0.00000000,11,5,45.45454545,70.64858614
nuscenes,scene-0103_030,yaw_deg,-3.00000000,4,Car,28.69807081,25.64578566,0,0.00000000,6,4,66.66666667,86.83475921
nuscenes,scene-0103_030,yaw_deg,-3.00000000,7,Car,15.65870229,14.52243802,0,0.00000000,66,43,65.15151515,81.07591770
nuscenes,scene-0103_030,yaw_deg,-3.00000000,9,bicycle_rack,17.76752965,15.42854909,0,0.60151984,140,70,50.00000000,83.75211468
nuscenes,scene-0103_030,yaw_deg,-3.00000000,13,Bicycle,29.47568340,28.85422521,0,0.00000000,7,0,0.00000000,68.69145400
nuscenes,scene-0103_030,yaw_deg,-3.00000000,14,Car,26.02788082,25.31566599,1,0.00000000,20,16,80.00000000,71.00109173
nuscenes,scene-0103_030,yaw_deg,-3.00000000,15,Truck,31.88625436,30.71753449,0,0.00000000,43,21,48.83720930,70.01245078
nuscenes,scene-0103_030,yaw_deg,-3.00000000,19,Car,20.36524858,19.44421756,1,0.00000000,30,27,90.00000000,74.54359860
nuscenes,scene-0103_030,yaw_deg,-2.00000000,4,Car,28.69807081,25.64578566,0,0.00000000,6,5,83.33333333,57.32670854
nuscenes,scene-0103_030,yaw_deg,-2.00000000,7,Car,15.65870229,14.52243802,0,0.00000000,66,54,81.81818182,53.62649710
nuscenes,scene-0103_030,yaw_deg,-2.00000000,9,bicycle_rack,17.76752965,15.42854909,0,0.60151984,140,70,50.00000000,56.31358216
nuscenes,scene-0103_030,yaw_deg,-2.00000000,13,Bicycle,29.47568340,28.85422521,0,0.00000000,7,0,0.00000000,45.92303930
nuscenes,scene-0103_030,yaw_deg,-2.00000000,14,Car,26.02788082,25.31566599,1,0.00000000,20,19,95.00000000,47.13020556
nuscenes,scene-0103_030,yaw_deg,-2.00000000,15,Truck,31.88625436,30.71753449,0,0.00000000,43,30,69.76744186,46.85677034
nuscenes,scene-0103_030,yaw_deg,-2.00000000,19,Car,20.36524858,19.44421756,1,0.00000000,30,30,100.00000000,49.40973606
nuscenes,scene-0103_030,yaw_deg,-1.00000000,4,Car,28.69807081,25.64578566,0,0.00000000,6,5,83.33333333,28.48163539
nuscenes,scene-0103_030,yaw_deg,-1.00000000,7,Car,15.65870229,14.52243802,0,0.00000000,66,63,95.45454545,26.61023273
nuscenes,scene-0103_030,yaw_deg,-1.00000000,9,bicycle_rack,17.76752965,15.42854909,0,0.60151984,140,68,48.57142857,28.40631097
nuscenes,scene-0103_030,yaw_deg,-1.00000000,13,Bicycle,29.47568340,28.85422521,0,0.00000000,7,4,57.14285714,23.03104309
nuscenes,scene-0103_030,yaw_deg,-1.00000000,14,Car,26.02788082,25.31566599,1,0.00000000,20,20,100.00000000,23.46898846
nuscenes,scene-0103_030,yaw_deg,-1.00000000,15,Truck,31.88625436,30.71753449,0,0.00000000,43,40,93.02325581,23.52632617
nuscenes,scene-0103_030,yaw_deg,-1.00000000,19,Car,20.36524858,19.44421756,1,0.00000000,30,30,100.00000000,24.56873707
nuscenes,scene-0103_030,yaw_deg,-0.50000000,4,Car,28.69807081,25.64578566,0,0.00000000,6,6,100.00000000,14.17465547
nuscenes,scene-0103_030,yaw_deg,-0.50000000,7,Car,15.65870229,14.52243802,0,0.00000000,66,66,100.00000000,13.25600496
nuscenes,scene-0103_030,yaw_deg,-0.50000000,9,bicycle_rack,17.76752965,15.42854909,0,0.60151984,140,64,45.71428571,14.26749517
nuscenes,scene-0103_030,yaw_deg,-0.50000000,13,Bicycle,29.47568340,28.85422521,0,0.00000000,7,6,85.71428571,11.53388264
nuscenes,scene-0103_030,yaw_deg,-0.50000000,14,Car,26.02788082,25.31566599,1,0.00000000,20,20,100.00000000,11.71153473
nuscenes,scene-0103_030,yaw_deg,-0.50000000,15,Truck,31.88625436,30.71753449,0,0.00000000,43,42,97.67441860,11.78871559
nuscenes,scene-0103_030,yaw_deg,-0.50000000,19,Car,20.36524858,19.44421756,1,0.00000000,30,30,100.00000000,12.25159180
nuscenes,scene-0103_030,yaw_deg,0.00000000,4,Car,28.69807081,25.64578566,0,0.00000000,6,6,100.00000000,0.00000000
nuscenes,scene-0103_030,yaw_deg,0.00000000,7,Car,15.65870229,14.52243802,0,0.00000000,66,66,100.00000000,0.00000000
nuscenes,scene-0103_030,yaw_deg,0.00000000,9,bicycle_rack,17.76752965,15.42854909,0,0.60151984,140,59,42.14285714,0.00000000
nuscenes,scene-0103_030,yaw_deg,0.00000000,13,Bicycle,29.47568340,28.85422521,0,0.00000000,7,7,100.00000000,0.00000000
nuscenes,scene-0103_030,yaw_deg,0.00000000,14,Car,26.02788082,25.31566599,1,0.00000000,20,20,100.00000000,0.00000000
nuscenes,scene-0103_030,yaw_deg,0.00000000,15,Truck,31.88625436,30.71753449,0,0.00000000,43,43,100.00000000,0.00000000
nuscenes,scene-0103_030,yaw_deg,0.00000000,19,Car,20.36524858,19.44421756,1,0.00000000,30,30,100.00000000,0.00000000
nuscenes,scene-0103_030,yaw_deg,0.50000000,4,Car,28.69807081,25.64578566,0,0.00000000,6,6,100.00000000,14.04634267
nuscenes,scene-0103_030,yaw_deg,0.50000000,7,Car,15.65870229,14.52243802,0,0.00000000,66,66,100.00000000,13.16096795
nuscenes,scene-0103_030,yaw_deg,0.50000000,9,bicycle_rack,17.76752965,15.42854909,0,0.60151984,140,54,38.57142857,14.21772630
nuscenes,scene-0103_030,yaw_deg,0.50000000,13,Bicycle,29.47568340,28.85422521,0,0.00000000,7,7,100.00000000,11.57259498
nuscenes,scene-0103_030,yaw_deg,0.50000000,14,Car,26.02788082,25.31566599,1,0.00000000,20,19,95.00000000,11.66771492
nuscenes,scene-0103_030,yaw_deg,0.50000000,15,Truck,31.88625436,30.71753449,0,0.00000000,43,43,100.00000000,11.84199785
nuscenes,scene-0103_030,yaw_deg,0.50000000,19,Car,20.36524858,19.44421756,1,0.00000000,30,30,100.00000000,12.18849099
nuscenes,scene-0103_030,yaw_deg,1.00000000,4,Car,28.69807081,25.64578566,0,0.00000000,6,6,100.00000000,27.96827239
nuscenes,scene-0103_030,yaw_deg,1.00000000,7,Car,15.65870229,14.52243802,0,0.00000000,66,64,96.96969697,26.23000929
nuscenes,scene-0103_030,yaw_deg,1.00000000,9,bicycle_rack,17.76752965,15.42854909,0,0.60151984,140,52,37.14285714,28.27538931
nuscenes,scene-0103_030,yaw_deg,1.00000000,13,Bicycle,29.47568340,28.85422521,0,0.00000000,7,3,42.85714286,23.18591793
nuscenes,scene-0103_030,yaw_deg,1.00000000,14,Car,26.02788082,25.31566599,1,0.00000000,20,17,85.00000000,23.29367991
nuscenes,scene-0103_030,yaw_deg,1.00000000,15,Truck,31.88625436,30.71753449,0,0.00000000,43,43,100.00000000,23.73949147
nuscenes,scene-0103_030,yaw_deg,1.00000000,19,Car,20.36524858,19.44421756,1,0.00000000,30,28,93.33333333,24.31628892
nuscenes,scene-0103_030,yaw_deg,2.00000000,4,Car,28.69807081,25.64578566,0,0.00000000,6,6,100.00000000,55.45396156
nuscenes,scene-0103_030,yaw_deg,2.00000000,7,Car,15.65870229,14.52243802,0,0.00000000,66,58,87.87878788,52.10439563
nuscenes,scene-0103_030,yaw_deg,2.00000000,9,bicycle_rack,17.76752965,15.42854909,0,0.60151984,140,47,33.57142857,56.23488781
nuscenes,scene-0103_030,yaw_deg,2.00000000,13,Bicycle,29.47568340,28.85422521,0,0.00000000,7,0,0.00000000,46.54294629
nuscenes,scene-0103_030,yaw_deg,2.00000000,14,Car,26.02788082,25.31566599,1,0.00000000,20,11,55.00000000,46.42850225
nuscenes,scene-0103_030,yaw_deg,2.00000000,15,Truck,31.88625436,30.71753449,0,0.00000000,43,40,93.02325581,47.71001179
nuscenes,scene-0103_030,yaw_deg,2.00000000,19,Car,20.36524858,19.44421756,1,0.00000000,30,28,93.33333333,48.39922400
nuscenes,scene-0103_030,yaw_deg,3.00000000,4,Car,28.69807081,25.64578566,0,0.00000000,6,6,100.00000000,82.48620436
nuscenes,scene-0103_030,yaw_deg,3.00000000,7,Car,15.65870229,14.52243802,0,0.00000000,66,51,77.27272727,77.64665183
nuscenes,scene-0103_030,yaw_deg,3.00000000,9,bicycle_rack,17.76752965,15.42854909,0,0.60151984,140,42,30.00000000,84.19307452
nuscenes,scene-0103_030,yaw_deg,3.00000000,13,Bicycle,29.47568340,28.85422521,0,0.00000000,7,0,0.00000000,70.08777570
nuscenes,scene-0103_030,yaw_deg,3.00000000,14,Car,26.02788082,25.31566599,1,0.00000000,20,4,20.00000000,69.42049735
nuscenes,scene-0103_030,yaw_deg,3.00000000,15,Truck,31.88625436,30.71753449,0,0.00000000,43,37,86.04651163,71.93006197
nuscenes,scene-0103_030,yaw_deg,3.00000000,19,Car,20.36524858,19.44421756,1,0.00000000,30,26,86.66666667,72.26724405
nuscenes,scene-0103_031,yaw_deg,-3.00000000,3,Car,25.67263190,22.27343512,1,0.34317424,18,1,5.55555556,85.23290131
nuscenes,scene-0103_031,yaw_deg,-3.00000000,6,Car,12.54207128,11.13564427,0,0.16470936,140,92,65.71428571,86.40305239
nuscenes,scene-0103_031,yaw_deg,-3.00000000,7,Car,28.75150176,28.08933499,1,0.00000000,12,5,41.66666667,70.52208135
nuscenes,scene-0103_031,yaw_deg,-3.00000000,8,bicycle_rack,14.96759526,12.03538428,0,0.88085600,213,35,16.43192488,82.94504434
nuscenes,scene-0103_031,yaw_deg,-3.00000000,9,Car,36.71300796,35.70784322,1,0.00000000,9,0,0.00000000,68.96667430
nuscenes,scene-0103_031,yaw_deg,-3.00000000,11,Bicycle,23.40761165,22.58232958,0,0.00000000,8,0,0.00000000,70.52811471
nuscenes,scene-0103_031,yaw_deg,-3.00000000,12,Car,22.72389006,21.92823826,1,0.00000000,19,18,94.73684211,72.12854906
nuscenes,scene-0103_031,yaw_deg,-3.00000000,13,Truck,28.62003958,27.27529709,0,0.00000000,49,34,69.38775510,71.88124266
nuscenes,scene-0103_031,yaw_deg,-3.00000000,17,Car,17.14285530,16.07775744,0,0.00000000,47,47,100.00000000,77.02711047
nuscenes,scene-0103_031,yaw_deg,-2.00000000,3,Car,25.67263190,22.27343512,1,0.34317424,18,1,5.55555556,56.29005263
nuscenes,scene-0103_031,yaw_deg,-2.00000000,6,Car,12.54207128,11.13564427,0,0.16470936,140,106,75.71428571,57.62745031
nuscenes,scene-0103_031,yaw_deg,-2.00000000,7,Car,28.75150176,28.08933499,1,0.00000000,12,9,75.00000000,46.81849768
nuscenes,scene-0103_031,yaw_deg,-2.00000000,8,bicycle_rack,14.96759526,12.03538428,0,0.88085600,213,38,17.84037559,55.75983653
nuscenes,scene-0103_031,yaw_deg,-2.00000000,9,Car,36.71300796,35.70784322,1,0.00000000,9,3,33.33333333,46.12369849
nuscenes,scene-0103_031,yaw_deg,-2.00000000,11,Bicycle,23.40761165,22.58232958,0,0.00000000,8,0,0.00000000,47.20125673
nuscenes,scene-0103_031,yaw_deg,-2.00000000,12,Car,22.72389006,21.92823826,1,0.00000000,19,19,100.00000000,47.85565219
nuscenes,scene-0103_031,yaw_deg,-2.00000000,13,Truck,28.62003958,27.27529709,0,0.00000000,49,43,87.75510204,48.14778469
nuscenes,scene-0103_031,yaw_deg,-2.00000000,17,Car,17.14285530,16.07775744,0,0.00000000,47,47,100.00000000,51.01505572
nuscenes,scene-0103_031,yaw_deg,-1.00000000,3,Car,25.67263190,22.27343512,1,0.34317424,18,3,16.66666667,30.10437845
nuscenes,scene-0103_031,yaw_deg,-1.00000000,6,Car,12.54207128,11.13564427,0,0.16470936,140,121,86.42857143,28.79281130
nuscenes,scene-0103_031,yaw_deg,-1.00000000,7,Car,28.75150176,28.08933499,1,0.00000000,12,12,100.00000000,23.31683399
nuscenes,scene-0103_031,yaw_deg,-1.00000000,8,bicycle_rack,14.96759526,12.03538428,0,0.88085600,213,35,16.43192488,28.12129273
nuscenes,scene-0103_031,yaw_deg,-1.00000000,9,Car,36.71300796,35.70784322,1,0.00000000,9,7,77.77777778,23.14006318
nuscenes,scene-0103_031,yaw_deg,-1.00000000,11,Bicycle,23.40761165,22.58232958,0,0.00000000,8,5,62.50000000,23.69755126
nuscenes,scene-0103_031,yaw_deg,-1.00000000,12,Car,22.72389006,21.92823826,1,0.00000000,19,19,100.00000000,23.81893589
nuscenes,scene-0103_031,yaw_deg,-1.00000000,13,Truck,28.62003958,27.27529709,0,0.00000000,49,47,95.91836735,24.19347403
nuscenes,scene-0103_031,yaw_deg,-1.00000000,17,Car,17.14285530,16.07775744,0,0.00000000,47,47,100.00000000,25.34699227
nuscenes,scene-0103_031,yaw_deg,-0.50000000,3,Car,25.67263190,22.27343512,1,0.34317424,18,5,27.77777778,15.08269624
nuscenes,scene-0103_031,yaw_deg,-0.50000000,6,Car,12.54207128,11.13564427,0,0.16470936,140,125,89.28571429,14.36414968
nuscenes,scene-0103_031,yaw_deg,-0.50000000,7,Car,28.75150176,28.08933499,1,0.00000000,12,12,100.00000000,11.63636147
nuscenes,scene-0103_031,yaw_deg,-0.50000000,8,bicycle_rack,14.96759526,12.03538428,0,0.88085600,213,32,15.02347418,14.12289120
nuscenes,scene-0103_031,yaw_deg,-0.50000000,9,Car,36.71300796,35.70784322,1,0.00000000,9,8,88.88888889,11.59058610
nuscenes,scene-0103_031,yaw_deg,-0.50000000,11,Bicycle,23.40761165,22.58232958,0,0.00000000,8,7,87.50000000,11.87408866
nuscenes,scene-0103_031,yaw_deg,-0.50000000,12,Car,22.72389006,21.92823826,1,0.00000000,19,19,100.00000000,11.88337120
nuscenes,scene-0103_031,yaw_deg,-0.50000000,13,Truck,28.62003958,27.27529709,0,0.00000000,49,49,100.00000000,12.12780223
nuscenes,scene-0103_031,yaw_deg,-0.50000000,17,Car,17.14285530,16.07775744,0,0.00000000,47,47,100.00000000,12.63475583
nuscenes,scene-0103_031,yaw_deg,0.00000000,3,Car,25.67263190,22.27343512,1,0.34317424,18,8,44.44444444,0.00000000
nuscenes,scene-0103_031,yaw_deg,0.00000000,6,Car,12.54207128,11.13564427,0,0.16470936,140,133,95.00000000,0.00000000
nuscenes,scene-0103_031,yaw_deg,0.00000000,7,Car,28.75150176,28.08933499,1,0.00000000,12,12,100.00000000,0.00000000
nuscenes,scene-0103_031,yaw_deg,0.00000000,8,bicycle_rack,14.96759526,12.03538428,0,0.88085600,213,31,14.55399061,0.00000000
nuscenes,scene-0103_031,yaw_deg,0.00000000,9,Car,36.71300796,35.70784322,1,0.00000000,9,9,100.00000000,0.00000000
nuscenes,scene-0103_031,yaw_deg,0.00000000,11,Bicycle,23.40761165,22.58232958,0,0.00000000,8,8,100.00000000,0.00000000
nuscenes,scene-0103_031,yaw_deg,0.00000000,12,Car,22.72389006,21.92823826,1,0.00000000,19,19,100.00000000,0.00000000
nuscenes,scene-0103_031,yaw_deg,0.00000000,13,Truck,28.62003958,27.27529709,0,0.00000000,49,49,100.00000000,0.00000000
nuscenes,scene-0103_031,yaw_deg,0.00000000,17,Car,17.14285530,16.07775744,0,0.00000000,47,47,100.00000000,0.00000000
nuscenes,scene-0103_031,yaw_deg,0.50000000,3,Car,25.67263190,22.27343512,1,0.34317424,18,10,55.55555556,15.04592352
nuscenes,scene-0103_031,yaw_deg,0.50000000,6,Car,12.54207128,11.13564427,0,0.16470936,140,137,97.85714286,14.29201601
nuscenes,scene-0103_031,yaw_deg,0.50000000,7,Car,28.75150176,28.08933499,1,0.00000000,12,12,100.00000000,11.59433790
nuscenes,scene-0103_031,yaw_deg,0.50000000,8,bicycle_rack,14.96759526,12.03538428,0,0.88085600,213,29,13.61502347,14.16674659
nuscenes,scene-0103_031,yaw_deg,0.50000000,9,Car,36.71300796,35.70784322,1,0.00000000,9,9,100.00000000,11.63373068
nuscenes,scene-0103_031,yaw_deg,0.50000000,11,Bicycle,23.40761165,22.58232958,0,0.00000000,8,8,100.00000000,11.92692208
nuscenes,scene-0103_031,yaw_deg,0.50000000,12,Car,22.72389006,21.92823826,1,0.00000000,19,19,100.00000000,11.83338409
nuscenes,scene-0103_031,yaw_deg,0.50000000,13,Truck,28.62003958,27.27529709,0,0.00000000,49,49,100.00000000,12.19232635
nuscenes,scene-0103_031,yaw_deg,0.50000000,17,Car,17.14285530,16.07775744,0,0.00000000,47,47,100.00000000,12.55998921
nuscenes,scene-0103_031,yaw_deg,1.00000000,3,Car,25.67263190,22.27343512,1,0.34317424,18,14,77.77777778,29.93772407
nuscenes,scene-0103_031,yaw_deg,1.00000000,6,Car,12.54207128,11.13564427,0,0.16470936,140,138,98.57142857,28.45824550
nuscenes,scene-0103_031,yaw_deg,1.00000000,7,Car,28.75150176,28.08933499,1,0.00000000,12,12,100.00000000,23.14929705
nuscenes,scene-0103_031,yaw_deg,1.00000000,8,bicycle_rack,14.96759526,12.03538428,0,0.88085600,213,28,13.14553991,28.38226732
nuscenes,scene-0103_031,yaw_deg,1.00000000,9,Car,36.71300796,35.70784322,1,0.00000000,9,9,100.00000000,23.31267013
nuscenes,scene-0103_031,yaw_deg,1.00000000,11,Bicycle,23.40761165,22.58232958,0,0.00000000,8,7,87.50000000,23.90892117
nuscenes,scene-0103_031,yaw_deg,1.00000000,12,Car,22.72389006,21.92823826,1,0.00000000,19,17,89.47368421,23.61895334
nuscenes,scene-0103_031,yaw_deg,1.00000000,13,Truck,28.62003958,27.27529709,0,0.00000000,49,49,100.00000000,24.45161621
nuscenes,scene-0103_031,yaw_deg,1.00000000,17,Car,17.14285530,16.07775744,0,0.00000000,47,46,97.87234043,25.04787027
nuscenes,scene-0103_031,yaw_deg,2.00000000,3,Car,25.67263190,22.27343512,1,0.34317424,18,16,88.88888889,59.27743163
nuscenes,scene-0103_031,yaw_deg,2.00000000,6,Car,12.54207128,11.13564427,0,0.16470936,140,131,93.57142857,56.42892880
nuscenes,scene-0103_031,yaw_deg,2.00000000,7,Car,28.75150176,28.08933499,1,0.00000000,12,10,83.33333333,46.14906156
nuscenes,scene-0103_031,yaw_deg,2.00000000,8,bicycle_rack,14.96759526,12.03538428,0,0.88085600,213,25,11.73708920,56.90864668
nuscenes,scene-0103_031,yaw_deg,2.00000000,9,Car,36.71300796,35.70784322,1,0.00000000,9,9,100.00000000,46.81458428
nuscenes,scene-0103_031,yaw_deg,2.00000000,11,Bicycle,23.40761165,22.58232958,0,0.00000000,8,2,25.00000000,48.04731695
nuscenes,scene-0103_031,yaw_deg,2.00000000,12,Car,22.72389006,21.92823826,1,0.00000000,19,11,57.89473684,47.05517591
nuscenes,scene-0103_031,yaw_deg,2.00000000,13,Truck,28.62003958,27.27529709,0,0.00000000,49,47,95.91836735,49.18108529
nuscenes,scene-0103_031,yaw_deg,2.00000000,17,Car,17.14285530,16.07775744,0,0.00000000,47,41,87.23404255,49.81767866
nuscenes,scene-0103_031,yaw_deg,3.00000000,3,Car,25.67263190,22.27343512,1,0.34317424,18,17,94.44444444,88.05471911
nuscenes,scene-0103_031,yaw_deg,3.00000000,6,Car,12.54207128,11.13564427,0,0.16470936,140,120,85.71428571,83.94218853
nuscenes,scene-0103_031,yaw_deg,3.00000000,7,Car,28.75150176,28.08933499,1,0.00000000,12,4,33.33333333,69.01502157
nuscenes,scene-0103_031,yaw_deg,3.00000000,8,bicycle_rack,14.96759526,12.03538428,0,0.88085600,213,21,9.85915493,84.26341963
nuscenes,scene-0103_031,yaw_deg,3.00000000,9,Car,36.71300796,35.70784322,1,0.00000000,9,6,66.66666667,70.52288736
nuscenes,scene-0103_031,yaw_deg,3.00000000,11,Bicycle,23.40761165,22.58232958,0,0.00000000,8,0,0.00000000,72.43393074
nuscenes,scene-0103_031,yaw_deg,3.00000000,12,Car,22.72389006,21.92823826,1,0.00000000,19,4,21.05263158,70.32542638
nuscenes,scene-0103_031,yaw_deg,3.00000000,13,Truck,28.62003958,27.27529709,0,0.00000000,49,43,87.75510204,74.20891814
nuscenes,scene-0103_031,yaw_deg,3.00000000,17,Car,17.14285530,16.07775744,0,0.00000000,47,35,74.46808511,74.32967231
nuscenes,scene-0103_032,yaw_deg,-3.00000000,1,Car,45.90640065,45.00365931,0,0.00000000,5,0,0.00000000,68.30574140
nuscenes,scene-0103_032,yaw_deg,-3.00000000,3,Car,22.63598644,18.74818360,2,0.75353912,21,0,0.00000000,
nuscenes,scene-0103_032,yaw_deg,-3.00000000,5,Car,9.52644917,7.64472254,0,0.78968652,251,7,2.78884462,91.09344108
nuscenes,scene-0103_032,yaw_deg,-3.00000000,6,Car,25.30526680,24.57400878,0,0.00000000,22,17,77.27272727,71.44392547
nuscenes,scene-0103_032,yaw_deg,-3.00000000,7,bicycle_rack,12.34327546,8.51341065,0,0.99564518,364,33,9.06593407,88.07830767
nuscenes,scene-0103_032,yaw_deg,-3.00000000,8,Car,33.28941924,32.16730897,1,0.00000000,10,1,10.00000000,69.79508582
nuscenes,scene-0103_032,yaw_deg,-3.00000000,10,Bicycle,17.35855193,16.18055009,0,0.00000000,16,1,6.25000000,75.02638768
nuscenes,scene-0103_032,yaw_deg,-3.00000000,11,Car,19.30166224,18.38636398,1,0.00000000,25,24,96.00000000,74.08797126
nuscenes,scene-0103_032,yaw_deg,-3.00000000,12,Truck,25.26192509,23.70118527,0,0.00000000,70,47,67.14285714,73.26249735
nuscenes,scene-0103_032,yaw_deg,-3.00000000,16,Car,13.86320603,12.56750409,0,0.11967967,123,113,91.86991870,83.73917913
nuscenes,scene-0103_032,yaw_deg,-2.00000000,1,Car,45.90640065,45.00365931,0,0.00000000,5,2,40.00000000,45.66915138
nuscenes,scene-0103_032,yaw_deg,-2.00000000,3,Car,22.63598644,18.74818360,2,0.75353912,21,0,0.00000000,
nuscenes,scene-0103_032,yaw_deg,-2.00000000,5,Car,9.52644917,7.64472254,0,0.78968652,251,14,5.57768924,60.58443433
nuscenes,scene-0103_032,yaw_deg,-2.00000000,6,Car,25.30526680,24.57400878,0,0.00000000,22,20,90.90909091,47.41197701
nuscenes,scene-0103_032,yaw_deg,-2.00000000,7,bicycle_rack,12.34327546,8.51341065,0,0.99564518,364,31,8.51648352,59.28431200
nuscenes,scene-0103_032,yaw_deg,-2.00000000,8,Car,33.28941924,32.16730897,1,0.00000000,10,5,50.00000000,46.70387566
nuscenes,scene-0103_032,yaw_deg,-2.00000000,10,Bicycle,17.35855193,16.18055009,0,0.00000000,16,8,50.00000000,50.30820503
nuscenes,scene-0103_032,yaw_deg,-2.00000000,11,Car,19.30166224,18.38636398,1,0.00000000,25,25,100.00000000,49.11816198
nuscenes,scene-0103_032,yaw_deg,-2.00000000,12,Truck,25.26192509,23.70118527,0,0.00000000,70,58,82.85714286,49.10306106
nuscenes,scene-0103_032,yaw_deg,-2.00000000,16,Car,13.86320603,12.56750409,0,0.11967967,123,116,94.30894309,55.40876348
nuscenes,scene-0103_032,yaw_deg,-1.00000000,1,Car,45.90640065,45.00365931,0,0.00000000,5,5,100.00000000,22.90566771
nuscenes,scene-0103_032,yaw_deg,-1.00000000,3,Car,22.63598644,18.74818360,2,0.75353912,21,0,0.00000000,
nuscenes,scene-0103_032,yaw_deg,-1.00000000,5,Car,9.52644917,7.64472254,0,0.78968652,251,22,8.76494024,30.44379505
nuscenes,scene-0103_032,yaw_deg,-1.00000000,6,Car,25.30526680,24.57400878,0,0.00000000,22,22,100.00000000,23.60234659
nuscenes,scene-0103_032,yaw_deg,-1.00000000,7,bicycle_rack,12.34327546,8.51341065,0,0.99564518,364,28,7.69230769,29.93666124
nuscenes,scene-0103_032,yaw_deg,-1.00000000,8,Car,33.28941924,32.16730897,1,0.00000000,10,8,80.00000000,23.44434762
nuscenes,scene-0103_032,yaw_deg,-1.00000000,10,Bicycle,17.35855193,16.18055009,0,0.00000000,16,16,100.00000000,25.30643471
nuscenes,scene-0103_032,yaw_deg,-1.00000000,11,Car,19.30166224,18.38636398,1,0.00000000,25,25,100.00000000,24.42888709
nuscenes,scene-0103_032,yaw_deg,-1.00000000,12,Truck,25.26192509,23.70118527,0,0.00000000,70,67,95.71428571,24.68750578
nuscenes,scene-0103_032,yaw_deg,-1.00000000,16,Car,13.86320603,12.56750409,0,0.11967967,123,122,99.18699187,27.63110758
nuscenes,scene-0103_032,yaw_deg,-0.50000000,1,Car,45.90640065,45.00365931,0,0.00000000,5,5,100.00000000,11.47157638
nuscenes,scene-0103_032,yaw_deg,-0.50000000,3,Car,22.63598644,18.74818360,2,0.75353912,21,0,0.00000000,
nuscenes,scene-0103_032,yaw_deg,-0.50000000,5,Car,9.52644917,7.64472254,0,0.78968652,251,27,10.75697211,15.20852523
nuscenes,scene-0103_032,yaw_deg,-0.50000000,6,Car,25.30526680,24.57400878,0,0.00000000,22,22,100.00000000,11.77635785
nuscenes,scene-0103_032,yaw_deg,-0.50000000,7,bicycle_rack,12.34327546,8.51341065,0,0.99564518,364,25,6.86813187,15.04424989
nuscenes,scene-0103_032,yaw_deg,-0.50000000,8,Car,33.28941924,32.16730897,1,0.00000000,10,10,100.00000000,11.74632632
nuscenes,scene-0103_032,yaw_deg,-0.50000000,10,Bicycle,17.35855193,16.18055009,0,0.00000000,16,16,100.00000000,12.69265209
nuscenes,scene-0103_032,yaw_deg,-0.50000000,11,Car,19.30166224,18.38636398,1,0.00000000,25,25,100.00000000,12.18312426
nuscenes,scene-0103_032,yaw_deg,-0.50000000,12,Truck,25.26192509,23.70118527,0,0.00000000,70,70,100.00000000,12.37899880
nuscenes,scene-0103_032,yaw_deg,-0.50000000,16,Car,13.86320603,12.56750409,0,0.11967967,123,123,100.00000000,13.75913153
nuscenes,scene-0103_032,yaw_deg,0.00000000,1,Car,45.90640065,45.00365931,0,0.00000000,5,5,100.00000000,0.00000000
nuscenes,scene-0103_032,yaw_deg,0.00000000,3,Car,22.63598644,18.74818360,2,0.75353912,21,0,0.00000000,
nuscenes,scene-0103_032,yaw_deg,0.00000000,5,Car,9.52644917,7.64472254,0,0.78968652,251,30,11.95219124,0.00000000
nuscenes,scene-0103_032,yaw_deg,0.00000000,6,Car,25.30526680,24.57400878,0,0.00000000,22,22,100.00000000,0.00000000
nuscenes,scene-0103_032,yaw_deg,0.00000000,7,bicycle_rack,12.34327546,8.51341065,0,0.99564518,364,23,6.31868132,0.00000000
nuscenes,scene-0103_032,yaw_deg,0.00000000,8,Car,33.28941924,32.16730897,1,0.00000000,10,10,100.00000000,0.00000000
nuscenes,scene-0103_032,yaw_deg,0.00000000,10,Bicycle,17.35855193,16.18055009,0,0.00000000,16,16,100.00000000,0.00000000
nuscenes,scene-0103_032,yaw_deg,0.00000000,11,Car,19.30166224,18.38636398,1,0.00000000,25,25,100.00000000,0.00000000
nuscenes,scene-0103_032,yaw_deg,0.00000000,12,Truck,25.26192509,23.70118527,0,0.00000000,70,70,100.00000000,0.00000000
nuscenes,scene-0103_032,yaw_deg,0.00000000,16,Car,13.86320603,12.56750409,0,0.11967967,123,123,100.00000000,0.00000000
nuscenes,scene-0103_032,yaw_deg,0.50000000,1,Car,45.90640065,45.00365931,0,0.00000000,5,5,100.00000000,11.51103060
nuscenes,scene-0103_032,yaw_deg,0.50000000,3,Car,22.63598644,18.74818360,2,0.75353912,21,1,4.76190476,
nuscenes,scene-0103_032,yaw_deg,0.50000000,5,Car,9.52644917,7.64472254,0,0.78968652,251,38,15.13944223,15.15348648
nuscenes,scene-0103_032,yaw_deg,0.50000000,6,Car,25.30526680,24.57400878,0,0.00000000,22,22,100.00000000,11.72887452
nuscenes,scene-0103_032,yaw_deg,0.50000000,7,bicycle_rack,12.34327546,8.51341065,0,0.99564518,364,21,5.76923077,15.16103070
nuscenes,scene-0103_032,yaw_deg,0.50000000,8,Car,33.28941924,32.16730897,1,0.00000000,10,10,100.00000000,11.79677168
nuscenes,scene-0103_032,yaw_deg,0.50000000,10,Bicycle,17.35855193,16.18055009,0,0.00000000,16,16,100.00000000,12.77429810
nuscenes,scene-0103_032,yaw_deg,0.50000000,11,Car,19.30166224,18.38636398,1,0.00000000,25,24,96.00000000,12.12288783
nuscenes,scene-0103_032,yaw_deg,0.50000000,12,Truck,25.26192509,23.70118527,0,0.00000000,70,70,100.00000000,12.45205801
nuscenes,scene-0103_032,yaw_deg,0.50000000,16,Car,13.86320603,12.56750409,0,0.11967967,123,123,100.00000000,13.64986309
nuscenes,scene-0103_032,yaw_deg,1.00000000,1,Car,45.90640065,45.00365931,0,0.00000000,5,5,100.00000000,23.06351035
nuscenes,scene-0103_032,yaw_deg,1.00000000,3,Car,22.63598644,18.74818360,2,0.75353912,21,3,14.28571429,
nuscenes,scene-0103_032,yaw_deg,1.00000000,5,Car,9.52644917,7.64472254,0,0.78968652,251,44,17.52988048,30.15631024
nuscenes,scene-0103_032,yaw_deg,1.00000000,6,Car,25.30526680,24.57400878,0,0.00000000,22,19,86.36363636,23.41238128
nuscenes,scene-0103_032,yaw_deg,1.00000000,7,bicycle_rack,12.34327546,8.51341065,0,0.99564518,364,18,4.94505495,30.31242304
nuscenes,scene-0103_032,yaw_deg,1.00000000,8,Car,33.28941924,32.16730897,1,0.00000000,10,10,100.00000000,23.64616316
nuscenes,scene-0103_032,yaw_deg,1.00000000,10,Bicycle,17.35855193,16.18055009,0,0.00000000,16,16,100.00000000,25.63308037
nuscenes,scene-0103_032,yaw_deg,1.00000000,11,Car,19.30166224,18.38636398,1,0.00000000,25,23,92.00000000,24.18789883
nuscenes,scene-0103_032,yaw_deg,1.00000000,12,Truck,25.26192509,23.70118527,0,0.00000000,70,70,100.00000000,24.97979591
nuscenes,scene-0103_032,yaw_deg,1.00000000,16,Car,13.86320603,12.56750409,0,0.11967967,123,121,98.37398374,27.19394273
nuscenes,scene-0103_032,yaw_deg,2.00000000,1,Car,45.90640065,45.00365931,0,0.00000000,5,1,20.00000000,46.30093468
nuscenes,scene-0103_032,yaw_deg,2.00000000,3,Car,22.63598644,18.74818360,2,0.75353912,21,7,33.33333333,
nuscenes,scene-0103_032,yaw_deg,2.00000000,5,Car,9.52644917,7.64472254,0,0.78968652,251,53,21.11553785,59.72844778
nuscenes,scene-0103_032,yaw_deg,2.00000000,6,Car,25.30526680,24.57400878,0,0.00000000,22,16,72.72727273,46.65160333
nuscenes,scene-0103_032,yaw_deg,2.00000000,7,bicycle_rack,12.34327546,8.51341065,0,0.99564518,364,15,4.12087912,61.03458174
nuscenes,scene-0103_032,yaw_deg,2.00000000,8,Car,33.28941924,32.16730897,1,0.00000000,10,10,100.00000000,47.51168412
nuscenes,scene-0103_032,yaw_deg,2.00000000,10,Bicycle,17.35855193,16.18055009,0,0.00000000,16,13,81.25000000,51.61577478
nuscenes,scene-0103_032,yaw_deg,2.00000000,11,Car,19.30166224,18.38636398,1,0.00000000,25,16,64.00000000,48.15352769
nuscenes,scene-0103_032,yaw_deg,2.00000000,12,Truck,25.26192509,23.70118527,0,0.00000000,70,67,95.71428571,50.27307491
nuscenes,scene-0103_032,yaw_deg,2.00000000,16,Car,13.86320603,12.56750409,0,0.11967967,123,114,92.68292683,53.97825911
nuscenes,scene-0103_032,yaw_deg,3.00000000,1,Car,45.90640065,45.00365931,0,0.00000000,5,0,0.00000000,69.72880392
nuscenes,scene-0103_032,yaw_deg,3.00000000,3,Car,22.63598644,18.74818360,2,0.75353912,21,8,38.09523810,
nuscenes,scene-0103_032,yaw_deg,3.00000000,5,Car,9.52644917,7.64472254,0,0.78968652,251,65,25.89641434,88.75203879
nuscenes,scene-0103_032,yaw_deg,3.00000000,6,Car,25.30526680,24.57400878,0,0.00000000,22,9,40.90909091,69.73401035
nuscenes,scene-0103_032,yaw_deg,3.00000000,7,bicycle_rack,12.34327546,8.51341065,0,0.99564518,364,12,3.29670330,92.13075511
nuscenes,scene-0103_032,yaw_deg,3.00000000,8,Car,33.28941924,32.16730897,1,0.00000000,10,8,80.00000000,71.61470662
nuscenes,scene-0103_032,yaw_deg,3.00000000,10,Bicycle,17.35855193,16.18055009,0,0.00000000,16,4,25.00000000,77.97212786
nuscenes,scene-0103_032,yaw_deg,3.00000000,11,Car,19.30166224,18.38636398,1,0.00000000,25,12,48.00000000,71.91477105
nuscenes,scene-0103_032,yaw_deg,3.00000000,12,Truck,25.26192509,23.70118527,0,0.00000000,70,61,87.14285714,75.90196102
nuscenes,scene-0103_032,yaw_deg,3.00000000,16,Car,13.86320603,12.56750409,0,0.11967967,123,105,85.36585366,80.37914967
nuscenes,scene-0103_033,yaw_deg,-3.00000000,1,Car,42.24957154,41.24290176,0,0.00000000,6,1,16.66666667,69.06619505
nuscenes,scene-0103_033,yaw_deg,-3.00000000,5,Car,21.67326089,20.86137399,0,0.00000000,30,25,83.33333333,72.71116850
nuscenes,scene-0103_033,yaw_deg,-3.00000000,7,Car,29.69986779,28.40669473,1,0.00000000,20,7,35.00000000,70.99229929
nuscenes,scene-0103_033,yaw_deg,-3.00000000,8,Bicycle,11.62453474,9.66769368,0,0.43614579,40,27,67.50000000,91.79548256
nuscenes,scene-0103_033,yaw_deg,-3.00000000,9,Car,15.72833327,14.64600132,0,0.00000000,64,64,100.00000000,78.94496997
nuscenes,scene-0103_033,yaw_deg,-3.00000000,11,Truck,21.78781579,19.90905177,0,0.00000000,122,96,78.68852459,76.82894448
nuscenes,scene-0103_033,yaw_deg,-3.00000000,14,Car,27.20282639,26.54402721,1,0.00000000,6,4,66.66666667,70.54169018
nuscenes,scene-0103_033,yaw_deg,-3.00000000,15,Car,10.54216025,8.85764632,0,0.64104867,284,57,20.07042254,87.13616013
nuscenes,scene-0103_033,yaw_deg,-2.00000000,1,Car,42.24957154,41.24290176,0,0.00000000,6,4,66.66666667,46.20157192
nuscenes,scene-0103_033,yaw_deg,-2.00000000,5,Car,21.67326089,20.86137399,0,0.00000000,30,28,93.33333333,48.22908319
nuscenes,scene-0103_033,yaw_deg,-2.00000000,7,Car,29.69986779,28.40669473,1,0.00000000,20,12,60.00000000,47.53363857
nuscenes,scene-0103_033,yaw_deg,-2.00000000,8,Bicycle,11.62453474,9.66769368,0,0.43614579,40,39,97.50000000,61.82968997
nuscenes,scene-0103_033,yaw_deg,-2.00000000,9,Car,15.72833327,14.64600132,0,0.00000000,64,64,100.00000000,52.24536402
nuscenes,scene-0103_033,yaw_deg,-2.00000000,11,Truck,21.78781579,19.90905177,0,0.00000000,122,109,89.34426230,51.55609330
nuscenes,scene-0103_033,yaw_deg,-2.00000000,14,Car,27.20282639,26.54402721,1,0.00000000,6,6,100.00000000,46.83253164
nuscenes,scene-0103_033,yaw_deg,-2.00000000,15,Car,10.54216025,8.85764632,0,0.64104867,284,68,23.94366197,58.25227366
nuscenes,scene-0103_033,yaw_deg,-1.00000000,1,Car,42.24957154,41.24290176,0,0.00000000,6,5,83.33333333,23.18481920
nuscenes,scene-0103_033,yaw_deg,-1.00000000,5,Car,21.67326089,20.86137399,0,0.00000000,30,30,100.00000000,23.99833915
nuscenes,scene-0103_033,yaw_deg,-1.00000000,7,Car,29.69986779,28.40669473,1,0.00000000,20,18,90.00000000,23.87538311
nuscenes,scene-0103_033,yaw_deg,-1.00000000,8,Bicycle,11.62453474,9.66769368,0,0.43614579,40,36,90.00000000,31.24444670
nuscenes,scene-0103_033,yaw_deg,-1.00000000,9,Car,15.72833327,14.64600132,0,0.00000000,64,64,100.00000000,25.93870786
nuscenes,scene-0103_033,yaw_deg,-1.00000000,11,Truck,21.78781579,19.90905177,0,0.00000000,122,120,98.36065574,25.95410093
nuscenes,scene-0103_033,yaw_deg,-1.00000000,14,Car,27.20282639,26.54402721,1,0.00000000,6,6,100.00000000,23.32433069
nuscenes,scene-0103_033,yaw_deg,-1.00000000,15,Car,10.54216025,8.85764632,0,0.64104867,284,82,28.87323944,29.16148562
nuscenes,scene-0103_033,yaw_deg,-0.50000000,1,Car,42.24957154,41.24290176,0,0.00000000,6,6,100.00000000,11.61443070
nuscenes,scene-0103_033,yaw_deg,-0.50000000,5,Car,21.67326089,20.86137399,0,0.00000000,30,30,100.00000000,11.97127639
nuscenes,scene-0103_033,yaw_deg,-0.50000000,7,Car,29.69986779,28.40669473,1,0.00000000,20,20,100.00000000,11.96595091
nuscenes,scene-0103_033,yaw_deg,-0.50000000,8,Bicycle,11.62453474,9.66769368,0,0.43614579,40,34,85.00000000,15.70720670
nuscenes,scene-0103_033,yaw_deg,-0.50000000,9,Car,15.72833327,14.64600132,0,0.00000000,64,64,100.00000000,12.92487684
nuscenes,scene-0103_033,yaw_deg,-0.50000000,11,Truck,21.78781579,19.90905177,0,0.00000000,122,122,100.00000000,13.02254070
nuscenes,scene-0103_033,yaw_deg,-0.50000000,14,Car,27.20282639,26.54402721,1,0.00000000,6,6,100.00000000,11.64022966
nuscenes,scene-0103_033,yaw_deg,-0.50000000,15,Car,10.54216025,8.85764632,0,0.64104867,284,90,31.69014085,14.60636619
nuscenes,scene-0103_033,yaw_deg,0.00000000,1,Car,42.24957154,41.24290176,0,0.00000000,6,6,100.00000000,0.00000000
nuscenes,scene-0103_033,yaw_deg,0.00000000,5,Car,21.67326089,20.86137399,0,0.00000000,30,30,100.00000000,0.00000000
nuscenes,scene-0103_033,yaw_deg,0.00000000,7,Car,29.69986779,28.40669473,1,0.00000000,20,20,100.00000000,0.00000000
nuscenes,scene-0103_033,yaw_deg,0.00000000,8,Bicycle,11.62453474,9.66769368,0,0.43614579,40,31,77.50000000,0.00000000
nuscenes,scene-0103_033,yaw_deg,0.00000000,9,Car,15.72833327,14.64600132,0,0.00000000,64,64,100.00000000,0.00000000
nuscenes,scene-0103_033,yaw_deg,0.00000000,11,Truck,21.78781579,19.90905177,0,0.00000000,122,122,100.00000000,0.00000000
nuscenes,scene-0103_033,yaw_deg,0.00000000,14,Car,27.20282639,26.54402721,1,0.00000000,6,6,100.00000000,0.00000000
nuscenes,scene-0103_033,yaw_deg,0.00000000,15,Car,10.54216025,8.85764632,0,0.64104867,284,95,33.45070423,0.00000000
nuscenes,scene-0103_033,yaw_deg,0.50000000,1,Car,42.24957154,41.24290176,0,0.00000000,6,5,83.33333333,11.66053455
nuscenes,scene-0103_033,yaw_deg,0.50000000,5,Car,21.67326089,20.86137399,0,0.00000000,30,30,100.00000000,11.91775598
nuscenes,scene-0103_033,yaw_deg,0.50000000,7,Car,29.69986779,28.40669473,1,0.00000000,20,20,100.00000000,12.02475473
nuscenes,scene-0103_033,yaw_deg,0.50000000,8,Bicycle,11.62453474,9.66769368,0,0.43614579,40,26,65.00000000,15.80991960
nuscenes,scene-0103_033,yaw_deg,0.50000000,9,Car,15.72833327,14.64600132,0,0.00000000,64,64,100.00000000,12.83943059
nuscenes,scene-0103_033,yaw_deg,0.50000000,11,Truck,21.78781579,19.90905177,0,0.00000000,122,122,100.00000000,13.11656196
nuscenes,scene-0103_033,yaw_deg,0.50000000,14,Car,27.20282639,26.54402721,1,0.00000000,6,6,100.00000000,11.59841752
nuscenes,scene-0103_033,yaw_deg,0.50000000,15,Car,10.54216025,8.85764632,0,0.64104867,284,100,35.21126761,14.51756235
nuscenes,scene-0103_033,yaw_deg,1.00000000,1,Car,42.24957154,41.24290176,0,0.00000000,6,3,50.00000000,23.36926529
nuscenes,scene-0103_033,yaw_deg,1.00000000,5,Car,21.67326089,20.86137399,0,0.00000000,30,29,96.66666667,23.78422061
nuscenes,scene-0103_033,yaw_deg,1.00000000,7,Car,29.69986779,28.40669473,1,0.00000000,20,20,100.00000000,24.11063924
nuscenes,scene-0103_033,yaw_deg,1.00000000,8,Bicycle,11.62453474,9.66769368,0,0.43614579,40,21,52.50000000,31.69959070
nuscenes,scene-0103_033,yaw_deg,1.00000000,9,Car,15.72833327,14.64600132,0,0.00000000,64,62,96.87500000,25.59632030
nuscenes,scene-0103_033,yaw_deg,1.00000000,11,Truck,21.78781579,19.90905177,0,0.00000000,122,122,100.00000000,26.33025963
nuscenes,scene-0103_033,yaw_deg,1.00000000,14,Car,27.20282639,26.54402721,1,0.00000000,6,6,100.00000000,23.15705443
nuscenes,scene-0103_033,yaw_deg,1.00000000,15,Car,10.54216025,8.85764632,0,0.64104867,284,107,37.67605634,28.90295627
nuscenes,scene-0103_033,yaw_deg,2.00000000,1,Car,42.24957154,41.24290176,0,0.00000000,6,1,16.66666667,46.93984756
nuscenes,scene-0103_033,yaw_deg,2.00000000,5,Car,21.67326089,20.86137399,0,0.00000000,30,25,83.33333333,47.37201813
nuscenes,scene-0103_033,yaw_deg,2.00000000,7,Car,29.69986779,28.40669473,1,0.00000000,20,20,100.00000000,48.47531730
nuscenes,scene-0103_033,yaw_deg,2.00000000,8,Bicycle,11.62453474,9.66769368,0,0.43614579,40,8,20.00000000,63.26607248
nuscenes,scene-0103_033,yaw_deg,2.00000000,9,Car,15.72833327,14.64600132,0,0.00000000,64,57,89.06250000,50.87527495
nuscenes,scene-0103_033,yaw_deg,2.00000000,11,Truck,21.78781579,19.90905177,0,0.00000000,122,122,100.00000000,53.06190775
nuscenes,scene-0103_033,yaw_deg,2.00000000,14,Car,27.20282639,26.54402721,1,0.00000000,6,2,33.33333333,46.16298267
nuscenes,scene-0103_033,yaw_deg,2.00000000,15,Car,10.54216025,8.85764632,0,0.64104867,284,116,40.84507042,57.29354485
nuscenes,scene-0103_033,yaw_deg,3.00000000,1,Car,42.24957154,41.24290176,0,0.00000000,6,0,0.00000000,70.72916044
nuscenes,scene-0103_033,yaw_deg,3.00000000,5,Car,21.67326089,20.86137399,0,0.00000000,30,15,50.00000000,70.78055270
nuscenes,scene-0103_033,yaw_deg,3.00000000,7,Car,29.69986779,28.40669473,1,0.00000000,20,17,85.00000000,73.11353371
nuscenes,scene-0103_033,yaw_deg,3.00000000,8,Bicycle,11.62453474,9.66769368,0,0.43614579,40,0,0.00000000,
nuscenes,scene-0103_033,yaw_deg,3.00000000,9,Car,15.72833327,14.64600132,0,0.00000000,64,51,79.68750000,75.85954295
nuscenes,scene-0103_033,yaw_deg,3.00000000,11,Truck,21.78781579,19.90905177,0,0.00000000,122,116,95.08196721,80.22145897
nuscenes,scene-0103_033,yaw_deg,3.00000000,14,Car,27.20282639,26.54402721,1,0.00000000,6,0,0.00000000,69.03353777
nuscenes,scene-0103_033,yaw_deg,3.00000000,15,Car,10.54216025,8.85764632,0,0.64104867,284,126,44.36619718,85.20327284
nuscenes,scene-0103_034,yaw_deg,-3.00000000,1,Car,38.48478190,37.36265030,0,0.00000000,9,1,11.11111111,69.60139013
nuscenes,scene-0103_034,yaw_deg,-3.00000000,3,Car,34.66854876,34.09543136,0,0.00000000,6,1,16.66666667,69.39527608
nuscenes,scene-0103_034,yaw_deg,-3.00000000,6,Car,17.95457903,16.99664813,0,0.00000000,61,58,95.08196721,75.52563788
nuscenes,scene-0103_034,yaw_deg,-3.00000000,8,Car,26.03549062,24.52556262,0,0.00000000,22,9,40.90909091,72.79858850
nuscenes,scene-0103_034,yaw_deg,-3.00000000,9,Car,12.14502952,10.75436537,0,0.31015440,166,102,61.44578313,84.86673468
nuscenes,scene-0103_034,yaw_deg,-3.00000000,11,Truck,18.36800915,16.05762681,0,0.28859309,187,157,83.95721925,82.65465527
nuscenes,scene-0103_034,yaw_deg,-3.00000000,14,Car,23.40385309,22.66423726,1,0.00000000,17,15,88.23529412,71.81989562
nuscenes,scene-0103_034,yaw_deg,-3.00000000,15,Car,7.51423298,4.99738123,0,0.98756074,798,0,0.00000000,
nuscenes,scene-0103_034,yaw_deg,-2.00000000,1,Car,38.48478190,37.36265030,0,0.00000000,9,6,66.66666667,46.57699041
nuscenes,scene-0103_034,yaw_deg,-2.00000000,3,Car,34.66854876,34.09543136,0,0.00000000,6,4,66.66666667,46.09508569
nuscenes,scene-0103_034,yaw_deg,-2.00000000,6,Car,17.95457903,16.99664813,0,0.00000000,61,61,100.00000000,50.04227537
nuscenes,scene-0103_034,yaw_deg,-2.00000000,8,Car,26.03549062,24.52556262,0,0.00000000,22,13,59.09090909,48.78246070
nuscenes,scene-0103_034,yaw_deg,-2.00000000,9,Car,12.14502952,10.75436537,0,0.31015440,166,117,70.48192771,56.72714703
nuscenes,scene-0103_034,yaw_deg,-2.00000000,11,Truck,18.36800915,16.05762681,0,0.28859309,187,170,90.90909091,55.55995334
nuscenes,scene-0103_034,yaw_deg,-2.00000000,14,Car,23.40385309,22.66423726,1,0.00000000,17,17,100.00000000,47.65230825
nuscenes,scene-0103_034,yaw_deg,-2.00000000,15,Car,7.51423298,4.99738123,0,0.98756074,798,0,0.00000000,
nuscenes,scene-0103_034,yaw_deg,-1.00000000,1,Car,38.48478190,37.36265030,0,0.00000000,9,8,88.88888889,23.38200305
nuscenes,scene-0103_034,yaw_deg,-1.00000000,3,Car,34.66854876,34.09543136,0,0.00000000,6,6,100.00000000,22.96871670
nuscenes,scene-0103_034,yaw_deg,-1.00000000,6,Car,17.95457903,16.99664813,0,0.00000000,61,61,100.00000000,24.87424479
nuscenes,scene-0103_034,yaw_deg,-1.00000000,8,Car,26.03549062,24.52556262,0,0.00000000,22,19,86.36363636,24.52265064
nuscenes,scene-0103_034,yaw_deg,-1.00000000,9,Car,12.14502952,10.75436537,0,0.31015440,166,135,81.32530120,28.51295717
nuscenes,scene-0103_034,yaw_deg,-1.00000000,11,Truck,18.36800915,16.05762681,0,0.28859309,187,175,93.58288770,28.01809510
nuscenes,scene-0103_034,yaw_deg,-1.00000000,14,Car,23.40385309,22.66423726,1,0.00000000,17,17,100.00000000,23.71840943
nuscenes,scene-0103_034,yaw_deg,-1.00000000,15,Car,7.51423298,4.99738123,0,0.98756074,798,0,0.00000000,
nuscenes,scene-0103_034,yaw_deg,-0.50000000,1,Car,38.48478190,37.36265030,0,0.00000000,9,9,100.00000000,11.71542412
nuscenes,scene-0103_034,yaw_deg,-0.50000000,3,Car,34.66854876,34.09543136,0,0.00000000,6,6,100.00000000,11.46564569
nuscenes,scene-0103_034,yaw_deg,-0.50000000,6,Car,17.95457903,16.99664813,0,0.00000000,61,61,100.00000000,12.40171111
nuscenes,scene-0103_034,yaw_deg,-0.50000000,8,Car,26.03549062,24.52556262,0,0.00000000,22,22,100.00000000,12.29540622
nuscenes,scene-0103_034,yaw_deg,-0.50000000,9,Car,12.14502952,10.75436537,0,0.31015440,166,142,85.54216867,14.24583091
nuscenes,scene-0103_034,yaw_deg,-0.50000000,11,Truck,18.36800915,16.05762681,0,0.28859309,187,172,91.97860963,14.07045643
nuscenes,scene-0103_034,yaw_deg,-0.50000000,14,Car,23.40385309,22.66423726,1,0.00000000,17,17,100.00000000,11.83338217
nuscenes,scene-0103_034,yaw_deg,-0.50000000,15,Car,7.51423298,4.99738123,0,0.98756074,798,0,0.00000000,
nuscenes,scene-0103_034,yaw_deg,0.00000000,1,Car,38.48478190,37.36265030,0,0.00000000,9,9,100.00000000,0.00000000
nuscenes,scene-0103_034,yaw_deg,0.00000000,3,Car,34.66854876,34.09543136,0,0.00000000,6,6,100.00000000,0.00000000
nuscenes,scene-0103_034,yaw_deg,0.00000000,6,Car,17.95457903,16.99664813,0,0.00000000,61,61,100.00000000,0.00000000
nuscenes,scene-0103_034,yaw_deg,0.00000000,8,Car,26.03549062,24.52556262,0,0.00000000,22,22,100.00000000,0.00000000
nuscenes,scene-0103_034,yaw_deg,0.00000000,9,Car,12.14502952,10.75436537,0,0.31015440,166,144,86.74698795,0.00000000
nuscenes,scene-0103_034,yaw_deg,0.00000000,11,Truck,18.36800915,16.05762681,0,0.28859309,187,168,89.83957219,0.00000000
nuscenes,scene-0103_034,yaw_deg,0.00000000,14,Car,23.40385309,22.66423726,1,0.00000000,17,17,100.00000000,0.00000000
nuscenes,scene-0103_034,yaw_deg,0.00000000,15,Car,7.51423298,4.99738123,0,0.98756074,798,0,0.00000000,
nuscenes,scene-0103_034,yaw_deg,0.50000000,1,Car,38.48478190,37.36265030,0,0.00000000,9,9,100.00000000,11.76640109
nuscenes,scene-0103_034,yaw_deg,0.50000000,3,Car,34.66854876,34.09543136,0,0.00000000,6,6,100.00000000,11.43017724
nuscenes,scene-0103_034,yaw_deg,0.50000000,6,Car,17.95457903,16.99664813,0,0.00000000,61,61,100.00000000,12.33344721
nuscenes,scene-0103_034,yaw_deg,0.50000000,8,Car,26.03549062,24.52556262,0,0.00000000,22,22,100.00000000,12.36608022
nuscenes,scene-0103_034,yaw_deg,0.50000000,9,Car,12.14502952,10.75436537,0,0.31015440,166,147,88.55421687,14.17661355
nuscenes,scene-0103_034,yaw_deg,0.50000000,11,Truck,18.36800915,16.05762681,0,0.28859309,187,160,85.56149733,14.14048134
nuscenes,scene-0103_034,yaw_deg,0.50000000,14,Car,23.40385309,22.66423726,1,0.00000000,17,16,94.11764706,11.78391983
nuscenes,scene-0103_034,yaw_deg,0.50000000,15,Car,7.51423298,4.99738123,0,0.98756074,798,5,0.62656642,
nuscenes,scene-0103_034,yaw_deg,1.00000000,1,Car,38.48478190,37.36265030,0,0.00000000,9,8,88.88888889,23.58594529
nuscenes,scene-0103_034,yaw_deg,1.00000000,3,Car,34.66854876,34.09543136,0,0.00000000,6,6,100.00000000,22.82681989
nuscenes,scene-0103_034,yaw_deg,1.00000000,6,Car,17.95457903,16.99664813,0,0.00000000,61,59,96.72131148,24.60113977
nuscenes,scene-0103_034,yaw_deg,1.00000000,8,Car,26.03549062,24.52556262,0,0.00000000,22,22,100.00000000,24.80539770
nuscenes,scene-0103_034,yaw_deg,1.00000000,9,Car,12.14502952,10.75436537,0,0.31015440,166,151,90.96385542,28.23050710
nuscenes,scene-0103_034,yaw_deg,1.00000000,11,Truck,18.36800915,16.05762681,0,0.28859309,187,156,83.42245989,28.31080708
nuscenes,scene-0103_034,yaw_deg,1.00000000,14,Car,23.40385309,22.66423726,1,0.00000000,17,15,88.23529412,23.52052651
nuscenes,scene-0103_034,yaw_deg,1.00000000,15,Car,7.51423298,4.99738123,0,0.98756074,798,10,1.25313283,
nuscenes,scene-0103_034,yaw_deg,2.00000000,1,Car,38.48478190,37.36265030,0,0.00000000,9,3,33.33333333,47.39330967
nuscenes,scene-0103_034,yaw_deg,2.00000000,3,Car,34.66854876,34.09543136,0,0.00000000,6,3,50.00000000,45.52712970
nuscenes,scene-0103_034,yaw_deg,2.00000000,6,Car,17.95457903,16.99664813,0,0.00000000,61,52,85.24590164,48.94906382
nuscenes,scene-0103_034,yaw_deg,2.00000000,8,Car,26.03549062,24.52556262,0,0.00000000,22,22,100.00000000,49.91426663
nuscenes,scene-0103_034,yaw_deg,2.00000000,9,Car,12.14502952,10.75436537,0,0.31015440,166,152,91.56626506,55.98534976
nuscenes,scene-0103_034,yaw_deg,2.00000000,11,Truck,18.36800915,16.05762681,0,0.28859309,187,142,75.93582888,56.78807186
nuscenes,scene-0103_034,yaw_deg,2.00000000,14,Car,23.40385309,22.66423726,1,0.00000000,17,13,76.47058824,46.86023914
nuscenes,scene-0103_034,yaw_deg,2.00000000,15,Car,7.51423298,4.99738123,0,0.98756074,798,19,2.38095238,
nuscenes,scene-0103_034,yaw_deg,3.00000000,1,Car,38.48478190,37.36265030,0,0.00000000,9,1,11.11111111,71.44017530
nuscenes,scene-0103_034,yaw_deg,3.00000000,3,Car,34.66854876,34.09543136,0,0.00000000,6,0,0.00000000,68.11599027
nuscenes,scene-0103_034,yaw_deg,3.00000000,6,Car,17.95457903,16.99664813,0,0.00000000,61,44,72.13114754,73.06293872
nuscenes,scene-0103_034,yaw_deg,3.00000000,8,Car,26.03549062,24.52556262,0,0.00000000,22,19,86.36363636,75.34822349
nuscenes,scene-0103_034,yaw_deg,3.00000000,9,Car,12.14502952,10.75436537,0,0.31015440,166,146,87.95180723,83.29396412
nuscenes,scene-0103_034,yaw_deg,3.00000000,11,Truck,18.36800915,16.05762681,0,0.28859309,187,131,70.05347594,85.43423338
nuscenes,scene-0103_034,yaw_deg,3.00000000,14,Car,23.40385309,22.66423726,1,0.00000000,17,4,23.52941176,70.03572158
nuscenes,scene-0103_034,yaw_deg,3.00000000,15,Car,7.51423298,4.99738123,0,0.98756074,798,19,2.38095238,
nuscenes,scene-0103_035,yaw_deg,-3.00000000,1,Car,33.92298290,32.65810596,0,0.00000000,17,7,41.17647059,70.76611807
nuscenes,scene-0103_035,yaw_deg,-3.00000000,3,Car,29.99810303,29.33612524,0,0.00000000,13,4,30.76923077,70.48170812
nuscenes,scene-0103_035,yaw_deg,-3.00000000,7,Car,13.50631537,12.23999929,0,0.09963644,149,132,88.59060403,83.58759656
nuscenes,scene-0103_035,yaw_deg,-3.00000000,9,Car,21.65744590,19.81995434,0,0.00000000,49,36,73.46938776,77.57394667
nuscenes,scene-0103_035,yaw_deg,-3.00000000,10,Car,8.16669808,5.99842608,0,0.93974667,562,0,0.00000000,
nuscenes,scene-0103_035,yaw_deg,-3.00000000,12,Truck,14.46999842,11.38404767,0,0.77600374,345,135,39.13043478,88.95742143
nuscenes,scene-0103_035,yaw_deg,-3.00000000,15,Car,18.82100645,17.90622385,1,0.00000000,26,26,100.00000000,74.87144341
nuscenes,scene-0103_035,yaw_deg,-2.00000000,1,Car,33.92298290,32.65810596,0,0.00000000,17,12,70.58823529,47.38492026
nuscenes,scene-0103_035,yaw_deg,-2.00000000,3,Car,29.99810303,29.33612524,0,0.00000000,13,8,61.53846154,46.78945416
nuscenes,scene-0103_035,yaw_deg,-2.00000000,7,Car,13.50631537,12.23999929,0,0.09963644,149,142,95.30201342,55.50134397
nuscenes,scene-0103_035,yaw_deg,-2.00000000,9,Car,21.65744590,19.81995434,0,0.00000000,49,41,83.67346939,52.07078915
nuscenes,scene-0103_035,yaw_deg,-2.00000000,10,Car,8.16669808,5.99842608,0,0.93974667,562,0,0.00000000,
nuscenes,scene-0103_035,yaw_deg,-2.00000000,12,Truck,14.46999842,11.38404767,0,0.77600374,345,133,38.55072464,59.88983175
nuscenes,scene-0103_035,yaw_deg,-2.00000000,15,Car,18.82100645,17.90622385,1,0.00000000,26,26,100.00000000,49.61551573
nuscenes,scene-0103_035,yaw_deg,-1.00000000,1,Car,33.92298290,32.65810596,0,0.00000000,17,16,94.11764706,23.80202811
nuscenes,scene-0103_035,yaw_deg,-1.00000000,3,Car,29.99810303,29.33612524,0,0.00000000,13,11,84.61538462,23.30124897
nuscenes,scene-0103_035,yaw_deg,-1.00000000,7,Car,13.50631537,12.23999929,0,0.09963644,149,147,98.65771812,27.57500081
nuscenes,scene-0103_035,yaw_deg,-1.00000000,9,Car,21.65744590,19.81995434,0,0.00000000,49,48,97.95918367,26.22072382
nuscenes,scene-0103_035,yaw_deg,-1.00000000,10,Car,8.16669808,5.99842608,0,0.93974667,562,11,1.95729537,30.98844210
nuscenes,scene-0103_035,yaw_deg,-1.00000000,12,Truck,14.46999842,11.38404767,0,0.77600374,345,125,36.23188406,30.24951660
nuscenes,scene-0103_035,yaw_deg,-1.00000000,15,Car,18.82100645,17.90622385,1,0.00000000,26,26,100.00000000,24.66537004
nuscenes,scene-0103_035,yaw_deg,-0.50000000,1,Car,33.92298290,32.65810596,0,0.00000000,17,17,100.00000000,11.92951887
nuscenes,scene-0103_035,yaw_deg,-0.50000000,3,Car,29.99810303,29.33612524,0,0.00000000,13,13,100.00000000,11.62830307
nuscenes,scene-0103_035,yaw_deg,-0.50000000,7,Car,13.50631537,12.23999929,0,0.09963644,149,148,99.32885906,13.73215320
nuscenes,scene-0103_035,yaw_deg,-0.50000000,9,Car,21.65744590,19.81995434,0,0.00000000,49,49,100.00000000,13.15822263
nuscenes,scene-0103_035,yaw_deg,-0.50000000,10,Car,8.16669808,5.99842608,0,0.93974667,562,16,2.84697509,15.49769037
nuscenes,scene-0103_035,yaw_deg,-0.50000000,12,Truck,14.46999842,11.38404767,0,0.77600374,345,115,33.33333333,15.20327554
nuscenes,scene-0103_035,yaw_deg,-0.50000000,15,Car,18.82100645,17.90622385,1,0.00000000,26,26,100.00000000,12.29836770
nuscenes,scene-0103_035,yaw_deg,0.00000000,1,Car,33.92298290,32.65810596,0,0.00000000,17,17,100.00000000,0.00000000
nuscenes,scene-0103_035,yaw_deg,0.00000000,3,Car,29.99810303,29.33612524,0,0.00000000,13,13,100.00000000,0.00000000
nuscenes,scene-0103_035,yaw_deg,0.00000000,7,Car,13.50631537,12.23999929,0,0.09963644,149,149,100.00000000,0.00000000
nuscenes,scene-0103_035,yaw_deg,0.00000000,9,Car,21.65744590,19.81995434,0,0.00000000,49,49,100.00000000,0.00000000
nuscenes,scene-0103_035,yaw_deg,0.00000000,10,Car,8.16669808,5.99842608,0,0.93974667,562,24,4.27046263,0.00000000
nuscenes,scene-0103_035,yaw_deg,0.00000000,12,Truck,14.46999842,11.38404767,0,0.77600374,345,103,29.85507246,0.00000000
nuscenes,scene-0103_035,yaw_deg,0.00000000,15,Car,18.82100645,17.90622385,1,0.00000000,26,26,100.00000000,0.00000000
nuscenes,scene-0103_035,yaw_deg,0.50000000,1,Car,33.92298290,32.65810596,0,0.00000000,17,16,94.11764706,11.98880270
nuscenes,scene-0103_035,yaw_deg,0.50000000,3,Car,29.99810303,29.33612524,0,0.00000000,13,13,100.00000000,11.58571891
nuscenes,scene-0103_035,yaw_deg,0.50000000,7,Car,13.50631537,12.23999929,0,0.09963644,149,149,100.00000000,13.62449198
nuscenes,scene-0103_035,yaw_deg,0.50000000,9,Car,21.65744590,19.81995434,0,0.00000000,49,49,100.00000000,13.25709430
nuscenes,scene-0103_035,yaw_deg,0.50000000,10,Car,8.16669808,5.99842608,0,0.93974667,562,29,5.16014235,15.47658434
nuscenes,scene-0103_035,yaw_deg,0.50000000,12,Truck,14.46999842,11.38404767,0,0.77600374,345,92,26.66666667,15.25425845
nuscenes,scene-0103_035,yaw_deg,0.50000000,15,Car,18.82100645,17.90622385,1,0.00000000,26,25,96.15384615,12.23222984
nuscenes,scene-0103_035,yaw_deg,1.00000000,1,Car,33.92298290,32.65810596,0,0.00000000,17,14,82.35294118,24.03920444
nuscenes,scene-0103_035,yaw_deg,1.00000000,3,Car,29.99810303,29.33612524,0,0.00000000,13,13,100.00000000,23.13088412
nuscenes,scene-0103_035,yaw_deg,1.00000000,7,Car,13.50631537,12.23999929,0,0.09963644,149,149,100.00000000,27.14304789
nuscenes,scene-0103_035,yaw_deg,1.00000000,9,Car,21.65744590,19.81995434,0,0.00000000,49,49,100.00000000,26.61628911
nuscenes,scene-0103_035,yaw_deg,1.00000000,10,Car,8.16669808,5.99842608,0,0.93974667,562,34,6.04982206,30.79273013
nuscenes,scene-0103_035,yaw_deg,1.00000000,12,Truck,14.46999842,11.38404767,0,0.77600374,345,80,23.18840580,30.46650644
nuscenes,scene-0103_035,yaw_deg,1.00000000,15,Car,18.82100645,17.90622385,1,0.00000000,26,23,88.46153846,24.40077123
nuscenes,scene-0103_035,yaw_deg,2.00000000,1,Car,33.92298290,32.65810596,0,0.00000000,17,8,47.05882353,48.33428271
nuscenes,scene-0103_035,yaw_deg,2.00000000,3,Car,29.99810303,29.33612524,0,0.00000000,13,9,69.23076923,46.10754312
nuscenes,scene-0103_035,yaw_deg,2.00000000,7,Car,13.50631537,12.23999929,0,0.09963644,149,141,94.63087248,53.87582166
nuscenes,scene-0103_035,yaw_deg,2.00000000,9,Car,21.65744590,19.81995434,0,0.00000000,49,49,100.00000000,53.65430950
nuscenes,scene-0103_035,yaw_deg,2.00000000,10,Car,8.16669808,5.99842608,0,0.93974667,562,38,6.76156584,60.96335718
nuscenes,scene-0103_035,yaw_deg,2.00000000,12,Truck,14.46999842,11.38404767,0,0.77600374,345,59,17.10144928,60.72528475
nuscenes,scene-0103_035,yaw_deg,2.00000000,15,Car,18.82100645,17.90622385,1,0.00000000,26,22,84.61538462,48.55636193
nuscenes,scene-0103_035,yaw_deg,3.00000000,1,Car,33.92298290,32.65810596,0,0.00000000,17,4,23.52941176,72.90465174
nuscenes,scene-0103_035,yaw_deg,3.00000000,3,Car,29.99810303,29.33612524,0,0.00000000,13,5,38.46153846,68.94571205
nuscenes,scene-0103_035,yaw_deg,3.00000000,7,Car,13.50631537,12.23999929,0,0.09963644,149,128,85.90604027,80.22444754
nuscenes,scene-0103_035,yaw_deg,3.00000000,9,Car,21.65744590,19.81995434,0,0.00000000,49,42,85.71428571,81.14159848
nuscenes,scene-0103_035,yaw_deg,3.00000000,10,Car,8.16669808,5.99842608,0,0.93974667,562,38,6.76156584,90.54972831
nuscenes,scene-0103_035,yaw_deg,3.00000000,12,Truck,14.46999842,11.38404767,0,0.77600374,345,41,11.88405797,90.94184814
nuscenes,scene-0103_035,yaw_deg,3.00000000,15,Car,18.82100645,17.90622385,1,0.00000000,26,18,69.23076923,72.48549796
nuscenes,scene-0103_036,yaw_deg,-3.00000000,1,Car,30.83079615,29.42048691,0,0.00000000,25,10,40.00000000,71.92192100
nuscenes,scene-0103_036,yaw_deg,-3.00000000,3,Car,26.81337040,26.09092810,0,0.00000000,16,8,50.00000000,71.37632408
nuscenes,scene-0103_036,yaw_deg,-3.00000000,4,Car,19.62818458,19.32382690,0,0.00000000,17,10,58.82352941,68.70229704
nuscenes,scene-0103_036,yaw_deg,-3.00000000,7,Car,10.60871306,8.99499205,0,0.60279046,295,56,18.98305085,86.85899808
nuscenes,scene-0103_036,yaw_deg,-3.00000000,9,Car,18.75904440,16.58203937,0,0.07772856,74,57,77.02702703,82.81701247
nuscenes,scene-0103_036,yaw_deg,-3.00000000,11,Truck,12.14555713,8.17664794,0,0.99034341,555,11,1.98198198,
nuscenes,scene-0103_036,yaw_deg,-3.00000000,14,Car,15.73998215,14.66032119,0,0.00000000,38,37,97.36842105,78.29333246
nuscenes,scene-0103_036,yaw_deg,-2.00000000,1,Car,30.83079615,29.42048691,0,0.00000000,25,17,68.00000000,48.17941163
nuscenes,scene-0103_036,yaw_deg,-2.00000000,3,Car,26.81337040,26.09092810,0,0.00000000,16,11,68.75000000,47.36191271
nuscenes,scene-0103_036,yaw_deg,-2.00000000,4,Car,19.62818458,19.32382690,0,0.00000000,17,13,76.47058824,45.90589120
nuscenes,scene-0103_036,yaw_deg,-2.00000000,7,Car,10.60871306,8.99499205,0,0.60279046,295,72,24.40677966,58.39106458
nuscenes,scene-0103_036,yaw_deg,-2.00000000,9,Car,18.75904440,16.58203937,0,0.07772856,74,65,87.83783784,55.67333665
nuscenes,scene-0103_036,yaw_deg,-2.00000000,11,Truck,12.14555713,8.17664794,0,0.99034341,555,13,2.34234234,
nuscenes,scene-0103_036,yaw_deg,-2.00000000,14,Car,15.73998215,14.66032119,0,0.00000000,38,37,97.36842105,51.82775400
nuscenes,scene-0103_036,yaw_deg,-1.00000000,1,Car,30.83079615,29.42048691,0,0.00000000,25,22,88.00000000,24.21157083
nuscenes,scene-0103_036,yaw_deg,-1.00000000,3,Car,26.81337040,26.09092810,0,0.00000000,16,14,87.50000000,23.57576793
nuscenes,scene-0103_036,yaw_deg,-1.00000000,4,Car,19.62818458,19.32382690,0,0.00000000,17,16,94.11764706,23.01022060
nuscenes,scene-0103_036,yaw_deg,-1.00000000,7,Car,10.60871306,8.99499205,0,0.60279046,295,91,30.84745763,29.40269072
nuscenes,scene-0103_036,yaw_deg,-1.00000000,9,Car,18.75904440,16.58203937,0,0.07772856,74,73,98.64864865,28.07743420
nuscenes,scene-0103_036,yaw_deg,-1.00000000,11,Truck,12.14555713,8.17664794,0,0.99034341,555,6,1.08108108,
nuscenes,scene-0103_036,yaw_deg,-1.00000000,14,Car,15.73998215,14.66032119,0,0.00000000,38,38,100.00000000,25.73806599
nuscenes,scene-0103_036,yaw_deg,-0.50000000,1,Car,30.83079615,29.42048691,0,0.00000000,25,24,96.00000000,12.13742748
nuscenes,scene-0103_036,yaw_deg,-0.50000000,3,Car,26.81337040,26.09092810,0,0.00000000,16,16,100.00000000,11.76268190
nuscenes,scene-0103_036,yaw_deg,-0.50000000,4,Car,19.62818458,19.32382690,0,0.00000000,17,17,100.00000000,11.52039552
nuscenes,scene-0103_036,yaw_deg,-0.50000000,7,Car,10.60871306,8.99499205,0,0.60279046,295,100,33.89830508,14.73443194
nuscenes,scene-0103_036,yaw_deg,-0.50000000,9,Car,18.75904440,16.58203937,0,0.07772856,74,74,100.00000000,14.10080278
nuscenes,scene-0103_036,yaw_deg,-0.50000000,11,Truck,12.14555713,8.17664794,0,0.99034341,555,1,0.18018018,
nuscenes,scene-0103_036,yaw_deg,-0.50000000,14,Car,15.73998215,14.66032119,0,0.00000000,38,38,100.00000000,12.82655343
nuscenes,scene-0103_036,yaw_deg,0.00000000,1,Car,30.83079615,29.42048691,0,0.00000000,25,25,100.00000000,0.00000000
nuscenes,scene-0103_036,yaw_deg,0.00000000,3,Car,26.81337040,26.09092810,0,0.00000000,16,16,100.00000000,0.00000000
nuscenes,scene-0103_036,yaw_deg,0.00000000,4,Car,19.62818458,19.32382690,0,0.00000000,17,17,100.00000000,0.00000000
nuscenes,scene-0103_036,yaw_deg,0.00000000,7,Car,10.60871306,8.99499205,0,0.60279046,295,107,36.27118644,0.00000000
nuscenes,scene-0103_036,yaw_deg,0.00000000,9,Car,18.75904440,16.58203937,0,0.07772856,74,74,100.00000000,0.00000000
nuscenes,scene-0103_036,yaw_deg,0.00000000,11,Truck,12.14555713,8.17664794,0,0.99034341,555,0,0.00000000,
nuscenes,scene-0103_036,yaw_deg,0.00000000,14,Car,15.73998215,14.66032119,0,0.00000000,38,38,100.00000000,0.00000000
nuscenes,scene-0103_036,yaw_deg,0.50000000,1,Car,30.83079615,29.42048691,0,0.00000000,25,25,100.00000000,12.20311842
nuscenes,scene-0103_036,yaw_deg,0.50000000,3,Car,26.81337040,26.09092810,0,0.00000000,16,15,93.75000000,11.71442475
nuscenes,scene-0103_036,yaw_deg,0.50000000,4,Car,19.62818458,19.32382690,0,0.00000000,17,17,100.00000000,11.55292351
nuscenes,scene-0103_036,yaw_deg,0.50000000,7,Car,10.60871306,8.99499205,0,0.60279046,295,120,40.67796610,14.68481363
nuscenes,scene-0103_036,yaw_deg,0.50000000,9,Car,18.75904440,16.58203937,0,0.07772856,74,71,95.94594595,14.18672990
nuscenes,scene-0103_036,yaw_deg,0.50000000,11,Truck,12.14555713,8.17664794,0,0.99034341,555,0,0.00000000,
nuscenes,scene-0103_036,yaw_deg,0.50000000,14,Car,15.73998215,14.66032119,0,0.00000000,38,38,100.00000000,12.74445860
nuscenes,scene-0103_036,yaw_deg,1.00000000,1,Car,30.83079615,29.42048691,0,0.00000000,25,23,92.00000000,24.47438120
nuscenes,scene-0103_036,yaw_deg,1.00000000,3,Car,26.81337040,26.09092810,0,0.00000000,16,15,93.75000000,23.38270682
nuscenes,scene-0103_036,yaw_deg,1.00000000,4,Car,19.62818458,19.32382690,0,0.00000000,17,13,76.47058824,23.14035387
nuscenes,scene-0103_036,yaw_deg,1.00000000,7,Car,10.60871306,8.99499205,0,0.60279046,295,126,42.71186441,29.23260620
nuscenes,scene-0103_036,yaw_deg,1.00000000,9,Car,18.75904440,16.58203937,0,0.07772856,74,69,93.24324324,28.42362638
nuscenes,scene-0103_036,yaw_deg,1.00000000,11,Truck,12.14555713,8.17664794,0,0.99034341,555,0,0.00000000,
nuscenes,scene-0103_036,yaw_deg,1.00000000,14,Car,15.73998215,14.66032119,0,0.00000000,38,36,94.73684211,25.40962440
nuscenes,scene-0103_036,yaw_deg,2.00000000,1,Car,30.83079615,29.42048691,0,0.00000000,25,16,64.00000000,49.23139935
nuscenes,scene-0103_036,yaw_deg,2.00000000,3,Car,26.81337040,26.09092810,0,0.00000000,16,11,68.75000000,46.58914801
nuscenes,scene-0103_036,yaw_deg,2.00000000,4,Car,19.62818458,19.32382690,0,0.00000000,17,11,64.70588235,46.42676547
nuscenes,scene-0103_036,yaw_deg,2.00000000,7,Car,10.60871306,8.99499205,0,0.60279046,295,142,48.13559322,57.93399745
nuscenes,scene-0103_036,yaw_deg,2.00000000,9,Car,18.75904440,16.58203937,0,0.07772856,74,68,91.89189189,57.32272645
nuscenes,scene-0103_036,yaw_deg,2.00000000,11,Truck,12.14555713,8.17664794,0,0.99034341,555,0,0.00000000,
nuscenes,scene-0103_036,yaw_deg,2.00000000,14,Car,15.73998215,14.66032119,0,0.00000000,38,32,84.21052632,50.51299000
nuscenes,scene-0103_036,yaw_deg,3.00000000,1,Car,30.83079615,29.42048691,0,0.00000000,25,8,32.00000000,74.29169650
nuscenes,scene-0103_036,yaw_deg,3.00000000,3,Car,26.81337040,26.09092810,0,0.00000000,16,8,50.00000000,69.63564950
nuscenes,scene-0103_036,yaw_deg,3.00000000,4,Car,19.62818458,19.32382690,0,0.00000000,17,9,52.94117647,69.87554566
nuscenes,scene-0103_036,yaw_deg,3.00000000,7,Car,10.60871306,8.99499205,0,0.60279046,295,158,53.55932203,86.13675026
nuscenes,scene-0103_036,yaw_deg,3.00000000,9,Car,18.75904440,16.58203937,0,0.07772856,74,60,81.08108108,86.23894360
nuscenes,scene-0103_036,yaw_deg,3.00000000,11,Truck,12.14555713,8.17664794,0,0.99034341,555,0,0.00000000,
nuscenes,scene-0103_036,yaw_deg,3.00000000,14,Car,15.73998215,14.66032119,0,0.00000000,38,27,71.05263158,75.33136563
nuscenes,scene-0103_037,yaw_deg,-3.00000000,3,Car,26.99214489,25.36000218,0,0.00000000,29,19,65.51724138,74.30880289
nuscenes,scene-0103_037,yaw_deg,-3.00000000,5,Car,22.85251854,21.99375845,0,0.00000000,21,13,61.90476190,73.62975445
nuscenes,scene-0103_037,yaw_deg,-3.00000000,6,Car,12.48780722,11.98331061,0,0.00000000,105,88,83.80952381,72.30253161
nuscenes,scene-0103_037,yaw_deg,-3.00000000,9,Car,7.47747364,4.97756079,0,0.99333626,758,0,0.00000000,
nuscenes,scene-0103_037,yaw_deg,-3.00000000,11,Car,15.29353296,12.51251549,0,0.64835715,144,71,49.30555556,87.99807379
nuscenes,scene-0103_037,yaw_deg,-3.00000000,13,Car,28.64093233,28.00813546,0,0.00000000,6,2,33.33333333,70.25834457
nuscenes,scene-0103_037,yaw_deg,-3.00000000,14,Car,12.01091508,10.56500828,0,0.32854180,150,79,52.66666667,87.20489071
nuscenes,scene-0103_037,yaw_deg,-2.00000000,3,Car,26.99214489,25.36000218,0,0.00000000,29,23,79.31034483,49.83092319
nuscenes,scene-0103_037,yaw_deg,-2.00000000,5,Car,22.85251854,21.99375845,0,0.00000000,21,16,76.19047619,48.81445883
nuscenes,scene-0103_037,yaw_deg,-2.00000000,6,Car,12.48780722,11.98331061,0,0.00000000,105,97,92.38095238,48.39239508
nuscenes,scene-0103_037,yaw_deg,-2.00000000,9,Car,7.47747364,4.97756079,0,0.99333626,758,0,0.00000000,
nuscenes,scene-0103_037,yaw_deg,-2.00000000,11,Car,15.29353296,12.51251549,0,0.64835715,144,69,47.91666667,59.22951613
nuscenes,scene-0103_037,yaw_deg,-2.00000000,13,Car,28.64093233,28.00813546,0,0.00000000,6,5,83.33333333,46.64817820
nuscenes,scene-0103_037,yaw_deg,-2.00000000,14,Car,12.01091508,10.56500828,0,0.32854180,150,93,62.00000000,58.41218209
nuscenes,scene-0103_037,yaw_deg,-1.00000000,3,Car,26.99214489,25.36000218,0,0.00000000,29,28,96.55172414,25.06822077
nuscenes,scene-0103_037,yaw_deg,-1.00000000,5,Car,22.85251854,21.99375845,0,0.00000000,21,19,90.47619048,24.27782843
nuscenes,scene-0103_037,yaw_deg,-1.00000000,6,Car,12.48780722,11.98331061,0,0.00000000,105,104,99.04761905,24.30504163
nuscenes,scene-0103_037,yaw_deg,-1.00000000,9,Car,7.47747364,4.97756079,0,0.99333626,758,0,0.00000000,
nuscenes,scene-0103_037,yaw_deg,-1.00000000,11,Car,15.29353296,12.51251549,0,0.64835715,144,59,40.97222222,29.90858104
nuscenes,scene-0103_037,yaw_deg,-1.00000000,13,Car,28.64093233,28.00813546,0,0.00000000,6,6,100.00000000,23.23435734
nuscenes,scene-0103_037,yaw_deg,-1.00000000,14,Car,12.01091508,10.56500828,0,0.32854180,150,109,72.66666667,29.18236279
nuscenes,scene-0103_037,yaw_deg,-0.50000000,3,Car,26.99214489,25.36000218,0,0.00000000,29,29,100.00000000,12.57362778
nuscenes,scene-0103_037,yaw_deg,-0.50000000,5,Car,22.85251854,21.99375845,0,0.00000000,21,21,100.00000000,12.10777586
nuscenes,scene-0103_037,yaw_deg,-0.50000000,6,Car,12.48780722,11.98331061,0,0.00000000,105,105,100.00000000,12.17951609
nuscenes,scene-0103_037,yaw_deg,-0.50000000,9,Car,7.47747364,4.97756079,0,0.99333626,758,0,0.00000000,
nuscenes,scene-0103_037,yaw_deg,-0.50000000,11,Car,15.29353296,12.51251549,0,0.64835715,144,54,37.50000000,15.03003351
nuscenes,scene-0103_037,yaw_deg,-0.50000000,13,Car,28.64093233,28.00813546,0,0.00000000,6,6,100.00000000,11.59578156
nuscenes,scene-0103_037,yaw_deg,-0.50000000,14,Car,12.01091508,10.56500828,0,0.32854180,150,117,78.00000000,14.57300419
nuscenes,scene-0103_037,yaw_deg,0.00000000,3,Car,26.99214489,25.36000218,0,0.00000000,29,29,100.00000000,0.00000000
nuscenes,scene-0103_037,yaw_deg,0.00000000,5,Car,22.85251854,21.99375845,0,0.00000000,21,21,100.00000000,0.00000000
nuscenes,scene-0103_037,yaw_deg,0.00000000,6,Car,12.48780722,11.98331061,0,0.00000000,105,105,100.00000000,0.00000000
nuscenes,scene-0103_037,yaw_deg,0.00000000,9,Car,7.47747364,4.97756079,0,0.99333626,758,0,0.00000000,
nuscenes,scene-0103_037,yaw_deg,0.00000000,11,Car,15.29353296,12.51251549,0,0.64835715,144,49,34.02777778,0.00000000
nuscenes,scene-0103_037,yaw_deg,0.00000000,13,Car,28.64093233,28.00813546,0,0.00000000,6,6,100.00000000,0.00000000
nuscenes,scene-0103_037,yaw_deg,0.00000000,14,Car,12.01091508,10.56500828,0,0.32854180,150,126,84.00000000,0.00000000
nuscenes,scene-0103_037,yaw_deg,0.50000000,3,Car,26.99214489,25.36000218,0,0.00000000,29,28,96.55172414,12.65539026
nuscenes,scene-0103_037,yaw_deg,0.50000000,5,Car,22.85251854,21.99375845,0,0.00000000,21,20,95.23809524,12.04786746
nuscenes,scene-0103_037,yaw_deg,0.50000000,6,Car,12.48780722,11.98331061,0,0.00000000,105,105,100.00000000,12.23586332
nuscenes,scene-0103_037,yaw_deg,0.50000000,9,Car,7.47747364,4.97756079,0,0.99333626,758,0,0.00000000,
nuscenes,scene-0103_037,yaw_deg,0.50000000,11,Car,15.29353296,12.51251549,0,0.64835715,144,44,30.55555556,15.08892940
nuscenes,scene-0103_037,yaw_deg,0.50000000,13,Car,28.64093233,28.00813546,0,0.00000000,6,6,100.00000000,11.55502315
nuscenes,scene-0103_037,yaw_deg,0.50000000,14,Car,12.01091508,10.56500828,0,0.32854180,150,133,88.66666667,14.51084591
nuscenes,scene-0103_037,yaw_deg,1.00000000,3,Car,26.99214489,25.36000218,0,0.00000000,29,26,89.65517241,25.39533174
nuscenes,scene-0103_037,yaw_deg,1.00000000,5,Car,22.85251854,21.99375845,0,0.00000000,21,18,85.71428571,24.03815283
nuscenes,scene-0103_037,yaw_deg,1.00000000,6,Car,12.48780722,11.98331061,0,0.00000000,105,105,100.00000000,24.53047051
nuscenes,scene-0103_037,yaw_deg,1.00000000,9,Car,7.47747364,4.97756079,0,0.99333626,758,0,0.00000000,
nuscenes,scene-0103_037,yaw_deg,1.00000000,11,Car,15.29353296,12.51251549,0,0.64835715,144,39,27.08333333,30.22630991
nuscenes,scene-0103_037,yaw_deg,1.00000000,13,Car,28.64093233,28.00813546,0,0.00000000,6,5,83.33333333,23.07129680
nuscenes,scene-0103_037,yaw_deg,1.00000000,14,Car,12.01091508,10.56500828,0,0.32854180,150,138,92.00000000,28.88850718
nuscenes,scene-0103_037,yaw_deg,2.00000000,3,Car,26.99214489,25.36000218,0,0.00000000,29,21,72.41379310,51.14034472
nuscenes,scene-0103_037,yaw_deg,2.00000000,5,Car,22.85251854,21.99375845,0,0.00000000,21,16,76.19047619,47.85508399
nuscenes,scene-0103_037,yaw_deg,2.00000000,6,Car,12.48780722,11.98331061,0,0.00000000,105,98,93.33333333,49.30777380
nuscenes,scene-0103_037,yaw_deg,2.00000000,9,Car,7.47747364,4.97756079,0,0.99333626,758,8,1.05540897,
nuscenes,scene-0103_037,yaw_deg,2.00000000,11,Car,15.29353296,12.51251549,0,0.64835715,144,33,22.91666667,60.65236398
nuscenes,scene-0103_037,yaw_deg,2.00000000,13,Car,28.64093233,28.00813546,0,0.00000000,6,3,50.00000000,45.99550549
nuscenes,scene-0103_037,yaw_deg,2.00000000,14,Car,12.01091508,10.56500828,0,0.32854180,150,136,90.66666667,57.26062268
nuscenes,scene-0103_037,yaw_deg,3.00000000,3,Car,26.99214489,25.36000218,0,0.00000000,29,12,41.37931034,77.25867412
nuscenes,scene-0103_037,yaw_deg,3.00000000,5,Car,22.85251854,21.99375845,0,0.00000000,21,14,66.66666667,71.46863532
nuscenes,scene-0103_037,yaw_deg,3.00000000,6,Car,12.48780722,11.98331061,0,0.00000000,105,90,85.71428571,74.35512338
nuscenes,scene-0103_037,yaw_deg,3.00000000,9,Car,7.47747364,4.97756079,0,0.99333626,758,10,1.31926121,
nuscenes,scene-0103_037,yaw_deg,3.00000000,11,Car,15.29353296,12.51251549,0,0.64835715,144,25,17.36111111,91.05693247
nuscenes,scene-0103_037,yaw_deg,3.00000000,13,Car,28.64093233,28.00813546,0,0.00000000,6,0,0.00000000,68.78821397
nuscenes,scene-0103_037,yaw_deg,3.00000000,14,Car,12.01091508,10.56500828,0,0.32854180,150,136,90.66666667,85.14792640
nuscenes,scene-0103_038,yaw_deg,-3.00000000,1,Bicycle,16.13687205,14.35681801,0,0.00000000,11,4,36.36363636,86.43222511
nuscenes,scene-0103_038,yaw_deg,-3.00000000,3,Car,23.21099898,21.22834662,0,0.00000000,46,24,52.17391304,76.78791281
nuscenes,scene-0103_038,yaw_deg,-3.00000000,5,Car,18.87362782,17.89602048,0,0.00000000,56,36,64.28571429,76.92598940
nuscenes,scene-0103_038,yaw_deg,-3.00000000,7,Car,5.90366162,4.59829609,0,0.89216674,695,285,41.00719424,88.76917220
nuscenes,scene-0103_038,yaw_deg,-3.00000000,8,Car,27.45301967,25.89851259,0,0.00000000,11,5,45.45454545,72.92569040
nuscenes,scene-0103_038,yaw_deg,-3.00000000,11,Car,24.60635900,23.92308968,0,0.00000000,14,7,50.00000000,71.37290541
nuscenes,scene-0103_038,yaw_deg,-3.00000000,12,Car,8.52253415,6.46621983,0,0.90035046,462,0,0.00000000,
nuscenes,scene-0103_038,yaw_deg,-2.00000000,1,Bicycle,16.13687205,14.35681801,0,0.00000000,11,7,63.63636364,57.07494477
nuscenes,scene-0103_038,yaw_deg,-2.00000000,3,Car,23.21099898,21.22834662,0,0.00000000,46,33,71.73913043,51.53293939
nuscenes,scene-0103_038,yaw_deg,-2.00000000,5,Car,18.87362782,17.89602048,0,0.00000000,56,46,82.14285714,50.93835186
nuscenes,scene-0103_038,yaw_deg,-2.00000000,7,Car,5.90366162,4.59829609,0,0.89216674,695,275,39.56834532,59.71499614
nuscenes,scene-0103_038,yaw_deg,-2.00000000,8,Car,27.45301967,25.89851259,0,0.00000000,11,10,90.90909091,48.87709532
nuscenes,scene-0103_038,yaw_deg,-2.00000000,11,Car,24.60635900,23.92308968,0,0.00000000,14,12,85.71428571,47.36274850
nuscenes,scene-0103_038,yaw_deg,-2.00000000,12,Car,8.52253415,6.46621983,0,0.90035046,462,4,0.86580087,61.58640197
nuscenes,scene-0103_038,yaw_deg,-1.00000000,1,Bicycle,16.13687205,14.35681801,0,0.00000000,11,11,100.00000000,28.27535777
nuscenes,scene-0103_038,yaw_deg,-1.00000000,3,Car,23.21099898,21.22834662,0,0.00000000,46,41,89.13043478,25.94464372
nuscenes,scene-0103_038,yaw_deg,-1.00000000,5,Car,18.87362782,17.89602048,0,0.00000000,56,54,96.42857143,25.30403386
nuscenes,scene-0103_038,yaw_deg,-1.00000000,7,Car,5.90366162,4.59829609,0,0.89216674,695,250,35.97122302,30.13692525
nuscenes,scene-0103_038,yaw_deg,-1.00000000,8,Car,27.45301967,25.89851259,0,0.00000000,11,10,90.90909091,24.57499609
nuscenes,scene-0103_038,yaw_deg,-1.00000000,11,Car,24.60635900,23.92308968,0,0.00000000,14,14,100.00000000,23.57772741
nuscenes,scene-0103_038,yaw_deg,-1.00000000,12,Car,8.52253415,6.46621983,0,0.90035046,462,13,2.81385281,30.75947388
nuscenes,scene-0103_038,yaw_deg,-0.50000000,1,Bicycle,16.13687205,14.35681801,0,0.00000000,11,11,100.00000000,14.07416749
nuscenes,scene-0103_038,yaw_deg,-0.50000000,3,Car,23.21099898,21.22834662,0,0.00000000,46,45,97.82608696,13.01834619
nuscenes,scene-0103_038,yaw_deg,-0.50000000,5,Car,18.87362782,17.89602048,0,0.00000000,56,56,100.00000000,12.61213112
nuscenes,scene-0103_038,yaw_deg,-0.50000000,7,Car,5.90366162,4.59829609,0,0.89216674,695,237,34.10071942,15.14058366
nuscenes,scene-0103_038,yaw_deg,-0.50000000,8,Car,27.45301967,25.89851259,0,0.00000000,11,11,100.00000000,12.32285185
nuscenes,scene-0103_038,yaw_deg,-0.50000000,11,Car,24.60635900,23.92308968,0,0.00000000,14,14,100.00000000,11.76404440
nuscenes,scene-0103_038,yaw_deg,-0.50000000,12,Car,8.52253415,6.46621983,0,0.90035046,462,20,4.32900433,15.38359802
nuscenes,scene-0103_038,yaw_deg,0.00000000,1,Bicycle,16.13687205,14.35681801,0,0.00000000,11,11,100.00000000,0.00000000
nuscenes,scene-0103_038,yaw_deg,0.00000000,3,Car,23.21099898,21.22834662,0,0.00000000,46,46,100.00000000,0.00000000
nuscenes,scene-0103_038,yaw_deg,0.00000000,5,Car,18.87362782,17.89602048,0,0.00000000,56,56,100.00000000,0.00000000
nuscenes,scene-0103_038,yaw_deg,0.00000000,7,Car,5.90366162,4.59829609,0,0.89216674,695,224,32.23021583,0.00000000
nuscenes,scene-0103_038,yaw_deg,0.00000000,8,Car,27.45301967,25.89851259,0,0.00000000,11,11,100.00000000,0.00000000
nuscenes,scene-0103_038,yaw_deg,0.00000000,11,Car,24.60635900,23.92308968,0,0.00000000,14,14,100.00000000,0.00000000
nuscenes,scene-0103_038,yaw_deg,0.00000000,12,Car,8.52253415,6.46621983,0,0.90035046,462,26,5.62770563,0.00000000
nuscenes,scene-0103_038,yaw_deg,0.50000000,1,Bicycle,16.13687205,14.35681801,0,0.00000000,11,11,100.00000000,13.95103950
nuscenes,scene-0103_038,yaw_deg,0.50000000,3,Car,23.21099898,21.22834662,0,0.00000000,46,46,100.00000000,13.11344507
nuscenes,scene-0103_038,yaw_deg,0.50000000,5,Car,18.87362782,17.89602048,0,0.00000000,56,56,100.00000000,12.53508364
nuscenes,scene-0103_038,yaw_deg,0.50000000,7,Car,5.90366162,4.59829609,0,0.89216674,695,215,30.93525180,15.19328792
nuscenes,scene-0103_038,yaw_deg,0.50000000,8,Car,27.45301967,25.89851259,0,0.00000000,11,11,100.00000000,12.39610587
nuscenes,scene-0103_038,yaw_deg,0.50000000,11,Car,24.60635900,23.92308968,0,0.00000000,14,14,100.00000000,11.71654817
nuscenes,scene-0103_038,yaw_deg,0.50000000,12,Car,8.52253415,6.46621983,0,0.90035046,462,35,7.57575758,15.35337288
nuscenes,scene-0103_038,yaw_deg,1.00000000,1,Bicycle,16.13687205,14.35681801,0,0.00000000,11,10,90.90909091,27.78273973
nuscenes,scene-0103_038,yaw_deg,1.00000000,3,Car,23.21099898,21.22834662,0,0.00000000,46,45,97.82608696,26.32511379
nuscenes,scene-0103_038,yaw_deg,1.00000000,5,Car,18.87362782,17.89602048,0,0.00000000,56,54,96.42857143,24.99578676
nuscenes,scene-0103_038,yaw_deg,1.00000000,7,Car,5.90366162,4.59829609,0,0.89216674,695,197,28.34532374,30.27577063
nuscenes,scene-0103_038,yaw_deg,1.00000000,8,Car,27.45301967,25.89851259,0,0.00000000,11,11,100.00000000,24.86806536
nuscenes,scene-0103_038,yaw_deg,1.00000000,11,Car,24.60635900,23.92308968,0,0.00000000,14,14,100.00000000,23.38771052
nuscenes,scene-0103_038,yaw_deg,1.00000000,12,Car,8.52253415,6.46621983,0,0.90035046,462,40,8.65800866,30.54931311
nuscenes,scene-0103_038,yaw_deg,2.00000000,1,Bicycle,16.13687205,14.35681801,0,0.00000000,11,5,45.45454545,55.10277329
nuscenes,scene-0103_038,yaw_deg,2.00000000,3,Car,23.21099898,21.22834662,0,0.00000000,46,42,91.30434783,53.05601357
nuscenes,scene-0103_038,yaw_deg,2.00000000,5,Car,18.87362782,17.89602048,0,0.00000000,56,52,92.85714286,49.70444822
nuscenes,scene-0103_038,yaw_deg,2.00000000,7,Car,5.90366162,4.59829609,0,0.89216674,695,174,25.03597122,60.51714798
nuscenes,scene-0103_038,yaw_deg,2.00000000,8,Car,27.45301967,25.89851259,0,0.00000000,11,11,100.00000000,50.05022352
nuscenes,scene-0103_038,yaw_deg,2.00000000,11,Car,24.60635900,23.92308968,0,0.00000000,14,9,64.28571429,46.60216907
nuscenes,scene-0103_038,yaw_deg,2.00000000,12,Car,8.52253415,6.46621983,0,0.90035046,462,49,10.60606061,60.48813401
nuscenes,scene-0103_038,yaw_deg,3.00000000,1,Bicycle,16.13687205,14.35681801,0,0.00000000,11,1,9.09090909,81.98845342
nuscenes,scene-0103_038,yaw_deg,3.00000000,3,Car,23.21099898,21.22834662,0,0.00000000,46,37,80.43478261,80.21931531
nuscenes,scene-0103_038,yaw_deg,3.00000000,5,Car,18.87362782,17.89602048,0,0.00000000,56,48,85.71428571,74.14626792
nuscenes,scene-0103_038,yaw_deg,3.00000000,7,Car,5.90366162,4.59829609,0,0.89216674,695,149,21.43884892,90.71129785
nuscenes,scene-0103_038,yaw_deg,3.00000000,8,Car,27.45301967,25.89851259,0,0.00000000,11,9,81.81818182,75.56842618
nuscenes,scene-0103_038,yaw_deg,3.00000000,11,Car,24.60635900,23.92308968,0,0.00000000,14,6,42.85714286,69.65967909
nuscenes,scene-0103_038,yaw_deg,3.00000000,12,Car,8.52253415,6.46621983,0,0.90035046,462,55,11.90476190,89.85352626
nuscenes,scene-0103_039,yaw_deg,-3.00000000,0,Car,26.66822934,25.94523701,1,0.00000000,10,9,90.00000000,70.73892539
nuscenes,scene-0103_039,yaw_deg,-3.00000000,2,Car,19.52221370,17.10277586,0,0.00814929,80,60,75.00000000,84.51804018
nuscenes,scene-0103_039,yaw_deg,-3.00000000,3,Car,14.97221380,13.69987900,0,0.00000000,113,97,85.84070796,82.26748600
nuscenes,scene-0103_039,yaw_deg,-3.00000000,5,Car,23.59486641,21.76493883,0,0.00000000,22,13,59.09090909,75.90347784
nuscenes,scene-0103_039,yaw_deg,-3.00000000,7,Car,20.58909994,19.74215396,0,0.00000000,40,22,55.00000000,74.25636118
nuscenes,scene-0103_039,yaw_deg,-2.00000000,0,Car,26.66822934,25.94523701,1,0.00000000,10,10,100.00000000,46.95728634
nuscenes,scene-0103_039,yaw_deg,-2.00000000,2,Car,19.52221370,17.10277586,0,0.00814929,80,67,83.75000000,56.84182479
nuscenes,scene-0103_039,yaw_deg,-2.00000000,3,Car,14.97221380,13.69987900,0,0.00000000,113,108,95.57522124,54.50051202
nuscenes,scene-0103_039,yaw_deg,-2.00000000,5,Car,23.59486641,21.76493883,0,0.00000000,22,14,63.63636364,50.92154878
nuscenes,scene-0103_039,yaw_deg,-2.00000000,7,Car,20.58909994,19.74215396,0,0.00000000,40,32,80.00000000,49.21834646
nuscenes,scene-0103_039,yaw_deg,-1.00000000,0,Car,26.66822934,25.94523701,1,0.00000000,10,10,100.00000000,23.38340385
nuscenes,scene-0103_039,yaw_deg,-1.00000000,2,Car,19.52221370,17.10277586,0,0.00814929,80,77,96.25000000,28.67955669
nuscenes,scene-0103_039,yaw_deg,-1.00000000,3,Car,14.97221380,13.69987900,0,0.00000000,113,113,100.00000000,27.03182093
nuscenes,scene-0103_039,yaw_deg,-1.00000000,5,Car,23.59486641,21.76493883,0,0.00000000,22,19,86.36363636,25.62775503
nuscenes,scene-0103_039,yaw_deg,-1.00000000,7,Car,20.58909994,19.74215396,0,0.00000000,40,38,95.00000000,24.47303966
nuscenes,scene-0103_039,yaw_deg,-0.50000000,0,Car,26.66822934,25.94523701,1,0.00000000,10,10,100.00000000,11.66895132
nuscenes,scene-0103_039,yaw_deg,-0.50000000,2,Car,19.52221370,17.10277586,0,0.00814929,80,80,100.00000000,14.40646082
nuscenes,scene-0103_039,yaw_deg,-0.50000000,3,Car,14.97221380,13.69987900,0,0.00000000,113,113,100.00000000,13.46303752
nuscenes,scene-0103_039,yaw_deg,-0.50000000,5,Car,23.59486641,21.76493883,0,0.00000000,22,21,95.45454545,12.85704213
nuscenes,scene-0103_039,yaw_deg,-0.50000000,7,Car,20.58909994,19.74215396,0,0.00000000,40,39,97.50000000,12.20373253
nuscenes,scene-0103_039,yaw_deg,0.00000000,0,Car,26.66822934,25.94523701,1,0.00000000,10,10,100.00000000,0.00000000
nuscenes,scene-0103_039,yaw_deg,0.00000000,2,Car,19.52221370,17.10277586,0,0.00814929,80,80,100.00000000,0.00000000
nuscenes,scene-0103_039,yaw_deg,0.00000000,3,Car,14.97221380,13.69987900,0,0.00000000,113,113,100.00000000,0.00000000
nuscenes,scene-0103_039,yaw_deg,0.00000000,5,Car,23.59486641,21.76493883,0,0.00000000,22,22,100.00000000,0.00000000
nuscenes,scene-0103_039,yaw_deg,0.00000000,7,Car,20.58909994,19.74215396,0,0.00000000,40,40,100.00000000,0.00000000
nuscenes,scene-0103_039,yaw_deg,0.50000000,0,Car,26.66822934,25.94523701,1,0.00000000,10,9,90.00000000,11.62553007
nuscenes,scene-0103_039,yaw_deg,0.50000000,2,Car,19.52221370,17.10277586,0,0.00814929,80,80,100.00000000,14.54401551
nuscenes,scene-0103_039,yaw_deg,0.50000000,3,Car,14.97221380,13.69987900,0,0.00000000,113,112,99.11504425,13.36065406
nuscenes,scene-0103_039,yaw_deg,0.50000000,5,Car,23.59486641,21.76493883,0,0.00000000,22,22,100.00000000,12.94629187
nuscenes,scene-0103_039,yaw_deg,0.50000000,7,Car,20.58909994,19.74215396,0,0.00000000,40,40,100.00000000,12.14059105
nuscenes,scene-0103_039,yaw_deg,1.00000000,0,Car,26.66822934,25.94523701,1,0.00000000,10,9,90.00000000,23.20968998
nuscenes,scene-0103_039,yaw_deg,1.00000000,2,Car,19.52221370,17.10277586,0,0.00814929,80,78,97.50000000,29.20217189
nuscenes,scene-0103_039,yaw_deg,1.00000000,3,Car,14.97221380,13.69987900,0,0.00000000,113,108,95.57522124,26.62220409
nuscenes,scene-0103_039,yaw_deg,1.00000000,5,Car,23.59486641,21.76493883,0,0.00000000,22,22,100.00000000,25.98482268
nuscenes,scene-0103_039,yaw_deg,1.00000000,7,Car,20.58909994,19.74215396,0,0.00000000,40,40,100.00000000,24.22042898
nuscenes,scene-0103_039,yaw_deg,2.00000000,0,Car,26.66822934,25.94523701,1,0.00000000,10,3,30.00000000,46.26196811
nuscenes,scene-0103_039,yaw_deg,2.00000000,2,Car,19.52221370,17.10277586,0,0.00814929,80,75,93.75000000,58.86247745
nuscenes,scene-0103_039,yaw_deg,2.00000000,3,Car,14.97221380,13.69987900,0,0.00000000,113,102,90.26548673,52.86071574
nuscenes,scene-0103_039,yaw_deg,2.00000000,5,Car,23.59486641,21.76493883,0,0.00000000,22,22,100.00000000,52.35091970
nuscenes,scene-0103_039,yaw_deg,2.00000000,7,Car,20.58909994,19.74215396,0,0.00000000,40,35,87.50000000,48.20718713
nuscenes,scene-0103_039,yaw_deg,3.00000000,0,Car,26.66822934,25.94523701,1,0.00000000,10,0,0.00000000,69.17272146
nuscenes,scene-0103_039,yaw_deg,3.00000000,2,Car,19.52221370,17.10277586,0,0.00814929,80,66,82.50000000,88.52407494
nuscenes,scene-0103_039,yaw_deg,3.00000000,3,Car,14.97221380,13.69987900,0,0.00000000,113,94,83.18584071,78.74023995
nuscenes,scene-0103_039,yaw_deg,3.00000000,5,Car,23.59486641,21.76493883,0,0.00000000,22,21,95.45454545,79.12369615
nuscenes,scene-0103_039,yaw_deg,3.00000000,7,Car,20.58909994,19.74215396,0,0.00000000,40,27,67.50000000,71.97856094
nuscenes,scene-1094_000,yaw_deg,-3.00000000,0,personal_mobility,10.87671708,8.93156439,0,0.68571508,30,17,56.66666667,93.87160817
nuscenes,scene-1094_000,yaw_deg,-3.00000000,1,Car,25.01754657,22.59551211,0,0.00000000,33,22,66.66666667,81.95357002
nuscenes,scene-1094_000,yaw_deg,-3.00000000,3,Car,7.57511052,7.36982595,0,0.05376661,463,426,92.00863931,76.09084509
nuscenes,scene-1094_000,yaw_deg,-3.00000000,6,Car,33.01079363,28.01185484,2,0.36995129,7,4,57.14285714,87.96068093
nuscenes,scene-1094_000,yaw_deg,-3.00000000,9,Pedestrian,14.51131956,12.83957888,2,0.00000000,9,0,0.00000000,85.05856894
nuscenes,scene-1094_000,yaw_deg,-3.00000000,10,Car,28.39590502,26.26438816,2,0.00000000,5,0,0.00000000,74.84677342
nuscenes,scene-1094_000,yaw_deg,-3.00000000,11,Car,30.73343884,28.99217232,0,0.00000000,61,54,88.52459016,73.94164337
nuscenes,scene-1094_000,yaw_deg,-3.00000000,12,Pedestrian,14.12118102,13.55161850,0,0.00000000,16,2,12.50000000,73.37310065
nuscenes,scene-1094_000,yaw_deg,-2.00000000,0,personal_mobility,10.87671708,8.93156439,0,0.68571508,30,23,76.66666667,63.22302534
nuscenes,scene-1094_000,yaw_deg,-2.00000000,1,Car,25.01754657,22.59551211,0,0.00000000,33,28,84.84848485,55.06440598
nuscenes,scene-1094_000,yaw_deg,-2.00000000,3,Car,7.57511052,7.36982595,0,0.05376661,463,452,97.62419006,50.71000014
nuscenes,scene-1094_000,yaw_deg,-2.00000000,6,Car,33.01079363,28.01185484,2,0.36995129,7,4,57.14285714,59.19901303
nuscenes,scene-1094_000,yaw_deg,-2.00000000,9,Pedestrian,14.51131956,12.83957888,2,0.00000000,9,1,11.11111111,57.17953546
nuscenes,scene-1094_000,yaw_deg,-2.00000000,10,Car,28.39590502,26.26438816,2,0.00000000,5,3,60.00000000,50.16982884
nuscenes,scene-1094_000,yaw_deg,-2.00000000,11,Car,30.73343884,28.99217232,0,0.00000000,61,60,98.36065574,49.54914432
nuscenes,scene-1094_000,yaw_deg,-2.00000000,12,Pedestrian,14.12118102,13.55161850,0,0.00000000,16,10,62.50000000,49.10468710
nuscenes,scene-1094_000,yaw_deg,-1.00000000,0,personal_mobility,10.87671708,8.93156439,0,0.68571508,30,17,56.66666667,31.94616386
nuscenes,scene-1094_000,yaw_deg,-1.00000000,1,Car,25.01754657,22.59551211,0,0.00000000,33,32,96.96969697,27.75577478
nuscenes,scene-1094_000,yaw_deg,-1.00000000,3,Car,7.57511052,7.36982595,0,0.05376661,463,463,100.00000000,25.35068734
nuscenes,scene-1094_000,yaw_deg,-1.00000000,6,Car,33.01079363,28.01185484,2,0.36995129,7,4,57.14285714,29.89036984
nuscenes,scene-1094_000,yaw_deg,-1.00000000,9,Pedestrian,14.51131956,12.83957888,2,0.00000000,9,6,66.66666667,28.83689794
nuscenes,scene-1094_000,yaw_deg,-1.00000000,10,Car,28.39590502,26.26438816,2,0.00000000,5,5,100.00000000,25.22771136
nuscenes,scene-1094_000,yaw_deg,-1.00000000,11,Car,30.73343884,28.99217232,0,0.00000000,61,61,100.00000000,24.90847178
nuscenes,scene-1094_000,yaw_deg,-1.00000000,12,Pedestrian,14.12118102,13.55161850,0,0.00000000,16,16,100.00000000,24.65313801
nuscenes,scene-1094_000,yaw_deg,-0.50000000,0,personal_mobility,10.87671708,8.93156439,0,0.68571508,30,11,36.66666667,16.05941003
nuscenes,scene-1094_000,yaw_deg,-0.50000000,1,Car,25.01754657,22.59551211,0,0.00000000,33,33,100.00000000,13.93556667
nuscenes,scene-1094_000,yaw_deg,-0.50000000,3,Car,7.57511052,7.36982595,0,0.05376661,463,463,100.00000000,12.67292999
nuscenes,scene-1094_000,yaw_deg,-0.50000000,6,Car,33.01079363,28.01185484,2,0.36995129,7,4,57.14285714,15.02015391
nuscenes,scene-1094_000,yaw_deg,-0.50000000,9,Pedestrian,14.51131956,12.83957888,2,0.00000000,9,9,100.00000000,14.48221316
nuscenes,scene-1094_000,yaw_deg,-0.50000000,10,Car,28.39590502,26.26438816,2,0.00000000,5,5,100.00000000,12.65086291
nuscenes,scene-1094_000,yaw_deg,-0.50000000,11,Car,30.73343884,28.99217232,0,0.00000000,61,61,100.00000000,12.48896661
nuscenes,scene-1094_000,yaw_deg,-0.50000000,12,Pedestrian,14.12118102,13.55161850,0,0.00000000,16,16,100.00000000,12.35294244
nuscenes,scene-1094_000,yaw_deg,0.00000000,0,personal_mobility,10.87671708,8.93156439,0,0.68571508,30,5,16.66666667,0.00000000
nuscenes,scene-1094_000,yaw_deg,0.00000000,1,Car,25.01754657,22.59551211,0,0.00000000,33,33,100.00000000,0.00000000
nuscenes,scene-1094_000,yaw_deg,0.00000000,3,Car,7.57511052,7.36982595,0,0.05376661,463,463,100.00000000,0.00000000
nuscenes,scene-1094_000,yaw_deg,0.00000000,6,Car,33.01079363,28.01185484,2,0.36995129,7,4,57.14285714,0.00000000
nuscenes,scene-1094_000,yaw_deg,0.00000000,9,Pedestrian,14.51131956,12.83957888,2,0.00000000,9,9,100.00000000,0.00000000
nuscenes,scene-1094_000,yaw_deg,0.00000000,10,Car,28.39590502,26.26438816,2,0.00000000,5,5,100.00000000,0.00000000
nuscenes,scene-1094_000,yaw_deg,0.00000000,11,Car,30.73343884,28.99217232,0,0.00000000,61,61,100.00000000,0.00000000
nuscenes,scene-1094_000,yaw_deg,0.00000000,12,Pedestrian,14.12118102,13.55161850,0,0.00000000,16,16,100.00000000,0.00000000
nuscenes,scene-1094_000,yaw_deg,0.50000000,0,personal_mobility,10.87671708,8.93156439,0,0.68571508,30,3,10.00000000,16.15572658
nuscenes,scene-1094_000,yaw_deg,0.50000000,1,Car,25.01754657,22.59551211,0,0.00000000,33,32,96.96969697,14.05461798
nuscenes,scene-1094_000,yaw_deg,0.50000000,3,Car,7.57511052,7.36982595,0,0.05376661,463,461,99.56803456,12.67101955
nuscenes,scene-1094_000,yaw_deg,0.50000000,6,Car,33.01079363,28.01185484,2,0.36995129,7,4,57.14285714,15.17477080
nuscenes,scene-1094_000,yaw_deg,0.50000000,9,Pedestrian,14.51131956,12.83957888,2,0.00000000,9,9,100.00000000,14.61384433
nuscenes,scene-1094_000,yaw_deg,0.50000000,10,Car,28.39590502,26.26438816,2,0.00000000,5,5,100.00000000,12.72756077
nuscenes,scene-1094_000,yaw_deg,0.50000000,11,Car,30.73343884,28.99217232,0,0.00000000,61,61,100.00000000,12.56100184
nuscenes,scene-1094_000,yaw_deg,0.50000000,12,Pedestrian,14.12118102,13.55161850,0,0.00000000,16,16,100.00000000,12.40808520
nuscenes,scene-1094_000,yaw_deg,1.00000000,0,personal_mobility,10.87671708,8.93156439,0,0.68571508,30,3,10.00000000,32.49257745
nuscenes,scene-1094_000,yaw_deg,1.00000000,1,Car,25.01754657,22.59551211,0,0.00000000,33,28,84.84848485,28.23208116
nuscenes,scene-1094_000,yaw_deg,1.00000000,3,Car,7.57511052,7.36982595,0,0.05376661,463,453,97.84017279,25.34151739
nuscenes,scene-1094_000,yaw_deg,1.00000000,6,Car,33.01079363,28.01185484,2,0.36995129,7,4,57.14285714,30.50898304
nuscenes,scene-1094_000,yaw_deg,1.00000000,9,Pedestrian,14.51131956,12.83957888,2,0.00000000,9,9,100.00000000,29.36354016
nuscenes,scene-1094_000,yaw_deg,1.00000000,10,Car,28.39590502,26.26438816,2,0.00000000,5,5,100.00000000,25.53455966
nuscenes,scene-1094_000,yaw_deg,1.00000000,11,Car,30.73343884,28.99217232,0,0.00000000,61,61,100.00000000,25.19666518
nuscenes,scene-1094_000,yaw_deg,1.00000000,12,Pedestrian,14.12118102,13.55161850,0,0.00000000,16,16,100.00000000,24.87374834
nuscenes,scene-1094_000,yaw_deg,2.00000000,0,personal_mobility,10.87671708,8.93156439,0,0.68571508,30,0,0.00000000,
nuscenes,scene-1094_000,yaw_deg,2.00000000,1,Car,25.01754657,22.59551211,0,0.00000000,33,20,60.60606061,56.97125130
nuscenes,scene-1094_000,yaw_deg,2.00000000,3,Car,7.57511052,7.36982595,0,0.05376661,463,424,91.57667387,50.68003920
nuscenes,scene-1094_000,yaw_deg,2.00000000,6,Car,33.01079363,28.01185484,2,0.36995129,7,3,42.85714286,61.02171781
nuscenes,scene-1094_000,yaw_deg,2.00000000,9,Pedestrian,14.51131956,12.83957888,2,0.00000000,9,4,44.44444444,59.28798751
nuscenes,scene-1094_000,yaw_deg,2.00000000,10,Car,28.39590502,26.26438816,2,0.00000000,5,5,100.00000000,51.39813257
nuscenes,scene-1094_000,yaw_deg,2.00000000,11,Car,30.73343884,28.99217232,0,0.00000000,61,59,96.72131148,50.70275808
nuscenes,scene-1094_000,yaw_deg,2.00000000,12,Pedestrian,14.12118102,13.55161850,0,0.00000000,16,14,87.50000000,49.98785914
nuscenes,scene-1094_000,yaw_deg,3.00000000,0,personal_mobility,10.87671708,8.93156439,0,0.68571508,30,0,0.00000000,
nuscenes,scene-1094_000,yaw_deg,3.00000000,1,Car,25.01754657,22.59551211,0,0.00000000,33,17,51.51515152,86.25005888
nuscenes,scene-1094_000,yaw_deg,3.00000000,3,Car,7.57511052,7.36982595,0,0.05376661,463,408,88.12095032,76.02875188
nuscenes,scene-1094_000,yaw_deg,3.00000000,6,Car,33.01079363,28.01185484,2,0.36995129,7,2,28.57142857,92.19054984
nuscenes,scene-1094_000,yaw_deg,3.00000000,9,Pedestrian,14.51131956,12.83957888,2,0.00000000,9,0,0.00000000,89.80966336
nuscenes,scene-1094_000,yaw_deg,3.00000000,10,Car,28.39590502,26.26438816,2,0.00000000,5,5,100.00000000,77.61387731
nuscenes,scene-1094_000,yaw_deg,3.00000000,11,Car,30.73343884,28.99217232,0,0.00000000,61,56,91.80327869,76.54043046
nuscenes,scene-1094_000,yaw_deg,3.00000000,12,Pedestrian,14.12118102,13.55161850,0,0.00000000,16,3,18.75000000,75.36442529
nuscenes,scene-1094_001,yaw_deg,-3.00000000,0,personal_mobility,10.28740586,8.72578568,0,0.31653777,40,24,60.00000000,92.11599572
nuscenes,scene-1094_001,yaw_deg,-3.00000000,1,Car,24.94579014,22.51519191,0,0.00000000,26,15,57.69230769,79.47028675
nuscenes,scene-1094_001,yaw_deg,-3.00000000,3,Car,7.92475481,7.71570107,0,0.01910283,420,374,89.04761905,75.53916619
nuscenes,scene-1094_001,yaw_deg,-3.00000000,7,Car,32.96441218,27.95086755,1,0.37887208,13,13,100.00000000,91.45614487
nuscenes,scene-1094_001,yaw_deg,-3.00000000,11,Car,28.32526951,26.18215678,2,0.00000000,5,1,20.00000000,75.27206519
nuscenes,scene-1094_001,yaw_deg,-3.00000000,12,Car,30.66066717,28.91067327,0,0.00000000,63,52,82.53968254,73.62683257
nuscenes,scene-1094_001,yaw_deg,-3.00000000,13,Pedestrian,14.35420661,13.87600974,0,0.00000000,12,3,25.00000000,72.52792690
nuscenes,scene-1094_001,yaw_deg,-2.00000000,0,personal_mobility,10.28740586,8.72578568,0,0.31653777,40,35,87.50000000,62.01257052
nuscenes,scene-1094_001,yaw_deg,-2.00000000,1,Car,24.94579014,22.51519191,0,0.00000000,26,20,76.92307692,53.35279370
nuscenes,scene-1094_001,yaw_deg,-2.00000000,3,Car,7.92475481,7.71570107,0,0.01910283,420,399,95.00000000,50.34026376
nuscenes,scene-1094_001,yaw_deg,-2.00000000,7,Car,32.96441218,27.95086755,1,0.37887208,13,13,100.00000000,61.60061403
nuscenes,scene-1094_001,yaw_deg,-2.00000000,11,Car,28.32526951,26.18215678,2,0.00000000,5,4,80.00000000,50.46349898
nuscenes,scene-1094_001,yaw_deg,-2.00000000,12,Car,30.66066717,28.91067327,0,0.00000000,63,57,90.47619048,49.33023546
nuscenes,scene-1094_001,yaw_deg,-2.00000000,13,Pedestrian,14.35420661,13.87600974,0,0.00000000,12,10,83.33333333,48.51579985
nuscenes,scene-1094_001,yaw_deg,-1.00000000,0,personal_mobility,10.28740586,8.72578568,0,0.31653777,40,39,97.50000000,31.32012311
nuscenes,scene-1094_001,yaw_deg,-1.00000000,1,Car,24.94579014,22.51519191,0,0.00000000,26,25,96.15384615,26.87101938
nuscenes,scene-1094_001,yaw_deg,-1.00000000,3,Car,7.92475481,7.71570107,0,0.01910283,420,419,99.76190476,25.16402578
nuscenes,scene-1094_001,yaw_deg,-1.00000000,7,Car,32.96441218,27.95086755,1,0.37887208,13,12,92.30769231,31.12825999
nuscenes,scene-1094_001,yaw_deg,-1.00000000,11,Car,28.32526951,26.18215678,2,0.00000000,5,5,100.00000000,25.37975358
nuscenes,scene-1094_001,yaw_deg,-1.00000000,12,Car,30.66066717,28.91067327,0,0.00000000,63,62,98.41269841,24.79439546
nuscenes,scene-1094_001,yaw_deg,-1.00000000,13,Pedestrian,14.35420661,13.87600974,0,0.00000000,12,12,100.00000000,24.34571677
nuscenes,scene-1094_001,yaw_deg,-0.50000000,0,personal_mobility,10.28740586,8.72578568,0,0.31653777,40,40,100.00000000,15.74102947
nuscenes,scene-1094_001,yaw_deg,-0.50000000,1,Car,24.94579014,22.51519191,0,0.00000000,26,26,100.00000000,13.48577266
nuscenes,scene-1094_001,yaw_deg,-0.50000000,3,Car,7.92475481,7.71570107,0,0.01910283,420,420,100.00000000,12.58091566
nuscenes,scene-1094_001,yaw_deg,-0.50000000,7,Car,32.96441218,27.95086755,1,0.37887208,13,10,76.92307692,15.64865733
nuscenes,scene-1094_001,yaw_deg,-0.50000000,11,Car,28.32526951,26.18215678,2,0.00000000,5,5,100.00000000,12.72821274
nuscenes,scene-1094_001,yaw_deg,-0.50000000,12,Car,30.66066717,28.91067327,0,0.00000000,63,63,100.00000000,12.43075220
nuscenes,scene-1094_001,yaw_deg,-0.50000000,13,Pedestrian,14.35420661,13.87600974,0,0.00000000,12,12,100.00000000,12.19593581
nuscenes,scene-1094_001,yaw_deg,0.00000000,0,personal_mobility,10.28740586,8.72578568,0,0.31653777,40,39,97.50000000,0.00000000
nuscenes,scene-1094_001,yaw_deg,0.00000000,1,Car,24.94579014,22.51519191,0,0.00000000,26,26,100.00000000,0.00000000
nuscenes,scene-1094_001,yaw_deg,0.00000000,3,Car,7.92475481,7.71570107,0,0.01910283,420,420,100.00000000,0.00000000
nuscenes,scene-1094_001,yaw_deg,0.00000000,7,Car,32.96441218,27.95086755,1,0.37887208,13,7,53.84615385,0.00000000
nuscenes,scene-1094_001,yaw_deg,0.00000000,11,Car,28.32526951,26.18215678,2,0.00000000,5,5,100.00000000,0.00000000
nuscenes,scene-1094_001,yaw_deg,0.00000000,12,Car,30.66066717,28.91067327,0,0.00000000,63,63,100.00000000,0.00000000
nuscenes,scene-1094_001,yaw_deg,0.00000000,13,Pedestrian,14.35420661,13.87600974,0,0.00000000,12,12,100.00000000,0.00000000
nuscenes,scene-1094_001,yaw_deg,0.50000000,0,personal_mobility,10.28740586,8.72578568,0,0.31653777,40,38,95.00000000,15.89737690
nuscenes,scene-1094_001,yaw_deg,0.50000000,1,Car,24.94579014,22.51519191,0,0.00000000,26,26,100.00000000,13.58961326
nuscenes,scene-1094_001,yaw_deg,0.50000000,3,Car,7.92475481,7.71570107,0,0.01910283,420,419,99.76190476,12.57879523
nuscenes,scene-1094_001,yaw_deg,0.50000000,7,Car,32.96441218,27.95086755,1,0.37887208,13,4,30.76923077,15.75137044
nuscenes,scene-1094_001,yaw_deg,0.50000000,11,Car,28.32526951,26.18215678,2,0.00000000,5,5,100.00000000,12.80762494
nuscenes,scene-1094_001,yaw_deg,0.50000000,12,Car,30.66066717,28.91067327,0,0.00000000,63,63,100.00000000,12.50039089
nuscenes,scene-1094_001,yaw_deg,0.50000000,13,Pedestrian,14.35420661,13.87600974,0,0.00000000,12,12,100.00000000,12.24437682
nuscenes,scene-1094_001,yaw_deg,1.00000000,0,personal_mobility,10.28740586,8.72578568,0,0.31653777,40,35,87.50000000,31.93613358
nuscenes,scene-1094_001,yaw_deg,1.00000000,1,Car,24.94579014,22.51519191,0,0.00000000,26,26,100.00000000,27.28646602
nuscenes,scene-1094_001,yaw_deg,1.00000000,3,Car,7.92475481,7.71570107,0,0.01910283,420,417,99.28571429,25.15770177
nuscenes,scene-1094_001,yaw_deg,1.00000000,7,Car,32.96441218,27.95086755,1,0.37887208,13,1,7.69230769,31.36634246
nuscenes,scene-1094_001,yaw_deg,1.00000000,11,Car,28.32526951,26.18215678,2,0.00000000,5,5,100.00000000,25.69746175
nuscenes,scene-1094_001,yaw_deg,1.00000000,12,Car,30.66066717,28.91067327,0,0.00000000,63,63,100.00000000,25.07300058
nuscenes,scene-1094_001,yaw_deg,1.00000000,13,Pedestrian,14.35420661,13.87600974,0,0.00000000,12,12,100.00000000,24.53951471
nuscenes,scene-1094_001,yaw_deg,2.00000000,0,personal_mobility,10.28740586,8.72578568,0,0.31653777,40,24,60.00000000,64.03615670
nuscenes,scene-1094_001,yaw_deg,2.00000000,1,Car,24.94579014,22.51519191,0,0.00000000,26,26,100.00000000,55.01592908
nuscenes,scene-1094_001,yaw_deg,2.00000000,3,Car,7.92475481,7.71570107,0,0.01910283,420,397,94.52380952,50.31465324
nuscenes,scene-1094_001,yaw_deg,2.00000000,7,Car,32.96441218,27.95086755,1,0.37887208,13,0,0.00000000,
nuscenes,scene-1094_001,yaw_deg,2.00000000,11,Car,28.32526951,26.18215678,2,0.00000000,5,5,100.00000000,51.73528268
nuscenes,scene-1094_001,yaw_deg,2.00000000,12,Car,30.66066717,28.91067327,0,0.00000000,63,60,95.23809524,50.44546260
nuscenes,scene-1094_001,yaw_deg,2.00000000,13,Pedestrian,14.35420661,13.87600974,0,0.00000000,12,9,75.00000000,49.29153442
nuscenes,scene-1094_001,yaw_deg,3.00000000,0,personal_mobility,10.28740586,8.72578568,0,0.31653777,40,9,22.50000000,94.94979349
nuscenes,scene-1094_001,yaw_deg,3.00000000,1,Car,24.94579014,22.51519191,0,0.00000000,26,21,80.76923077,83.21740935
nuscenes,scene-1094_001,yaw_deg,3.00000000,3,Car,7.92475481,7.71570107,0,0.01910283,420,370,88.09523810,75.47415005
nuscenes,scene-1094_001,yaw_deg,3.00000000,7,Car,32.96441218,27.95086755,1,0.37887208,13,0,0.00000000,
nuscenes,scene-1094_001,yaw_deg,3.00000000,11,Car,28.32526951,26.18215678,2,0.00000000,5,5,100.00000000,78.13715114
nuscenes,scene-1094_001,yaw_deg,3.00000000,12,Car,30.66066717,28.91067327,0,0.00000000,63,56,88.88888889,76.13912374
nuscenes,scene-1094_001,yaw_deg,3.00000000,13,Pedestrian,14.35420661,13.87600974,0,0.00000000,12,2,16.66666667,74.27536862
nuscenes,scene-1094_002,yaw_deg,-3.00000000,0,personal_mobility,9.91763063,8.56648101,0,0.08923206,42,32,76.19047619,89.40114070
nuscenes,scene-1094_002,yaw_deg,-3.00000000,1,Car,24.88051404,22.42828838,0,0.00000000,20,7,35.00000000,78.63995256
nuscenes,scene-1094_002,yaw_deg,-3.00000000,4,Car,8.28000145,8.05821846,0,0.00019977,381,338,88.71391076,74.97423965
nuscenes,scene-1094_002,yaw_deg,-3.00000000,8,Car,32.92441110,27.87999418,1,0.39228676,11,11,100.00000000,91.07980723
nuscenes,scene-1094_002,yaw_deg,-3.00000000,11,Pedestrian,13.40548044,11.39389734,0,0.03213956,13,0,0.00000000,91.81541931
nuscenes,scene-1094_002,yaw_deg,-3.00000000,12,Pedestrian,23.90710774,23.45123136,0,0.00000000,6,0,0.00000000,70.54579124
nuscenes,scene-1094_002,yaw_deg,-3.00000000,13,Car,28.26112243,26.09289007,2,0.00000000,5,1,20.00000000,75.38399117
nuscenes,scene-1094_002,yaw_deg,-3.00000000,14,Car,30.59445264,28.82177678,0,0.00000000,64,53,82.81250000,74.06970046
nuscenes,scene-1094_002,yaw_deg,-3.00000000,15,Pedestrian,14.55359360,14.15369697,0,0.00000000,18,7,38.88888889,71.73852442
nuscenes,scene-1094_002,yaw_deg,-3.00000000,17,Bicycle,30.53092334,29.90929523,0,0.00000000,6,0,0.00000000,71.27977207
nuscenes,scene-1094_002,yaw_deg,-2.00000000,0,personal_mobility,9.91763063,8.56648101,0,0.08923206,42,36,85.71428571,60.14195687
nuscenes,scene-1094_002,yaw_deg,-2.00000000,1,Car,24.88051404,22.42828838,0,0.00000000,20,13,65.00000000,52.78146166
nuscenes,scene-1094_002,yaw_deg,-2.00000000,4,Car,8.28000145,8.05821846,0,0.00019977,381,364,95.53805774,49.97136901
nuscenes,scene-1094_002,yaw_deg,-2.00000000,8,Car,32.92441110,27.87999418,1,0.39228676,11,10,90.90909091,61.34203327
nuscenes,scene-1094_002,yaw_deg,-2.00000000,11,Pedestrian,13.40548044,11.39389734,0,0.03213956,13,3,23.07692308,61.82074207
nuscenes,scene-1094_002,yaw_deg,-2.00000000,12,Pedestrian,23.90710774,23.45123136,0,0.00000000,6,0,0.00000000,46.88376824
nuscenes,scene-1094_002,yaw_deg,-2.00000000,13,Car,28.26112243,26.09289007,2,0.00000000,5,4,80.00000000,50.54101719
nuscenes,scene-1094_002,yaw_deg,-2.00000000,14,Car,30.59445264,28.82177678,0,0.00000000,64,59,92.18750000,49.63732303
nuscenes,scene-1094_002,yaw_deg,-2.00000000,15,Pedestrian,14.55359360,14.15369697,0,0.00000000,18,13,72.22222222,47.96269711
nuscenes,scene-1094_002,yaw_deg,-2.00000000,17,Bicycle,30.53092334,29.90929523,0,0.00000000,6,0,0.00000000,47.33384537
nuscenes,scene-1094_002,yaw_deg,-1.00000000,0,personal_mobility,9.91763063,8.56648101,0,0.08923206,42,39,92.85714286,30.35329713
nuscenes,scene-1094_002,yaw_deg,-1.00000000,1,Car,24.88051404,22.42828838,0,0.00000000,20,20,100.00000000,26.57617992
nuscenes,scene-1094_002,yaw_deg,-1.00000000,4,Car,8.28000145,8.05821846,0,0.00019977,381,380,99.73753281,24.98100480
nuscenes,scene-1094_002,yaw_deg,-1.00000000,8,Car,32.92441110,27.87999418,1,0.39228676,11,8,72.72727273,30.99496572
nuscenes,scene-1094_002,yaw_deg,-1.00000000,11,Pedestrian,13.40548044,11.39389734,0,0.03213956,13,11,84.61538462,31.22851054
nuscenes,scene-1094_002,yaw_deg,-1.00000000,12,Pedestrian,23.90710774,23.45123136,0,0.00000000,6,5,83.33333333,23.37396713
nuscenes,scene-1094_002,yaw_deg,-1.00000000,13,Car,28.26112243,26.09289007,2,0.00000000,5,5,100.00000000,25.42000072
nuscenes,scene-1094_002,yaw_deg,-1.00000000,14,Car,30.59445264,28.82177678,0,0.00000000,64,63,98.43750000,24.95400334
nuscenes,scene-1094_002,yaw_deg,-1.00000000,15,Pedestrian,14.55359360,14.15369697,0,0.00000000,18,16,88.88888889,24.05551601
nuscenes,scene-1094_002,yaw_deg,-1.00000000,17,Bicycle,30.53092334,29.90929523,0,0.00000000,6,3,50.00000000,23.57964990
nuscenes,scene-1094_002,yaw_deg,-0.50000000,0,personal_mobility,9.91763063,8.56648101,0,0.08923206,42,41,97.61904762,15.24950579
nuscenes,scene-1094_002,yaw_deg,-0.50000000,1,Car,24.88051404,22.42828838,0,0.00000000,20,20,100.00000000,13.33600316
nuscenes,scene-1094_002,yaw_deg,-0.50000000,4,Car,8.28000145,8.05821846,0,0.00019977,381,381,100.00000000,12.48840652
nuscenes,scene-1094_002,yaw_deg,-0.50000000,8,Car,32.92441110,27.87999418,1,0.39228676,11,7,63.63636364,15.58097764
nuscenes,scene-1094_002,yaw_deg,-0.50000000,11,Pedestrian,13.40548044,11.39389734,0,0.03213956,13,12,92.30769231,15.69630397
nuscenes,scene-1094_002,yaw_deg,-0.50000000,12,Pedestrian,23.90710774,23.45123136,0,0.00000000,6,6,100.00000000,11.67101401
nuscenes,scene-1094_002,yaw_deg,-0.50000000,13,Car,28.26112243,26.09289007,2,0.00000000,5,5,100.00000000,12.74871577
nuscenes,scene-1094_002,yaw_deg,-0.50000000,14,Car,30.59445264,28.82177678,0,0.00000000,64,64,100.00000000,12.51210055
nuscenes,scene-1094_002,yaw_deg,-0.50000000,15,Pedestrian,14.55359360,14.15369697,0,0.00000000,18,17,94.44444444,12.04737639
nuscenes,scene-1094_002,yaw_deg,-0.50000000,17,Bicycle,30.53092334,29.90929523,0,0.00000000,6,4,66.66666667,11.76906197
nuscenes,scene-1094_002,yaw_deg,0.00000000,0,personal_mobility,9.91763063,8.56648101,0,0.08923206,42,42,100.00000000,0.00000000
nuscenes,scene-1094_002,yaw_deg,0.00000000,1,Car,24.88051404,22.42828838,0,0.00000000,20,20,100.00000000,0.00000000
nuscenes,scene-1094_002,yaw_deg,0.00000000,4,Car,8.28000145,8.05821846,0,0.00019977,381,381,100.00000000,0.00000000
nuscenes,scene-1094_002,yaw_deg,0.00000000,8,Car,32.92441110,27.87999418,1,0.39228676,11,5,45.45454545,0.00000000
nuscenes,scene-1094_002,yaw_deg,0.00000000,11,Pedestrian,13.40548044,11.39389734,0,0.03213956,13,13,100.00000000,0.00000000
nuscenes,scene-1094_002,yaw_deg,0.00000000,12,Pedestrian,23.90710774,23.45123136,0,0.00000000,6,6,100.00000000,0.00000000
nuscenes,scene-1094_002,yaw_deg,0.00000000,13,Car,28.26112243,26.09289007,2,0.00000000,5,5,100.00000000,0.00000000
nuscenes,scene-1094_002,yaw_deg,0.00000000,14,Car,30.59445264,28.82177678,0,0.00000000,64,64,100.00000000,0.00000000
nuscenes,scene-1094_002,yaw_deg,0.00000000,15,Pedestrian,14.55359360,14.15369697,0,0.00000000,18,18,100.00000000,0.00000000
nuscenes,scene-1094_002,yaw_deg,0.00000000,17,Bicycle,30.53092334,29.90929523,0,0.00000000,6,6,100.00000000,0.00000000
nuscenes,scene-1094_002,yaw_deg,0.50000000,0,personal_mobility,9.91763063,8.56648101,0,0.08923206,42,42,100.00000000,15.39994550
nuscenes,scene-1094_002,yaw_deg,0.50000000,1,Car,24.88051404,22.42828838,0,0.00000000,20,20,100.00000000,13.43502529
nuscenes,scene-1094_002,yaw_deg,0.50000000,4,Car,8.28000145,8.05821846,0,0.00019977,381,380,99.73753281,12.48656092
nuscenes,scene-1094_002,yaw_deg,0.50000000,8,Car,32.92441110,27.87999418,1,0.39228676,11,4,36.36363636,15.69752351
nuscenes,scene-1094_002,yaw_deg,0.50000000,11,Pedestrian,13.40548044,11.39389734,0,0.03213956,13,13,100.00000000,15.86562813
nuscenes,scene-1094_002,yaw_deg,0.50000000,12,Pedestrian,23.90710774,23.45123136,0,0.00000000,6,6,100.00000000,11.64106768
nuscenes,scene-1094_002,yaw_deg,0.50000000,13,Car,28.26112243,26.09289007,2,0.00000000,5,5,100.00000000,12.82890267
nuscenes,scene-1094_002,yaw_deg,0.50000000,14,Car,30.59445264,28.82177678,0,0.00000000,64,64,100.00000000,12.58488819
nuscenes,scene-1094_002,yaw_deg,0.50000000,15,Pedestrian,14.55359360,14.15369697,0,0.00000000,18,18,100.00000000,12.08879936
nuscenes,scene-1094_002,yaw_deg,0.50000000,17,Bicycle,30.53092334,29.90929523,0,0.00000000,6,6,100.00000000,11.72961146
nuscenes,scene-1094_002,yaw_deg,1.00000000,0,personal_mobility,9.91763063,8.56648101,0,0.08923206,42,42,100.00000000,30.95519961
nuscenes,scene-1094_002,yaw_deg,1.00000000,1,Car,24.88051404,22.42828838,0,0.00000000,20,19,95.00000000,26.97234754
nuscenes,scene-1094_002,yaw_deg,1.00000000,4,Car,8.28000145,8.05821846,0,0.00019977,381,379,99.47506562,24.97422411
nuscenes,scene-1094_002,yaw_deg,1.00000000,8,Car,32.92441110,27.87999418,1,0.39228676,11,2,18.18181818,31.34369494
nuscenes,scene-1094_002,yaw_deg,1.00000000,11,Pedestrian,13.40548044,11.39389734,0,0.03213956,13,11,84.61538462,31.84155017
nuscenes,scene-1094_002,yaw_deg,1.00000000,12,Pedestrian,23.90710774,23.45123136,0,0.00000000,6,3,50.00000000,23.25416219
nuscenes,scene-1094_002,yaw_deg,1.00000000,13,Car,28.26112243,26.09289007,2,0.00000000,5,5,100.00000000,25.74080843
nuscenes,scene-1094_002,yaw_deg,1.00000000,14,Car,30.59445264,28.82177678,0,0.00000000,64,63,98.43750000,25.24520702
nuscenes,scene-1094_002,yaw_deg,1.00000000,15,Pedestrian,14.55359360,14.15369697,0,0.00000000,18,16,88.88888889,24.22123636
nuscenes,scene-1094_002,yaw_deg,1.00000000,17,Bicycle,30.53092334,29.90929523,0,0.00000000,6,6,100.00000000,23.42182168
nuscenes,scene-1094_002,yaw_deg,2.00000000,0,personal_mobility,9.91763063,8.56648101,0,0.08923206,42,39,92.85714286,62.35714616
nuscenes,scene-1094_002,yaw_deg,2.00000000,1,Car,24.88051404,22.42828838,0,0.00000000,20,19,95.00000000,54.36739857
nuscenes,scene-1094_002,yaw_deg,2.00000000,4,Car,8.28000145,8.05821846,0,0.00019977,381,363,95.27559055,49.95283685
nuscenes,scene-1094_002,yaw_deg,2.00000000,8,Car,32.92441110,27.87999418,1,0.39228676,11,0,0.00000000,
nuscenes,scene-1094_002,yaw_deg,2.00000000,11,Pedestrian,13.40548044,11.39389734,0,0.03213956,13,4,30.76923077,63.65619790
nuscenes,scene-1094_002,yaw_deg,2.00000000,12,Pedestrian,23.90710774,23.45123136,0,0.00000000,6,0,0.00000000,46.40423447
nuscenes,scene-1094_002,yaw_deg,2.00000000,13,Car,28.26112243,26.09289007,2,0.00000000,5,5,100.00000000,51.82521055
nuscenes,scene-1094_002,yaw_deg,2.00000000,14,Car,30.59445264,28.82177678,0,0.00000000,64,60,93.75000000,50.80298898
nuscenes,scene-1094_002,yaw_deg,2.00000000,15,Pedestrian,14.55359360,14.15369697,0,0.00000000,18,10,55.55555556,48.62603447
nuscenes,scene-1094_002,yaw_deg,2.00000000,17,Bicycle,30.53092334,29.90929523,0,0.00000000,6,4,66.66666667,46.70211341
nuscenes,scene-1094_002,yaw_deg,3.00000000,0,personal_mobility,9.91763063,8.56648101,0,0.08923206,42,34,80.95238095,94.35333644
nuscenes,scene-1094_002,yaw_deg,3.00000000,1,Car,24.88051404,22.42828838,0,0.00000000,20,19,95.00000000,82.21306893
nuscenes,scene-1094_002,yaw_deg,3.00000000,4,Car,8.28000145,8.05821846,0,0.00019977,381,336,88.18897638,74.93106267
nuscenes,scene-1094_002,yaw_deg,3.00000000,8,Car,32.92441110,27.87999418,1,0.39228676,11,0,0.00000000,
nuscenes,scene-1094_002,yaw_deg,3.00000000,11,Pedestrian,13.40548044,11.39389734,0,0.03213956,13,0,0.00000000,
nuscenes,scene-1094_002,yaw_deg,3.00000000,12,Pedestrian,23.90710774,23.45123136,0,0.00000000,6,0,0.00000000,69.46566109
nuscenes,scene-1094_002,yaw_deg,3.00000000,13,Car,28.26112243,26.09289007,2,0.00000000,5,5,100.00000000,78.27704218
nuscenes,scene-1094_002,yaw_deg,3.00000000,14,Car,30.59445264,28.82177678,0,0.00000000,64,57,89.06250000,76.69564645
nuscenes,scene-1094_002,yaw_deg,3.00000000,15,Pedestrian,14.55359360,14.15369697,0,0.00000000,18,4,22.22222222,73.23274611
nuscenes,scene-1094_002,yaw_deg,3.00000000,17,Bicycle,30.53092334,29.90929523,0,0.00000000,6,1,16.66666667,69.85680120
nuscenes,scene-1094_003,yaw_deg,-3.00000000,0,personal_mobility,9.54324895,8.30304495,0,0.00000000,34,19,55.88235294,87.44824534
nuscenes,scene-1094_003,yaw_deg,-3.00000000,1,Car,24.70292492,22.21310599,0,0.00000000,28,17,60.71428571,82.69959905
nuscenes,scene-1094_003,yaw_deg,-3.00000000,5,Car,8.50847983,8.27470417,0,0.00000000,373,340,91.15281501,74.41706249
nuscenes,scene-1094_003,yaw_deg,-3.00000000,9,Car,32.73543498,27.61241971,2,0.43854253,10,5,50.00000000,89.24877896
nuscenes,scene-1094_003,yaw_deg,-3.00000000,12,Car,7.05402024,5.22159252,0,0.96928606,416,0,0.00000000,
nuscenes,scene-1094_003,yaw_deg,-3.00000000,13,Pedestrian,12.82873253,10.51712173,0,0.90850093,11,0,0.00000000,
nuscenes,scene-1094_003,yaw_deg,-3.00000000,14,Pedestrian,24.00573694,23.49420194,0,0.00000000,6,0,0.00000000,70.90048762
nuscenes,scene-1094_003,yaw_deg,-3.00000000,16,Car,28.08192249,25.87566055,2,0.00000000,6,3,50.00000000,75.78531037
nuscenes,scene-1094_003,yaw_deg,-3.00000000,17,Car,30.41065907,28.60627049,0,0.00000000,67,55,82.08955224,74.39423290
nuscenes,scene-1094_003,yaw_deg,-3.00000000,18,Pedestrian,14.67690406,14.30819765,2,0.00000000,12,3,25.00000000,71.30148260
nuscenes,scene-1094_003,yaw_deg,-3.00000000,20,Bicycle,30.33794886,29.72008147,2,0.00000000,7,1,14.28571429,71.02265264
nuscenes,scene-1094_003,yaw_deg,-2.00000000,0,personal_mobility,9.54324895,8.30304495,0,0.00000000,34,27,79.41176471,58.79593183
nuscenes,scene-1094_003,yaw_deg,-2.00000000,1,Car,24.70292492,22.21310599,0,0.00000000,28,22,78.57142857,55.57669876
nuscenes,scene-1094_003,yaw_deg,-2.00000000,5,Car,8.50847983,8.27470417,0,0.00000000,373,362,97.05093834,49.59909592
nuscenes,scene-1094_003,yaw_deg,-2.00000000,9,Car,32.73543498,27.61241971,2,0.43854253,10,7,70.00000000,60.08415329
nuscenes,scene-1094_003,yaw_deg,-2.00000000,12,Car,7.05402024,5.22159252,0,0.96928606,416,0,0.00000000,
nuscenes,scene-1094_003,yaw_deg,-2.00000000,13,Pedestrian,12.82873253,10.51712173,0,0.90850093,11,1,9.09090909,
nuscenes,scene-1094_003,yaw_deg,-2.00000000,14,Pedestrian,24.00573694,23.49420194,0,0.00000000,6,0,0.00000000,47.10560343
nuscenes,scene-1094_003,yaw_deg,-2.00000000,16,Car,28.08192249,25.87566055,2,0.00000000,6,6,100.00000000,50.81837401
nuscenes,scene-1094_003,yaw_deg,-2.00000000,17,Car,30.41065907,28.60627049,0,0.00000000,67,62,92.53731343,49.86253252
nuscenes,scene-1094_003,yaw_deg,-2.00000000,18,Pedestrian,14.67690406,14.30819765,2,0.00000000,12,8,66.66666667,47.65677000
nuscenes,scene-1094_003,yaw_deg,-2.00000000,20,Bicycle,30.33794886,29.72008147,2,0.00000000,7,1,14.28571429,47.17002935
nuscenes,scene-1094_003,yaw_deg,-1.00000000,0,personal_mobility,9.54324895,8.30304495,0,0.00000000,34,33,97.05882353,29.65831556
nuscenes,scene-1094_003,yaw_deg,-1.00000000,1,Car,24.70292492,22.21310599,0,0.00000000,28,28,100.00000000,28.01967982
nuscenes,scene-1094_003,yaw_deg,-1.00000000,5,Car,8.50847983,8.27470417,0,0.00000000,373,373,100.00000000,24.79419962
nuscenes,scene-1094_003,yaw_deg,-1.00000000,9,Car,32.73543498,27.61241971,2,0.43854253,10,7,70.00000000,30.34666709
nuscenes,scene-1094_003,yaw_deg,-1.00000000,12,Car,7.05402024,5.22159252,0,0.96928606,416,1,0.24038462,32.47907961
nuscenes,scene-1094_003,yaw_deg,-1.00000000,13,Pedestrian,12.82873253,10.51712173,0,0.90850093,11,2,18.18181818,
nuscenes,scene-1094_003,yaw_deg,-1.00000000,14,Pedestrian,24.00573694,23.49420194,0,0.00000000,6,4,66.66666667,23.47767644
nuscenes,scene-1094_003,yaw_deg,-1.00000000,16,Car,28.08192249,25.87566055,2,0.00000000,6,6,100.00000000,25.56371661
nuscenes,scene-1094_003,yaw_deg,-1.00000000,17,Car,30.41065907,28.60627049,0,0.00000000,67,66,98.50746269,25.07114257
nuscenes,scene-1094_003,yaw_deg,-1.00000000,18,Pedestrian,14.67690406,14.30819765,2,0.00000000,12,11,91.66666667,23.89515343
nuscenes,scene-1094_003,yaw_deg,-1.00000000,20,Bicycle,30.33794886,29.72008147,2,0.00000000,7,4,57.14285714,23.50146559
nuscenes,scene-1094_003,yaw_deg,-0.50000000,0,personal_mobility,9.54324895,8.30304495,0,0.00000000,34,34,100.00000000,14.89636763
nuscenes,scene-1094_003,yaw_deg,-0.50000000,1,Car,24.70292492,22.21310599,0,0.00000000,28,28,100.00000000,14.06951591
nuscenes,scene-1094_003,yaw_deg,-0.50000000,5,Car,8.50847983,8.27470417,0,0.00000000,373,373,100.00000000,12.39721843
nuscenes,scene-1094_003,yaw_deg,-0.50000000,9,Car,32.73543498,27.61241971,2,0.43854253,10,7,70.00000000,15.25183785
nuscenes,scene-1094_003,yaw_deg,-0.50000000,12,Car,7.05402024,5.22159252,0,0.96928606,416,4,0.96153846,16.35742183
nuscenes,scene-1094_003,yaw_deg,-0.50000000,13,Pedestrian,12.82873253,10.51712173,0,0.90850093,11,1,9.09090909,
nuscenes,scene-1094_003,yaw_deg,-0.50000000,14,Pedestrian,24.00573694,23.49420194,0,0.00000000,6,6,100.00000000,11.72108489
nuscenes,scene-1094_003,yaw_deg,-0.50000000,16,Car,28.08192249,25.87566055,2,0.00000000,6,6,100.00000000,12.82185927
nuscenes,scene-1094_003,yaw_deg,-0.50000000,17,Car,30.41065907,28.60627049,0,0.00000000,67,67,100.00000000,12.57182509
nuscenes,scene-1094_003,yaw_deg,-0.50000000,18,Pedestrian,14.67690406,14.30819765,2,0.00000000,12,12,100.00000000,11.96532190
nuscenes,scene-1094_003,yaw_deg,-0.50000000,20,Bicycle,30.33794886,29.72008147,2,0.00000000,7,6,85.71428571,11.73088761
nuscenes,scene-1094_003,yaw_deg,0.00000000,0,personal_mobility,9.54324895,8.30304495,0,0.00000000,34,34,100.00000000,0.00000000
nuscenes,scene-1094_003,yaw_deg,0.00000000,1,Car,24.70292492,22.21310599,0,0.00000000,28,28,100.00000000,0.00000000
nuscenes,scene-1094_003,yaw_deg,0.00000000,5,Car,8.50847983,8.27470417,0,0.00000000,373,373,100.00000000,0.00000000
nuscenes,scene-1094_003,yaw_deg,0.00000000,9,Car,32.73543498,27.61241971,2,0.43854253,10,7,70.00000000,0.00000000
nuscenes,scene-1094_003,yaw_deg,0.00000000,12,Car,7.05402024,5.22159252,0,0.96928606,416,10,2.40384615,0.00000000
nuscenes,scene-1094_003,yaw_deg,0.00000000,13,Pedestrian,12.82873253,10.51712173,0,0.90850093,11,0,0.00000000,
nuscenes,scene-1094_003,yaw_deg,0.00000000,14,Pedestrian,24.00573694,23.49420194,0,0.00000000,6,6,100.00000000,0.00000000
nuscenes,scene-1094_003,yaw_deg,0.00000000,16,Car,28.08192249,25.87566055,2,0.00000000,6,6,100.00000000,0.00000000
nuscenes,scene-1094_003,yaw_deg,0.00000000,17,Car,30.41065907,28.60627049,0,0.00000000,67,67,100.00000000,0.00000000
nuscenes,scene-1094_003,yaw_deg,0.00000000,18,Pedestrian,14.67690406,14.30819765,2,0.00000000,12,12,100.00000000,0.00000000
nuscenes,scene-1094_003,yaw_deg,0.00000000,20,Bicycle,30.33794886,29.72008147,2,0.00000000,7,7,100.00000000,0.00000000
nuscenes,scene-1094_003,yaw_deg,0.50000000,0,personal_mobility,9.54324895,8.30304495,0,0.00000000,34,34,100.00000000,15.03518407
nuscenes,scene-1094_003,yaw_deg,0.50000000,1,Car,24.70292492,22.21310599,0,0.00000000,28,27,96.42857143,14.19268108
nuscenes,scene-1094_003,yaw_deg,0.50000000,5,Car,8.50847983,8.27470417,0,0.00000000,373,372,99.73190349,12.39766306
nuscenes,scene-1094_003,yaw_deg,0.50000000,9,Car,32.73543498,27.61241971,2,0.43854253,10,7,70.00000000,15.41374423
nuscenes,scene-1094_003,yaw_deg,0.50000000,12,Car,7.05402024,5.22159252,0,0.96928606,416,16,3.84615385,16.34948872
nuscenes,scene-1094_003,yaw_deg,0.50000000,13,Pedestrian,12.82873253,10.51712173,0,0.90850093,11,0,0.00000000,
nuscenes,scene-1094_003,yaw_deg,0.50000000,14,Pedestrian,24.00573694,23.49420194,0,0.00000000,6,6,100.00000000,11.68760447
nuscenes,scene-1094_003,yaw_deg,0.50000000,16,Car,28.08192249,25.87566055,2,0.00000000,6,6,100.00000000,12.90467261
nuscenes,scene-1094_003,yaw_deg,0.50000000,17,Car,30.41065907,28.60627049,0,0.00000000,67,67,100.00000000,12.64696770
nuscenes,scene-1094_003,yaw_deg,0.50000000,18,Pedestrian,14.67690406,14.30819765,2,0.00000000,12,12,100.00000000,12.00294810
nuscenes,scene-1094_003,yaw_deg,0.50000000,20,Bicycle,30.33794886,29.72008147,2,0.00000000,7,6,85.71428571,11.69324810
nuscenes,scene-1094_003,yaw_deg,1.00000000,0,personal_mobility,9.54324895,8.30304495,0,0.00000000,34,34,100.00000000,30.21370950
nuscenes,scene-1094_003,yaw_deg,1.00000000,1,Car,24.70292492,22.21310599,0,0.00000000,28,21,75.00000000,28.51244696
nuscenes,scene-1094_003,yaw_deg,1.00000000,5,Car,8.50847983,8.27470417,0,0.00000000,373,371,99.46380697,24.79811921
nuscenes,scene-1094_003,yaw_deg,1.00000000,9,Car,32.73543498,27.61241971,2,0.43854253,10,6,60.00000000,30.88450925
nuscenes,scene-1094_003,yaw_deg,1.00000000,12,Car,7.05402024,5.22159252,0,0.96928606,416,19,4.56730769,32.52224586
nuscenes,scene-1094_003,yaw_deg,1.00000000,13,Pedestrian,12.82873253,10.51712173,0,0.90850093,11,0,0.00000000,
nuscenes,scene-1094_003,yaw_deg,1.00000000,14,Pedestrian,24.00573694,23.49420194,0,0.00000000,6,3,50.00000000,23.34373270
nuscenes,scene-1094_003,yaw_deg,1.00000000,16,Car,28.08192249,25.87566055,2,0.00000000,6,6,100.00000000,25.89503254
nuscenes,scene-1094_003,yaw_deg,1.00000000,17,Car,30.41065907,28.60627049,0,0.00000000,67,65,97.01492537,25.37176825
nuscenes,scene-1094_003,yaw_deg,1.00000000,18,Pedestrian,14.67690406,14.30819765,2,0.00000000,12,12,100.00000000,24.04568383
nuscenes,scene-1094_003,yaw_deg,1.00000000,20,Bicycle,30.33794886,29.72008147,2,0.00000000,7,6,85.71428571,23.35088269
nuscenes,scene-1094_003,yaw_deg,2.00000000,0,personal_mobility,9.54324895,8.30304495,0,0.00000000,34,30,88.23529412,60.86442996
nuscenes,scene-1094_003,yaw_deg,2.00000000,1,Car,24.70292492,22.21310599,0,0.00000000,28,14,50.00000000,57.54947256
nuscenes,scene-1094_003,yaw_deg,2.00000000,5,Car,8.50847983,8.27470417,0,0.00000000,373,357,95.71045576,49.60622444
nuscenes,scene-1094_003,yaw_deg,2.00000000,9,Car,32.73543498,27.61241971,2,0.43854253,10,3,30.00000000,61.77300025
nuscenes,scene-1094_003,yaw_deg,2.00000000,12,Car,7.05402024,5.22159252,0,0.96928606,416,25,6.00961538,64.35968980
nuscenes,scene-1094_003,yaw_deg,2.00000000,13,Pedestrian,12.82873253,10.51712173,0,0.90850093,11,0,0.00000000,
nuscenes,scene-1094_003,yaw_deg,2.00000000,14,Pedestrian,24.00573694,23.49420194,0,0.00000000,6,0,0.00000000,46.56947522
nuscenes,scene-1094_003,yaw_deg,2.00000000,16,Car,28.08192249,25.87566055,2,0.00000000,6,6,100.00000000,52.14464005
nuscenes,scene-1094_003,yaw_deg,2.00000000,17,Car,30.41065907,28.60627049,0,0.00000000,67,62,92.53731343,51.06592013
nuscenes,scene-1094_003,yaw_deg,2.00000000,18,Pedestrian,14.67690406,14.30819765,2,0.00000000,12,7,58.33333333,48.25930170
nuscenes,scene-1094_003,yaw_deg,2.00000000,20,Bicycle,30.33794886,29.72008147,2,0.00000000,7,4,57.14285714,46.56729978
nuscenes,scene-1094_003,yaw_deg,3.00000000,0,personal_mobility,9.54324895,8.30304495,0,0.00000000,34,25,73.52941176,91.57753943
nuscenes,scene-1094_003,yaw_deg,3.00000000,1,Car,24.70292492,22.21310599,0,0.00000000,28,14,50.00000000,87.14474832
nuscenes,scene-1094_003,yaw_deg,3.00000000,5,Car,8.50847983,8.27470417,0,0.00000000,373,335,89.81233244,74.46637150
nuscenes,scene-1094_003,yaw_deg,3.00000000,9,Car,32.73543498,27.61241971,2,0.43854253,10,0,0.00000000,
nuscenes,scene-1094_003,yaw_deg,3.00000000,12,Car,7.05402024,5.22159252,0,0.96928606,416,26,6.25000000,95.55489954
nuscenes,scene-1094_003,yaw_deg,3.00000000,13,Pedestrian,12.82873253,10.51712173,0,0.90850093,11,0,0.00000000,
nuscenes,scene-1094_003,yaw_deg,3.00000000,14,Pedestrian,24.00573694,23.49420194,0,0.00000000,6,0,0.00000000,69.69287244
nuscenes,scene-1094_003,yaw_deg,3.00000000,16,Car,28.08192249,25.87566055,2,0.00000000,6,6,100.00000000,78.77317438
nuscenes,scene-1094_003,yaw_deg,3.00000000,17,Car,30.41065907,28.60627049,0,0.00000000,67,59,88.05970149,77.10517917
nuscenes,scene-1094_003,yaw_deg,3.00000000,18,Pedestrian,14.67690406,14.30819765,2,0.00000000,12,3,25.00000000,72.65871913
nuscenes,scene-1094_003,yaw_deg,3.00000000,20,Bicycle,30.33794886,29.72008147,2,0.00000000,7,1,14.28571429,69.66501633
nuscenes,scene-1094_004,yaw_deg,-3.00000000,0,personal_mobility,9.09417952,7.81939686,0,0.14036579,37,26,70.27027027,89.37400719
nuscenes,scene-1094_004,yaw_deg,-3.00000000,1,Car,24.30286500,21.74185428,0,0.00000000,27,15,55.55555556,80.47536731
nuscenes,scene-1094_004,yaw_deg,-3.00000000,5,Car,8.68514908,8.44201627,0,0.00000000,367,329,89.64577657,73.99273061
nuscenes,scene-1094_004,yaw_deg,-3.00000000,6,Pedestrian,34.56614166,30.10795154,0,0.00000000,5,0,0.00000000,90.45426654
nuscenes,scene-1094_004,yaw_deg,-3.00000000,9,Car,32.34001654,27.08251488,1,0.52213434,12,7,58.33333333,90.30186519
nuscenes,scene-1094_004,yaw_deg,-3.00000000,12,Car,8.65676772,6.72245757,0,0.94665803,278,0,0.00000000,
nuscenes,scene-1094_004,yaw_deg,-3.00000000,13,Pedestrian,24.02508687,23.42379453,0,0.00000000,6,0,0.00000000,71.47243382
nuscenes,scene-1094_004,yaw_deg,-3.00000000,15,Car,27.67536469,25.40160389,2,0.00000000,5,2,40.00000000,76.16026904
nuscenes,scene-1094_004,yaw_deg,-3.00000000,16,Car,29.99430854,28.13488073,0,0.00000000,68,57,83.82352941,74.63478534
nuscenes,scene-1094_004,yaw_deg,-3.00000000,19,Bicycle,29.89979342,29.29162345,1,0.00000000,6,0,0.00000000,70.95758287
nuscenes,scene-1094_004,yaw_deg,-2.00000000,0,personal_mobility,9.09417952,7.81939686,0,0.14036579,37,34,91.89189189,60.11682387
nuscenes,scene-1094_004,yaw_deg,-2.00000000,1,Car,24.30286500,21.74185428,0,0.00000000,27,21,77.77777778,54.04507820
nuscenes,scene-1094_004,yaw_deg,-2.00000000,5,Car,8.68514908,8.44201627,0,0.00000000,367,353,96.18528610,49.32934413
nuscenes,scene-1094_004,yaw_deg,-2.00000000,6,Pedestrian,34.56614166,30.10795154,0,0.00000000,5,0,0.00000000,60.04947790
nuscenes,scene-1094_004,yaw_deg,-2.00000000,9,Car,32.34001654,27.08251488,1,0.52213434,12,7,58.33333333,60.80777886
nuscenes,scene-1094_004,yaw_deg,-2.00000000,12,Car,8.65676772,6.72245757,0,0.94665803,278,0,0.00000000,
nuscenes,scene-1094_004,yaw_deg,-2.00000000,13,Pedestrian,24.02508687,23.42379453,0,0.00000000,6,0,0.00000000,47.46647947
nuscenes,scene-1094_004,yaw_deg,-2.00000000,15,Car,27.67536469,25.40160389,2,0.00000000,5,4,80.00000000,51.07738833
nuscenes,scene-1094_004,yaw_deg,-2.00000000,16,Car,29.99430854,28.13488073,0,0.00000000,68,63,92.64705882,50.02858604
nuscenes,scene-1094_004,yaw_deg,-2.00000000,19,Bicycle,29.89979342,29.29162345,1,0.00000000,6,2,33.33333333,47.12861762
nuscenes,scene-1094_004,yaw_deg,-1.00000000,0,personal_mobility,9.09417952,7.81939686,0,0.14036579,37,37,100.00000000,30.33714707
nuscenes,scene-1094_004,yaw_deg,-1.00000000,1,Car,24.30286500,21.74185428,0,0.00000000,27,27,100.00000000,27.22863403
nuscenes,scene-1094_004,yaw_deg,-1.00000000,5,Car,8.68514908,8.44201627,0,0.00000000,367,367,100.00000000,24.66911283
nuscenes,scene-1094_004,yaw_deg,-1.00000000,6,Pedestrian,34.56614166,30.10795154,0,0.00000000,5,0,0.00000000,29.71958270
nuscenes,scene-1094_004,yaw_deg,-1.00000000,9,Car,32.34001654,27.08251488,1,0.52213434,12,6,50.00000000,30.71970229
nuscenes,scene-1094_004,yaw_deg,-1.00000000,12,Car,8.65676772,6.72245757,0,0.94665803,278,2,0.71942446,32.01148607
nuscenes,scene-1094_004,yaw_deg,-1.00000000,13,Pedestrian,24.02508687,23.42379453,0,0.00000000,6,4,66.66666667,23.64807853
nuscenes,scene-1094_004,yaw_deg,-1.00000000,15,Car,27.67536469,25.40160389,2,0.00000000,5,5,100.00000000,25.69786903
nuscenes,scene-1094_004,yaw_deg,-1.00000000,16,Car,29.99430854,28.13488073,0,0.00000000,68,67,98.52941176,25.15708775
nuscenes,scene-1094_004,yaw_deg,-1.00000000,19,Bicycle,29.89979342,29.29162345,1,0.00000000,6,3,50.00000000,23.48172568
nuscenes,scene-1094_004,yaw_deg,-0.50000000,0,personal_mobility,9.09417952,7.81939686,0,0.14036579,37,37,100.00000000,15.24052206
nuscenes,scene-1094_004,yaw_deg,-0.50000000,1,Car,24.30286500,21.74185428,0,0.00000000,27,27,100.00000000,13.66751870
nuscenes,scene-1094_004,yaw_deg,-0.50000000,5,Car,8.68514908,8.44201627,0,0.00000000,367,367,100.00000000,12.33699854
nuscenes,scene-1094_004,yaw_deg,-0.50000000,6,Pedestrian,34.56614166,30.10795154,0,0.00000000,5,4,80.00000000,14.78582283
nuscenes,scene-1094_004,yaw_deg,-0.50000000,9,Car,32.34001654,27.08251488,1,0.52213434,12,6,50.00000000,15.44124788
nuscenes,scene-1094_004,yaw_deg,-0.50000000,12,Car,8.65676772,6.72245757,0,0.94665803,278,5,1.79856115,16.12442589
nuscenes,scene-1094_004,yaw_deg,-0.50000000,13,Pedestrian,24.02508687,23.42379453,0,0.00000000,6,6,100.00000000,11.80380741
nuscenes,scene-1094_004,yaw_deg,-0.50000000,15,Car,27.67536469,25.40160389,2,0.00000000,5,5,100.00000000,12.89012143
nuscenes,scene-1094_004,yaw_deg,-0.50000000,16,Car,29.99430854,28.13488073,0,0.00000000,68,68,100.00000000,12.61554229
nuscenes,scene-1094_004,yaw_deg,-0.50000000,19,Bicycle,29.89979342,29.29162345,1,0.00000000,6,5,83.33333333,11.72125597
nuscenes,scene-1094_004,yaw_deg,0.00000000,0,personal_mobility,9.09417952,7.81939686,0,0.14036579,37,37,100.00000000,0.00000000
nuscenes,scene-1094_004,yaw_deg,0.00000000,1,Car,24.30286500,21.74185428,0,0.00000000,27,27,100.00000000,0.00000000
nuscenes,scene-1094_004,yaw_deg,0.00000000,5,Car,8.68514908,8.44201627,0,0.00000000,367,367,100.00000000,0.00000000
nuscenes,scene-1094_004,yaw_deg,0.00000000,6,Pedestrian,34.56614166,30.10795154,0,0.00000000,5,5,100.00000000,0.00000000
nuscenes,scene-1094_004,yaw_deg,0.00000000,9,Car,32.34001654,27.08251488,1,0.52213434,12,6,50.00000000,0.00000000
nuscenes,scene-1094_004,yaw_deg,0.00000000,12,Car,8.65676772,6.72245757,0,0.94665803,278,11,3.95683453,0.00000000
nuscenes,scene-1094_004,yaw_deg,0.00000000,13,Pedestrian,24.02508687,23.42379453,0,0.00000000,6,6,100.00000000,0.00000000
nuscenes,scene-1094_004,yaw_deg,0.00000000,15,Car,27.67536469,25.40160389,2,0.00000000,5,5,100.00000000,0.00000000
nuscenes,scene-1094_004,yaw_deg,0.00000000,16,Car,29.99430854,28.13488073,0,0.00000000,68,68,100.00000000,0.00000000
nuscenes,scene-1094_004,yaw_deg,0.00000000,19,Bicycle,29.89979342,29.29162345,1,0.00000000,6,6,100.00000000,0.00000000
nuscenes,scene-1094_004,yaw_deg,0.50000000,0,personal_mobility,9.09417952,7.81939686,0,0.14036579,37,36,97.29729730,15.34249296
nuscenes,scene-1094_004,yaw_deg,0.50000000,1,Car,24.30286500,21.74185428,0,0.00000000,27,26,96.29629630,13.77738578
nuscenes,scene-1094_004,yaw_deg,0.50000000,5,Car,8.68514908,8.44201627,0,0.00000000,367,367,100.00000000,12.34511066
nuscenes,scene-1094_004,yaw_deg,0.50000000,6,Pedestrian,34.56614166,30.10795154,0,0.00000000,5,3,60.00000000,14.64235494
nuscenes,scene-1094_004,yaw_deg,0.50000000,9,Car,32.34001654,27.08251488,1,0.52213434,12,5,41.66666667,15.49597505
nuscenes,scene-1094_004,yaw_deg,0.50000000,12,Car,8.65676772,6.72245757,0,0.94665803,278,14,5.03597122,16.09836964
nuscenes,scene-1094_004,yaw_deg,0.50000000,13,Pedestrian,24.02508687,23.42379453,0,0.00000000,6,6,100.00000000,11.76542635
nuscenes,scene-1094_004,yaw_deg,0.50000000,15,Car,27.67536469,25.40160389,2,0.00000000,5,5,100.00000000,12.97535867
nuscenes,scene-1094_004,yaw_deg,0.50000000,16,Car,29.99430854,28.13488073,0,0.00000000,68,68,100.00000000,12.69220581
nuscenes,scene-1094_004,yaw_deg,0.50000000,19,Bicycle,29.89979342,29.29162345,1,0.00000000,6,6,100.00000000,11.68408717
nuscenes,scene-1094_004,yaw_deg,1.00000000,0,personal_mobility,9.09417952,7.81939686,0,0.14036579,37,36,97.29729730,30.83672366
nuscenes,scene-1094_004,yaw_deg,1.00000000,1,Car,24.30286500,21.74185428,0,0.00000000,27,22,81.48148148,27.66819315
nuscenes,scene-1094_004,yaw_deg,1.00000000,5,Car,8.68514908,8.44201627,0,0.00000000,367,362,98.63760218,24.71083693
nuscenes,scene-1094_004,yaw_deg,1.00000000,6,Pedestrian,34.56614166,30.10795154,0,0.00000000,5,0,0.00000000,29.14558066
nuscenes,scene-1094_004,yaw_deg,1.00000000,9,Car,32.34001654,27.08251488,1,0.52213434,12,3,25.00000000,30.92745425
nuscenes,scene-1094_004,yaw_deg,1.00000000,12,Car,8.65676772,6.72245757,0,0.94665803,278,13,4.67625899,32.02464383
nuscenes,scene-1094_004,yaw_deg,1.00000000,13,Pedestrian,24.02508687,23.42379453,0,0.00000000,6,4,66.66666667,23.49452875
nuscenes,scene-1094_004,yaw_deg,1.00000000,15,Car,27.67536469,25.40160389,2,0.00000000,5,5,100.00000000,26.03888293
nuscenes,scene-1094_004,yaw_deg,1.00000000,16,Car,29.99430854,28.13488073,0,0.00000000,68,66,97.05882353,25.46379846
nuscenes,scene-1094_004,yaw_deg,1.00000000,19,Bicycle,29.89979342,29.29162345,1,0.00000000,6,5,83.33333333,23.33302597
nuscenes,scene-1094_004,yaw_deg,2.00000000,0,personal_mobility,9.09417952,7.81939686,0,0.14036579,37,36,97.29729730,62.30302415
nuscenes,scene-1094_004,yaw_deg,2.00000000,1,Car,24.30286500,21.74185428,0,0.00000000,27,21,77.77777778,55.80476873
nuscenes,scene-1094_004,yaw_deg,2.00000000,5,Car,8.68514908,8.44201627,0,0.00000000,367,347,94.55040872,49.50522538
nuscenes,scene-1094_004,yaw_deg,2.00000000,6,Pedestrian,34.56614166,30.10795154,0,0.00000000,5,0,0.00000000,57.75137999
nuscenes,scene-1094_004,yaw_deg,2.00000000,9,Car,32.34001654,27.08251488,1,0.52213434,12,1,8.33333333,62.07835871
nuscenes,scene-1094_004,yaw_deg,2.00000000,12,Car,8.65676772,6.72245757,0,0.94665803,278,14,5.03597122,63.38225131
nuscenes,scene-1094_004,yaw_deg,2.00000000,13,Pedestrian,24.02508687,23.42379453,0,0.00000000,6,0,0.00000000,46.85187126
nuscenes,scene-1094_004,yaw_deg,2.00000000,15,Car,27.67536469,25.40160389,2,0.00000000,5,5,100.00000000,52.44248340
nuscenes,scene-1094_004,yaw_deg,2.00000000,16,Car,29.99430854,28.13488073,0,0.00000000,68,63,92.64705882,51.25633621
nuscenes,scene-1094_004,yaw_deg,2.00000000,19,Bicycle,29.89979342,29.29162345,1,0.00000000,6,3,50.00000000,46.53342614
nuscenes,scene-1094_004,yaw_deg,3.00000000,0,personal_mobility,9.09417952,7.81939686,0,0.14036579,37,36,97.29729730,94.44178737
nuscenes,scene-1094_004,yaw_deg,3.00000000,1,Car,24.30286500,21.74185428,0,0.00000000,27,21,77.77777778,84.13940841
nuscenes,scene-1094_004,yaw_deg,3.00000000,5,Car,8.68514908,8.44201627,0,0.00000000,367,322,87.73841962,74.39357888
nuscenes,scene-1094_004,yaw_deg,3.00000000,6,Pedestrian,34.56614166,30.10795154,0,0.00000000,5,0,0.00000000,85.84970331
nuscenes,scene-1094_004,yaw_deg,3.00000000,9,Car,32.34001654,27.08251488,1,0.52213434,12,0,0.00000000,
nuscenes,scene-1094_004,yaw_deg,3.00000000,12,Car,8.65676772,6.72245757,0,0.94665803,278,18,6.47482014,94.11389871
nuscenes,scene-1094_004,yaw_deg,3.00000000,13,Pedestrian,24.02508687,23.42379453,0,0.00000000,6,0,0.00000000,70.08802889
nuscenes,scene-1094_004,yaw_deg,3.00000000,15,Car,27.67536469,25.40160389,2,0.00000000,5,5,100.00000000,79.23563814
nuscenes,scene-1094_004,yaw_deg,3.00000000,16,Car,29.99430854,28.13488073,0,0.00000000,68,60,88.23529412,77.40063162
nuscenes,scene-1094_004,yaw_deg,3.00000000,19,Bicycle,29.89979342,29.29162345,1,0.00000000,6,1,16.66666667,69.61692732
nuscenes,scene-1094_005,yaw_deg,-3.00000000,0,personal_mobility,8.59356419,7.10174411,0,0.52078673,59,35,59.32203390,94.00673430
nuscenes,scene-1094_005,yaw_deg,-3.00000000,1,Car,23.64110128,20.95568309,0,0.00000000,30,19,63.33333333,82.06675469
nuscenes,scene-1094_005,yaw_deg,-3.00000000,5,Car,8.70088669,8.40084632,0,0.00000000,379,348,91.82058047,73.95871231
nuscenes,scene-1094_005,yaw_deg,-3.00000000,6,Pedestrian,33.42983274,29.26713822,0,0.00000000,5,0,0.00000000,89.70845369
nuscenes,scene-1094_005,yaw_deg,-3.00000000,9,Car,31.70174939,26.23053699,1,0.64935275,12,9,75.00000000,
nuscenes,scene-1094_005,yaw_deg,-3.00000000,12,Car,10.07336643,7.85374696,0,0.98457828,180,0,0.00000000,
nuscenes,scene-1094_005,yaw_deg,-3.00000000,13,Pedestrian,23.62582295,22.95345026,0,0.00000000,6,0,0.00000000,71.96863217
nuscenes,scene-1094_005,yaw_deg,-3.00000000,15,Car,26.99890419,24.61212897,2,0.00000000,15,6,40.00000000,76.70346229
nuscenes,scene-1094_005,yaw_deg,-3.00000000,16,Car,29.30068806,27.34818167,0,0.00000000,74,64,86.48648649,75.40892501
nuscenes,scene-1094_005,yaw_deg,-3.00000000,19,Bicycle,29.16439856,28.56076787,1,0.00000000,6,0,0.00000000,70.80916334
nuscenes,scene-1094_005,yaw_deg,-2.00000000,0,personal_mobility,8.59356419,7.10174411,0,0.52078673,59,44,74.57627119,63.30356852
nuscenes,scene-1094_005,yaw_deg,-2.00000000,1,Car,23.64110128,20.95568309,0,0.00000000,30,26,86.66666667,55.14005352
nuscenes,scene-1094_005,yaw_deg,-2.00000000,5,Car,8.70088669,8.40084632,0,0.00000000,379,366,96.56992084,49.36496583
nuscenes,scene-1094_005,yaw_deg,-2.00000000,6,Pedestrian,33.42983274,29.26713822,0,0.00000000,5,0,0.00000000,59.37386245
nuscenes,scene-1094_005,yaw_deg,-2.00000000,9,Car,31.70174939,26.23053699,1,0.64935275,12,6,50.00000000,
nuscenes,scene-1094_005,yaw_deg,-2.00000000,12,Car,10.07336643,7.85374696,0,0.98457828,180,0,0.00000000,
nuscenes,scene-1094_005,yaw_deg,-2.00000000,13,Pedestrian,23.62582295,22.95345026,0,0.00000000,6,0,0.00000000,47.78118030
nuscenes,scene-1094_005,yaw_deg,-2.00000000,15,Car,26.99890419,24.61212897,2,0.00000000,15,12,80.00000000,51.45239117
nuscenes,scene-1094_005,yaw_deg,-2.00000000,16,Car,29.30068806,27.34818167,0,0.00000000,74,69,93.24324324,50.56354999
nuscenes,scene-1094_005,yaw_deg,-2.00000000,19,Bicycle,29.16439856,28.56076787,1,0.00000000,6,2,33.33333333,47.03402401
nuscenes,scene-1094_005,yaw_deg,-1.00000000,0,personal_mobility,8.59356419,7.10174411,0,0.52078673,59,52,88.13559322,31.98159835
nuscenes,scene-1094_005,yaw_deg,-1.00000000,1,Car,23.64110128,20.95568309,0,0.00000000,30,30,100.00000000,27.79372280
nuscenes,scene-1094_005,yaw_deg,-1.00000000,5,Car,8.70088669,8.40084632,0,0.00000000,379,379,100.00000000,24.71996233
nuscenes,scene-1094_005,yaw_deg,-1.00000000,6,Pedestrian,33.42983274,29.26713822,0,0.00000000,5,2,40.00000000,29.39215157
nuscenes,scene-1094_005,yaw_deg,-1.00000000,9,Car,31.70174939,26.23053699,1,0.64935275,12,3,25.00000000,
nuscenes,scene-1094_005,yaw_deg,-1.00000000,12,Car,10.07336643,7.85374696,0,0.98457828,180,0,0.00000000,
nuscenes,scene-1094_005,yaw_deg,-1.00000000,13,Pedestrian,23.62582295,22.95345026,0,0.00000000,6,4,66.66666667,23.79753456
nuscenes,scene-1094_005,yaw_deg,-1.00000000,15,Car,26.99890419,24.61212897,2,0.00000000,15,15,100.00000000,25.89198921
nuscenes,scene-1094_005,yaw_deg,-1.00000000,16,Car,29.30068806,27.34818167,0,0.00000000,74,73,98.64864865,25.43425670
nuscenes,scene-1094_005,yaw_deg,-1.00000000,19,Bicycle,29.16439856,28.56076787,1,0.00000000,6,5,83.33333333,23.43656231
nuscenes,scene-1094_005,yaw_deg,-0.50000000,0,personal_mobility,8.59356419,7.10174411,0,0.52078673,59,53,89.83050847,16.07590404
nuscenes,scene-1094_005,yaw_deg,-0.50000000,1,Car,23.64110128,20.95568309,0,0.00000000,30,30,100.00000000,13.95457721
nuscenes,scene-1094_005,yaw_deg,-0.50000000,5,Car,8.70088669,8.40084632,0,0.00000000,379,379,100.00000000,12.36997316
nuscenes,scene-1094_005,yaw_deg,-0.50000000,6,Pedestrian,33.42983274,29.26713822,0,0.00000000,5,4,80.00000000,14.62462391
nuscenes,scene-1094_005,yaw_deg,-0.50000000,9,Car,31.70174939,26.23053699,1,0.64935275,12,1,8.33333333,
nuscenes,scene-1094_005,yaw_deg,-0.50000000,12,Car,10.07336643,7.85374696,0,0.98457828,180,0,0.00000000,
nuscenes,scene-1094_005,yaw_deg,-0.50000000,13,Pedestrian,23.62582295,22.95345026,0,0.00000000,6,6,100.00000000,11.87658895
nuscenes,scene-1094_005,yaw_deg,-0.50000000,15,Car,26.99890419,24.61212897,2,0.00000000,15,15,100.00000000,12.98887219
nuscenes,scene-1094_005,yaw_deg,-0.50000000,16,Car,29.30068806,27.34818167,0,0.00000000,74,74,100.00000000,12.75659835
nuscenes,scene-1094_005,yaw_deg,-0.50000000,19,Bicycle,29.16439856,28.56076787,1,0.00000000,6,6,100.00000000,11.69920010
nuscenes,scene-1094_005,yaw_deg,0.00000000,0,personal_mobility,8.59356419,7.10174411,0,0.52078673,59,50,84.74576271,0.00000000
nuscenes,scene-1094_005,yaw_deg,0.00000000,1,Car,23.64110128,20.95568309,0,0.00000000,30,30,100.00000000,0.00000000
nuscenes,scene-1094_005,yaw_deg,0.00000000,5,Car,8.70088669,8.40084632,0,0.00000000,379,379,100.00000000,0.00000000
nuscenes,scene-1094_005,yaw_deg,0.00000000,6,Pedestrian,33.42983274,29.26713822,0,0.00000000,5,5,100.00000000,0.00000000
nuscenes,scene-1094_005,yaw_deg,0.00000000,9,Car,31.70174939,26.23053699,1,0.64935275,12,0,0.00000000,
nuscenes,scene-1094_005,yaw_deg,0.00000000,12,Car,10.07336643,7.85374696,0,0.98457828,180,0,0.00000000,
nuscenes,scene-1094_005,yaw_deg,0.00000000,13,Pedestrian,23.62582295,22.95345026,0,0.00000000,6,6,100.00000000,0.00000000
nuscenes,scene-1094_005,yaw_deg,0.00000000,15,Car,26.99890419,24.61212897,2,0.00000000,15,15,100.00000000,0.00000000
nuscenes,scene-1094_005,yaw_deg,0.00000000,16,Car,29.30068806,27.34818167,0,0.00000000,74,74,100.00000000,0.00000000
nuscenes,scene-1094_005,yaw_deg,0.00000000,19,Bicycle,29.16439856,28.56076787,1,0.00000000,6,6,100.00000000,0.00000000
nuscenes,scene-1094_005,yaw_deg,0.50000000,0,personal_mobility,8.59356419,7.10174411,0,0.52078673,59,45,76.27118644,16.13919867
nuscenes,scene-1094_005,yaw_deg,0.50000000,1,Car,23.64110128,20.95568309,0,0.00000000,30,30,100.00000000,14.07371272
nuscenes,scene-1094_005,yaw_deg,0.50000000,5,Car,8.70088669,8.40084632,0,0.00000000,379,377,99.47229551,12.39211591
nuscenes,scene-1094_005,yaw_deg,0.50000000,6,Pedestrian,33.42983274,29.26713822,0,0.00000000,5,3,60.00000000,14.48604257
nuscenes,scene-1094_005,yaw_deg,0.50000000,9,Car,31.70174939,26.23053699,1,0.64935275,12,0,0.00000000,
nuscenes,scene-1094_005,yaw_deg,0.50000000,12,Car,10.07336643,7.85374696,0,0.98457828,180,1,0.55555556,
nuscenes,scene-1094_005,yaw_deg,0.50000000,13,Pedestrian,23.62582295,22.95345026,0,0.00000000,6,6,100.00000000,11.83436556
nuscenes,scene-1094_005,yaw_deg,0.50000000,15,Car,26.99890419,24.61212897,2,0.00000000,15,15,100.00000000,13.07756679
nuscenes,scene-1094_005,yaw_deg,0.50000000,16,Car,29.30068806,27.34818167,0,0.00000000,74,74,100.00000000,12.83831033
nuscenes,scene-1094_005,yaw_deg,0.50000000,19,Bicycle,29.16439856,28.56076787,1,0.00000000,6,6,100.00000000,11.66306883
nuscenes,scene-1094_005,yaw_deg,1.00000000,0,personal_mobility,8.59356419,7.10174411,0,0.52078673,59,38,64.40677966,32.36877855
nuscenes,scene-1094_005,yaw_deg,1.00000000,1,Car,23.64110128,20.95568309,0,0.00000000,30,30,100.00000000,28.27036615
nuscenes,scene-1094_005,yaw_deg,1.00000000,5,Car,8.70088669,8.40084632,0,0.00000000,379,370,97.62532982,24.80588155
nuscenes,scene-1094_005,yaw_deg,1.00000000,6,Pedestrian,33.42983274,29.26713822,0,0.00000000,5,0,0.00000000,28.83770204
nuscenes,scene-1094_005,yaw_deg,1.00000000,9,Car,31.70174939,26.23053699,1,0.64935275,12,0,0.00000000,
nuscenes,scene-1094_005,yaw_deg,1.00000000,12,Car,10.07336643,7.85374696,0,0.98457828,180,1,0.55555556,
nuscenes,scene-1094_005,yaw_deg,1.00000000,13,Pedestrian,23.62582295,22.95345026,0,0.00000000,6,3,50.00000000,23.62861267
nuscenes,scene-1094_005,yaw_deg,1.00000000,15,Car,26.99890419,24.61212897,2,0.00000000,15,15,100.00000000,26.24683588
nuscenes,scene-1094_005,yaw_deg,1.00000000,16,Car,29.30068806,27.34818167,0,0.00000000,74,73,98.64864865,25.76116598
nuscenes,scene-1094_005,yaw_deg,1.00000000,19,Bicycle,29.16439856,28.56076787,1,0.00000000,6,5,83.33333333,23.29201346
nuscenes,scene-1094_005,yaw_deg,2.00000000,0,personal_mobility,8.59356419,7.10174411,0,0.52078673,59,20,33.89830508,64.39018641
nuscenes,scene-1094_005,yaw_deg,2.00000000,1,Car,23.64110128,20.95568309,0,0.00000000,30,30,100.00000000,57.04824951
nuscenes,scene-1094_005,yaw_deg,2.00000000,5,Car,8.70088669,8.40084632,0,0.00000000,379,352,92.87598945,49.73108866
nuscenes,scene-1094_005,yaw_deg,2.00000000,6,Pedestrian,33.42983274,29.26713822,0,0.00000000,5,0,0.00000000,57.15407498
nuscenes,scene-1094_005,yaw_deg,2.00000000,9,Car,31.70174939,26.23053699,1,0.64935275,12,0,0.00000000,
nuscenes,scene-1094_005,yaw_deg,2.00000000,12,Car,10.07336643,7.85374696,0,0.98457828,180,1,0.55555556,
nuscenes,scene-1094_005,yaw_deg,2.00000000,13,Pedestrian,23.62582295,22.95345026,0,0.00000000,6,0,0.00000000,47.10503873
nuscenes,scene-1094_005,yaw_deg,2.00000000,15,Car,26.99890419,24.61212897,2,0.00000000,15,15,100.00000000,52.87287141
nuscenes,scene-1094_005,yaw_deg,2.00000000,16,Car,29.30068806,27.34818167,0,0.00000000,74,70,94.59459459,51.87216983
nuscenes,scene-1094_005,yaw_deg,2.00000000,19,Bicycle,29.16439856,28.56076787,1,0.00000000,6,2,33.33333333,46.45544803
nuscenes,scene-1094_005,yaw_deg,3.00000000,0,personal_mobility,8.59356419,7.10174411,0,0.52078673,59,9,15.25423729,96.37873349
nuscenes,scene-1094_005,yaw_deg,3.00000000,1,Car,23.64110128,20.95568309,0,0.00000000,30,30,100.00000000,86.36629294
nuscenes,scene-1094_005,yaw_deg,3.00000000,5,Car,8.70088669,8.40084632,0,0.00000000,379,332,87.59894459,74.80188871
nuscenes,scene-1094_005,yaw_deg,3.00000000,6,Pedestrian,33.42983274,29.26713822,0,0.00000000,5,0,0.00000000,84.98041519
nuscenes,scene-1094_005,yaw_deg,3.00000000,9,Car,31.70174939,26.23053699,1,0.64935275,12,0,0.00000000,
nuscenes,scene-1094_005,yaw_deg,3.00000000,12,Car,10.07336643,7.85374696,0,0.98457828,180,5,2.77777778,
nuscenes,scene-1094_005,yaw_deg,3.00000000,13,Pedestrian,23.62582295,22.95345026,0,0.00000000,6,0,0.00000000,70.44560848
nuscenes,scene-1094_005,yaw_deg,3.00000000,15,Car,26.99890419,24.61212897,2,0.00000000,15,15,100.00000000,79.90365124
nuscenes,scene-1094_005,yaw_deg,3.00000000,16,Car,29.30068806,27.34818167,0,0.00000000,74,65,87.83783784,78.35701142
nuscenes,scene-1094_005,yaw_deg,3.00000000,19,Bicycle,29.16439856,28.56076787,1,0.00000000,6,0,0.00000000,69.50593807
nuscenes,scene-1094_006,yaw_deg,-3.00000000,0,personal_mobility,7.80423601,6.10125613,0,0.89137366,85,26,30.58823529,97.77921467
nuscenes,scene-1094_006,yaw_deg,-3.00000000,1,Car,22.74769011,19.89184708,0,0.04506905,50,36,72.00000000,85.18787754
nuscenes,scene-1094_006,yaw_deg,-3.00000000,5,Car,8.51200641,8.13534439,0,0.00002948,415,384,92.53012048,74.92545277
nuscenes,scene-1094_006,yaw_deg,-3.00000000,6,Pedestrian,32.00803566,28.15106373,0,0.00000000,5,0,0.00000000,89.45922581
nuscenes,scene-1094_006,yaw_deg,-3.00000000,9,Car,30.94162624,25.20950247,2,0.80262429,5,2,40.00000000,
nuscenes,scene-1094_006,yaw_deg,-3.00000000,11,Pedestrian,25.84153161,23.53725243,0,0.00000000,6,0,0.00000000,82.85251074
nuscenes,scene-1094_006,yaw_deg,-3.00000000,12,Pedestrian,23.17742977,22.40327050,0,0.00000000,6,0,0.00000000,73.01436170
nuscenes,scene-1094_006,yaw_deg,-3.00000000,14,Car,26.08193883,23.54562445,2,0.00000000,10,5,50.00000000,78.01828728
nuscenes,scene-1094_006,yaw_deg,-3.00000000,15,Car,28.35857865,26.28741184,0,0.00000000,64,57,89.06250000,76.12770542
nuscenes,scene-1094_006,yaw_deg,-3.00000000,18,Bicycle,28.16139974,27.59344817,0,0.00000000,11,1,9.09090909,71.11707114
nuscenes,scene-1094_006,yaw_deg,-2.00000000,0,personal_mobility,7.80423601,6.10125613,0,0.89137366,85,16,18.82352941,65.89082787
nuscenes,scene-1094_006,yaw_deg,-2.00000000,1,Car,22.74769011,19.89184708,0,0.04506905,50,46,92.00000000,57.28549345
nuscenes,scene-1094_006,yaw_deg,-2.00000000,5,Car,8.51200641,8.13534439,0,0.00002948,415,406,97.83132530,50.06283262
nuscenes,scene-1094_006,yaw_deg,-2.00000000,6,Pedestrian,32.00803566,28.15106373,0,0.00000000,5,0,0.00000000,59.03643833
nuscenes,scene-1094_006,yaw_deg,-2.00000000,9,Car,30.94162624,25.20950247,2,0.80262429,5,0,0.00000000,
nuscenes,scene-1094_006,yaw_deg,-2.00000000,11,Pedestrian,25.84153161,23.53725243,0,0.00000000,6,0,0.00000000,54.77479842
nuscenes,scene-1094_006,yaw_deg,-2.00000000,12,Pedestrian,23.17742977,22.40327050,0,0.00000000,6,0,0.00000000,48.44831276
nuscenes,scene-1094_006,yaw_deg,-2.00000000,14,Car,26.08193883,23.54562445,2,0.00000000,10,8,80.00000000,52.35773248
nuscenes,scene-1094_006,yaw_deg,-2.00000000,15,Car,28.35857865,26.28741184,0,0.00000000,64,62,96.87500000,51.05875717
nuscenes,scene-1094_006,yaw_deg,-2.00000000,18,Bicycle,28.16139974,27.59344817,0,0.00000000,11,4,36.36363636,47.23097616
nuscenes,scene-1094_006,yaw_deg,-1.00000000,0,personal_mobility,7.80423601,6.10125613,0,0.89137366,85,11,12.94117647,33.31297511
nuscenes,scene-1094_006,yaw_deg,-1.00000000,1,Car,22.74769011,19.89184708,0,0.04506905,50,50,100.00000000,28.89995043
nuscenes,scene-1094_006,yaw_deg,-1.00000000,5,Car,8.51200641,8.13534439,0,0.00002948,415,415,100.00000000,25.09389453
nuscenes,scene-1094_006,yaw_deg,-1.00000000,6,Pedestrian,32.00803566,28.15106373,0,0.00000000,5,0,0.00000000,29.22890169
nuscenes,scene-1094_006,yaw_deg,-1.00000000,9,Car,30.94162624,25.20950247,2,0.80262429,5,0,0.00000000,
nuscenes,scene-1094_006,yaw_deg,-1.00000000,11,Pedestrian,25.84153161,23.53725243,0,0.00000000,6,2,33.33333333,27.16687641
nuscenes,scene-1094_006,yaw_deg,-1.00000000,12,Pedestrian,23.17742977,22.40327050,0,0.00000000,6,3,50.00000000,24.11640668
nuscenes,scene-1094_006,yaw_deg,-1.00000000,14,Car,26.08193883,23.54562445,2,0.00000000,10,10,100.00000000,26.35949150
nuscenes,scene-1094_006,yaw_deg,-1.00000000,15,Car,28.35857865,26.28741184,0,0.00000000,64,64,100.00000000,25.69010051
nuscenes,scene-1094_006,yaw_deg,-1.00000000,18,Bicycle,28.16139974,27.59344817,0,0.00000000,11,6,54.54545455,23.53096319
nuscenes,scene-1094_006,yaw_deg,-0.50000000,0,personal_mobility,7.80423601,6.10125613,0,0.89137366,85,7,8.23529412,16.75134809
nuscenes,scene-1094_006,yaw_deg,-0.50000000,1,Car,22.74769011,19.89184708,0,0.04506905,50,50,100.00000000,14.51629779
nuscenes,scene-1094_006,yaw_deg,-0.50000000,5,Car,8.51200641,8.13534439,0,0.00002948,415,415,100.00000000,12.56702134
nuscenes,scene-1094_006,yaw_deg,-0.50000000,6,Pedestrian,32.00803566,28.15106373,0,0.00000000,5,4,80.00000000,14.54432521
nuscenes,scene-1094_006,yaw_deg,-0.50000000,9,Car,30.94162624,25.20950247,2,0.80262429,5,0,0.00000000,
nuscenes,scene-1094_006,yaw_deg,-0.50000000,11,Pedestrian,25.84153161,23.53725243,0,0.00000000,6,6,100.00000000,13.53004580
nuscenes,scene-1094_006,yaw_deg,-0.50000000,12,Pedestrian,23.17742977,22.40327050,0,0.00000000,6,6,100.00000000,12.03240710
nuscenes,scene-1094_006,yaw_deg,-0.50000000,14,Car,26.08193883,23.54562445,2,0.00000000,10,10,100.00000000,13.22641744
nuscenes,scene-1094_006,yaw_deg,-0.50000000,15,Car,28.35857865,26.28741184,0,0.00000000,64,64,100.00000000,12.88662581
nuscenes,scene-1094_006,yaw_deg,-0.50000000,18,Bicycle,28.16139974,27.59344817,0,0.00000000,11,10,90.90909091,11.74539665
nuscenes,scene-1094_006,yaw_deg,0.00000000,0,personal_mobility,7.80423601,6.10125613,0,0.89137366,85,4,4.70588235,0.00000000
nuscenes,scene-1094_006,yaw_deg,0.00000000,1,Car,22.74769011,19.89184708,0,0.04506905,50,50,100.00000000,0.00000000
nuscenes,scene-1094_006,yaw_deg,0.00000000,5,Car,8.51200641,8.13534439,0,0.00002948,415,415,100.00000000,0.00000000
nuscenes,scene-1094_006,yaw_deg,0.00000000,6,Pedestrian,32.00803566,28.15106373,0,0.00000000,5,5,100.00000000,0.00000000
nuscenes,scene-1094_006,yaw_deg,0.00000000,9,Car,30.94162624,25.20950247,2,0.80262429,5,0,0.00000000,
nuscenes,scene-1094_006,yaw_deg,0.00000000,11,Pedestrian,25.84153161,23.53725243,0,0.00000000,6,6,100.00000000,0.00000000
nuscenes,scene-1094_006,yaw_deg,0.00000000,12,Pedestrian,23.17742977,22.40327050,0,0.00000000,6,6,100.00000000,0.00000000
nuscenes,scene-1094_006,yaw_deg,0.00000000,14,Car,26.08193883,23.54562445,2,0.00000000,10,10,100.00000000,0.00000000
nuscenes,scene-1094_006,yaw_deg,0.00000000,15,Car,28.35857865,26.28741184,0,0.00000000,64,64,100.00000000,0.00000000
nuscenes,scene-1094_006,yaw_deg,0.00000000,18,Bicycle,28.16139974,27.59344817,0,0.00000000,11,11,100.00000000,0.00000000
nuscenes,scene-1094_006,yaw_deg,0.50000000,0,personal_mobility,7.80423601,6.10125613,0,0.89137366,85,0,0.00000000,
nuscenes,scene-1094_006,yaw_deg,0.50000000,1,Car,22.74769011,19.89184708,0,0.04506905,50,50,100.00000000,14.65313205
nuscenes,scene-1094_006,yaw_deg,0.50000000,5,Car,8.51200641,8.13534439,0,0.00002948,415,413,99.51807229,12.60479905
nuscenes,scene-1094_006,yaw_deg,0.50000000,6,Pedestrian,32.00803566,28.15106373,0,0.00000000,5,3,60.00000000,14.40832205
nuscenes,scene-1094_006,yaw_deg,0.50000000,9,Car,30.94162624,25.20950247,2,0.80262429,5,0,0.00000000,
nuscenes,scene-1094_006,yaw_deg,0.50000000,11,Pedestrian,25.84153161,23.53725243,0,0.00000000,6,6,100.00000000,13.42662786
nuscenes,scene-1094_006,yaw_deg,0.50000000,12,Pedestrian,23.17742977,22.40327050,0,0.00000000,6,6,100.00000000,11.98305218
nuscenes,scene-1094_006,yaw_deg,0.50000000,14,Car,26.08193883,23.54562445,2,0.00000000,10,10,100.00000000,13.32288203
nuscenes,scene-1094_006,yaw_deg,0.50000000,15,Car,28.35857865,26.28741184,0,0.00000000,64,64,100.00000000,12.97264487
nuscenes,scene-1094_006,yaw_deg,0.50000000,18,Bicycle,28.16139974,27.59344817,0,0.00000000,11,10,90.90909091,11.70728554
nuscenes,scene-1094_006,yaw_deg,1.00000000,0,personal_mobility,7.80423601,6.10125613,0,0.89137366,85,0,0.00000000,
nuscenes,scene-1094_006,yaw_deg,1.00000000,1,Car,22.74769011,19.89184708,0,0.04506905,50,49,98.00000000,29.35577659
nuscenes,scene-1094_006,yaw_deg,1.00000000,5,Car,8.51200641,8.13534439,0,0.00002948,415,407,98.07228916,25.25325514
nuscenes,scene-1094_006,yaw_deg,1.00000000,6,Pedestrian,32.00803566,28.15106373,0,0.00000000,5,1,20.00000000,28.68476802
nuscenes,scene-1094_006,yaw_deg,1.00000000,9,Car,30.94162624,25.20950247,2,0.80262429,5,0,0.00000000,
nuscenes,scene-1094_006,yaw_deg,1.00000000,11,Pedestrian,25.84153161,23.53725243,0,0.00000000,6,2,33.33333333,26.75312129
nuscenes,scene-1094_006,yaw_deg,1.00000000,12,Pedestrian,23.17742977,22.40327050,0,0.00000000,6,4,66.66666667,23.91895321
nuscenes,scene-1094_006,yaw_deg,1.00000000,14,Car,26.08193883,23.54562445,2,0.00000000,10,10,100.00000000,26.74542607
nuscenes,scene-1094_006,yaw_deg,1.00000000,15,Car,28.35857865,26.28741184,0,0.00000000,64,63,98.43750000,26.03424227
nuscenes,scene-1094_006,yaw_deg,1.00000000,18,Bicycle,28.16139974,27.59344817,0,0.00000000,11,9,81.81818182,23.37849356
nuscenes,scene-1094_006,yaw_deg,2.00000000,0,personal_mobility,7.80423601,6.10125613,0,0.89137366,85,0,0.00000000,
nuscenes,scene-1094_006,yaw_deg,2.00000000,1,Car,22.74769011,19.89184708,0,0.04506905,50,43,86.00000000,58.90933538
nuscenes,scene-1094_006,yaw_deg,2.00000000,5,Car,8.51200641,8.13534439,0,0.00002948,415,391,94.21686747,50.67810197
nuscenes,scene-1094_006,yaw_deg,2.00000000,6,Pedestrian,32.00803566,28.15106373,0,0.00000000,5,0,0.00000000,56.85796575
nuscenes,scene-1094_006,yaw_deg,2.00000000,9,Car,30.94162624,25.20950247,2,0.80262429,5,0,0.00000000,
nuscenes,scene-1094_006,yaw_deg,2.00000000,11,Pedestrian,25.84153161,23.53725243,0,0.00000000,6,0,0.00000000,53.11844295
nuscenes,scene-1094_006,yaw_deg,2.00000000,12,Pedestrian,23.17742977,22.40327050,0,0.00000000,6,0,0.00000000,47.65795822
nuscenes,scene-1094_006,yaw_deg,2.00000000,14,Car,26.08193883,23.54562445,2,0.00000000,10,10,100.00000000,53.90269084
nuscenes,scene-1094_006,yaw_deg,2.00000000,15,Car,28.35857865,26.28741184,0,0.00000000,64,61,95.31250000,52.43637369
nuscenes,scene-1094_006,yaw_deg,2.00000000,18,Bicycle,28.16139974,27.59344817,0,0.00000000,11,7,63.63636364,46.62069401
nuscenes,scene-1094_006,yaw_deg,3.00000000,0,personal_mobility,7.80423601,6.10125613,0,0.89137366,85,0,0.00000000,
nuscenes,scene-1094_006,yaw_deg,3.00000000,1,Car,22.74769011,19.89184708,0,0.04506905,50,35,70.00000000,88.27269472
nuscenes,scene-1094_006,yaw_deg,3.00000000,5,Car,8.51200641,8.13534439,0,0.00002948,415,370,89.15662651,76.27822640
nuscenes,scene-1094_006,yaw_deg,3.00000000,6,Pedestrian,32.00803566,28.15106373,0,0.00000000,5,0,0.00000000,84.55037934
nuscenes,scene-1094_006,yaw_deg,3.00000000,9,Car,30.94162624,25.20950247,2,0.80262429,5,0,0.00000000,
nuscenes,scene-1094_006,yaw_deg,3.00000000,11,Pedestrian,25.84153161,23.53725243,0,0.00000000,6,0,0.00000000,79.12069498
nuscenes,scene-1094_006,yaw_deg,3.00000000,12,Pedestrian,23.17742977,22.40327050,0,0.00000000,6,0,0.00000000,71.23403319
nuscenes,scene-1094_006,yaw_deg,3.00000000,14,Car,26.08193883,23.54562445,2,0.00000000,10,10,100.00000000,81.49902768
nuscenes,scene-1094_006,yaw_deg,3.00000000,15,Car,28.35857865,26.28741184,0,0.00000000,64,58,90.62500000,79.23128520
nuscenes,scene-1094_006,yaw_deg,3.00000000,18,Bicycle,28.16139974,27.59344817,0,0.00000000,11,3,27.27272727,69.74242034
nuscenes,scene-1094_007,yaw_deg,-3.00000000,0,Car,21.61301616,18.58594006,0,0.24050050,65,49,75.38461538,87.46141558
nuscenes,scene-1094_007,yaw_deg,-3.00000000,2,Pedestrian,24.66579740,24.08424822,0,0.00000000,6,0,0.00000000,71.65584356
nuscenes,scene-1094_007,yaw_deg,-3.00000000,4,Car,8.24289285,7.71091922,0,0.01897321,462,427,92.42424242,76.89235044
nuscenes,scene-1094_007,yaw_deg,-3.00000000,8,Car,29.95816295,23.97087878,2,0.96238974,6,1,16.66666667,
nuscenes,scene-1094_007,yaw_deg,-3.00000000,9,Car,30.60788348,30.33452179,2,0.00000000,9,4,44.44444444,68.10846407
nuscenes,scene-1094_007,yaw_deg,-3.00000000,11,Pedestrian,22.47183137,21.57299701,0,0.00000000,9,0,0.00000000,74.19291957
nuscenes,scene-1094_007,yaw_deg,-3.00000000,12,Car,24.91136184,22.23814974,2,0.00000000,6,5,83.33333333,80.67576098
nuscenes,scene-1094_007,yaw_deg,-3.00000000,13,Car,27.15389500,24.98363743,2,0.00000000,62,61,98.38709677,78.80664959
nuscenes,scene-1094_007,yaw_deg,-3.00000000,15,Pedestrian,21.00834703,20.84857582,2,0.00000000,7,0,0.00000000,68.51748447
nuscenes,scene-1094_007,yaw_deg,-2.00000000,0,Car,21.61301616,18.58594006,0,0.24050050,65,57,87.69230769,58.84773937
nuscenes,scene-1094_007,yaw_deg,-2.00000000,2,Pedestrian,24.66579740,24.08424822,0,0.00000000,6,0,0.00000000,47.57550548
nuscenes,scene-1094_007,yaw_deg,-2.00000000,4,Car,8.24289285,7.71091922,0,0.01897321,462,449,97.18614719,51.46246398
nuscenes,scene-1094_007,yaw_deg,-2.00000000,8,Car,29.95816295,23.97087878,2,0.96238974,6,0,0.00000000,
nuscenes,scene-1094_007,yaw_deg,-2.00000000,9,Car,30.60788348,30.33452179,2,0.00000000,9,6,66.66666667,45.45146692
nuscenes,scene-1094_007,yaw_deg,-2.00000000,11,Pedestrian,22.47183137,21.57299701,0,0.00000000,9,0,0.00000000,49.20020338
nuscenes,scene-1094_007,yaw_deg,-2.00000000,12,Car,24.91136184,22.23814974,2,0.00000000,6,6,100.00000000,54.18773836
nuscenes,scene-1094_007,yaw_deg,-2.00000000,13,Car,27.15389500,24.98363743,2,0.00000000,62,62,100.00000000,52.90574427
nuscenes,scene-1094_007,yaw_deg,-2.00000000,15,Pedestrian,21.00834703,20.84857582,2,0.00000000,7,0,0.00000000,45.68648375
nuscenes,scene-1094_007,yaw_deg,-1.00000000,0,Car,21.61301616,18.58594006,0,0.24050050,65,57,87.69230769,29.70523963
nuscenes,scene-1094_007,yaw_deg,-1.00000000,2,Pedestrian,24.66579740,24.08424822,0,0.00000000,6,1,16.66666667,23.69605011
nuscenes,scene-1094_007,yaw_deg,-1.00000000,4,Car,8.24289285,7.71091922,0,0.01897321,462,462,100.00000000,25.84162271
nuscenes,scene-1094_007,yaw_deg,-1.00000000,8,Car,29.95816295,23.97087878,2,0.96238974,6,0,0.00000000,
nuscenes,scene-1094_007,yaw_deg,-1.00000000,9,Car,30.60788348,30.33452179,2,0.00000000,9,8,88.88888889,22.75346902
nuscenes,scene-1094_007,yaw_deg,-1.00000000,11,Pedestrian,22.47183137,21.57299701,0,0.00000000,9,7,77.77777778,24.47581990
nuscenes,scene-1094_007,yaw_deg,-1.00000000,12,Car,24.91136184,22.23814974,2,0.00000000,6,6,100.00000000,27.30460380
nuscenes,scene-1094_007,yaw_deg,-1.00000000,13,Car,27.15389500,24.98363743,2,0.00000000,62,62,100.00000000,26.64501813
nuscenes,scene-1094_007,yaw_deg,-1.00000000,15,Pedestrian,21.00834703,20.84857582,2,0.00000000,7,2,28.57142857,22.85428119
nuscenes,scene-1094_007,yaw_deg,-0.50000000,0,Car,21.61301616,18.58594006,0,0.24050050,65,53,81.53846154,14.92515987
nuscenes,scene-1094_007,yaw_deg,-0.50000000,2,Pedestrian,24.66579740,24.08424822,0,0.00000000,6,6,100.00000000,11.82617177
nuscenes,scene-1094_007,yaw_deg,-0.50000000,4,Car,8.24289285,7.71091922,0,0.01897321,462,462,100.00000000,12.95040907
nuscenes,scene-1094_007,yaw_deg,-0.50000000,8,Car,29.95816295,23.97087878,2,0.96238974,6,0,0.00000000,
nuscenes,scene-1094_007,yaw_deg,-0.50000000,9,Car,30.60788348,30.33452179,2,0.00000000,9,9,100.00000000,11.38457785
nuscenes,scene-1094_007,yaw_deg,-0.50000000,11,Pedestrian,22.47183137,21.57299701,0,0.00000000,9,9,100.00000000,12.20804678
nuscenes,scene-1094_007,yaw_deg,-0.50000000,12,Car,24.91136184,22.23814974,2,0.00000000,6,6,100.00000000,13.70668503
nuscenes,scene-1094_007,yaw_deg,-0.50000000,13,Car,27.15389500,24.98363743,2,0.00000000,62,62,100.00000000,13.37212105
nuscenes,scene-1094_007,yaw_deg,-0.50000000,15,Pedestrian,21.00834703,20.84857582,2,0.00000000,7,7,100.00000000,11.43088146
nuscenes,scene-1094_007,yaw_deg,0.00000000,0,Car,21.61301616,18.58594006,0,0.24050050,65,48,73.84615385,0.00000000
nuscenes,scene-1094_007,yaw_deg,0.00000000,2,Pedestrian,24.66579740,24.08424822,0,0.00000000,6,6,100.00000000,0.00000000
nuscenes,scene-1094_007,yaw_deg,0.00000000,4,Car,8.24289285,7.71091922,0,0.01897321,462,462,100.00000000,0.00000000
nuscenes,scene-1094_007,yaw_deg,0.00000000,8,Car,29.95816295,23.97087878,2,0.96238974,6,0,0.00000000,
nuscenes,scene-1094_007,yaw_deg,0.00000000,9,Car,30.60788348,30.33452179,2,0.00000000,9,9,100.00000000,0.00000000
nuscenes,scene-1094_007,yaw_deg,0.00000000,11,Pedestrian,22.47183137,21.57299701,0,0.00000000,9,9,100.00000000,0.00000000
nuscenes,scene-1094_007,yaw_deg,0.00000000,12,Car,24.91136184,22.23814974,2,0.00000000,6,6,100.00000000,0.00000000
nuscenes,scene-1094_007,yaw_deg,0.00000000,13,Car,27.15389500,24.98363743,2,0.00000000,62,62,100.00000000,0.00000000
nuscenes,scene-1094_007,yaw_deg,0.00000000,15,Pedestrian,21.00834703,20.84857582,2,0.00000000,7,7,100.00000000,0.00000000
nuscenes,scene-1094_007,yaw_deg,0.50000000,0,Car,21.61301616,18.58594006,0,0.24050050,65,44,67.69230769,14.91341781
nuscenes,scene-1094_007,yaw_deg,0.50000000,2,Pedestrian,24.66579740,24.08424822,0,0.00000000,6,6,100.00000000,11.78457286
nuscenes,scene-1094_007,yaw_deg,0.50000000,4,Car,8.24289285,7.71091922,0,0.01897321,462,460,99.56709957,13.01170276
nuscenes,scene-1094_007,yaw_deg,0.50000000,8,Car,29.95816295,23.97087878,2,0.96238974,6,0,0.00000000,
nuscenes,scene-1094_007,yaw_deg,0.50000000,9,Car,30.60788348,30.33452179,2,0.00000000,9,9,100.00000000,11.40209557
nuscenes,scene-1094_007,yaw_deg,0.50000000,11,Pedestrian,22.47183137,21.57299701,0,0.00000000,9,9,100.00000000,12.15068196
nuscenes,scene-1094_007,yaw_deg,0.50000000,12,Car,24.91136184,22.23814974,2,0.00000000,6,6,100.00000000,13.81896096
nuscenes,scene-1094_007,yaw_deg,0.50000000,13,Car,27.15389500,24.98363743,2,0.00000000,62,62,100.00000000,13.47459373
nuscenes,scene-1094_007,yaw_deg,0.50000000,15,Pedestrian,21.00834703,20.84857582,2,0.00000000,7,7,100.00000000,11.44020024
nuscenes,scene-1094_007,yaw_deg,1.00000000,0,Car,21.61301616,18.58594006,0,0.24050050,65,38,58.46153846,29.70319065
nuscenes,scene-1094_007,yaw_deg,1.00000000,2,Pedestrian,24.66579740,24.08424822,0,0.00000000,6,5,83.33333333,23.52962670
nuscenes,scene-1094_007,yaw_deg,1.00000000,4,Car,8.24289285,7.71091922,0,0.01897321,462,454,98.26839827,26.08755838
nuscenes,scene-1094_007,yaw_deg,1.00000000,8,Car,29.95816295,23.97087878,2,0.96238974,6,0,0.00000000,
nuscenes,scene-1094_007,yaw_deg,1.00000000,9,Car,30.60788348,30.33452179,2,0.00000000,9,9,100.00000000,22.82355102
nuscenes,scene-1094_007,yaw_deg,1.00000000,11,Pedestrian,22.47183137,21.57299701,0,0.00000000,9,5,55.55555556,24.24632056
nuscenes,scene-1094_007,yaw_deg,1.00000000,12,Car,24.91136184,22.23814974,2,0.00000000,6,6,100.00000000,27.75380074
nuscenes,scene-1094_007,yaw_deg,1.00000000,13,Car,27.15389500,24.98363743,2,0.00000000,62,59,95.16129032,27.05499110
nuscenes,scene-1094_007,yaw_deg,1.00000000,15,Pedestrian,21.00834703,20.84857582,2,0.00000000,7,2,28.57142857,22.89156225
nuscenes,scene-1094_007,yaw_deg,2.00000000,0,Car,21.61301616,18.58594006,0,0.24050050,65,31,47.69230769,59.38421485
nuscenes,scene-1094_007,yaw_deg,2.00000000,2,Pedestrian,24.66579740,24.08424822,0,0.00000000,6,0,0.00000000,46.90936700
nuscenes,scene-1094_007,yaw_deg,2.00000000,4,Car,8.24289285,7.71091922,0,0.01897321,462,434,93.93939394,52.43618141
nuscenes,scene-1094_007,yaw_deg,2.00000000,8,Car,29.95816295,23.97087878,2,0.96238974,6,0,0.00000000,
nuscenes,scene-1094_007,yaw_deg,2.00000000,9,Car,30.60788348,30.33452179,2,0.00000000,9,9,100.00000000,45.73197311
nuscenes,scene-1094_007,yaw_deg,2.00000000,11,Pedestrian,22.47183137,21.57299701,0,0.00000000,9,0,0.00000000,48.28156427
nuscenes,scene-1094_007,yaw_deg,2.00000000,12,Car,24.91136184,22.23814974,2,0.00000000,6,6,100.00000000,55.98601907
nuscenes,scene-1094_007,yaw_deg,2.00000000,13,Car,27.15389500,24.98363743,2,0.00000000,62,53,85.48387097,54.54695374
nuscenes,scene-1094_007,yaw_deg,2.00000000,15,Pedestrian,21.00834703,20.84857582,2,0.00000000,7,0,0.00000000,45.83518045
nuscenes,scene-1094_007,yaw_deg,3.00000000,0,Car,21.61301616,18.58594006,0,0.24050050,65,25,38.46153846,89.36260682
nuscenes,scene-1094_007,yaw_deg,3.00000000,2,Pedestrian,24.66579740,24.08424822,0,0.00000000,6,0,0.00000000,70.15536119
nuscenes,scene-1094_007,yaw_deg,3.00000000,4,Car,8.24289285,7.71091922,0,0.01897321,462,414,89.61038961,79.06095930
nuscenes,scene-1094_007,yaw_deg,3.00000000,8,Car,29.95816295,23.97087878,2,0.96238974,6,0,0.00000000,
nuscenes,scene-1094_007,yaw_deg,3.00000000,9,Car,30.60788348,30.33452179,2,0.00000000,9,8,88.88888889,68.74027216
nuscenes,scene-1094_007,yaw_deg,3.00000000,11,Pedestrian,22.47183137,21.57299701,0,0.00000000,9,0,0.00000000,72.12357116
nuscenes,scene-1094_007,yaw_deg,3.00000000,12,Car,24.91136184,22.23814974,2,0.00000000,6,6,100.00000000,84.72750249
nuscenes,scene-1094_007,yaw_deg,3.00000000,13,Car,27.15389500,24.98363743,2,0.00000000,62,47,75.80645161,82.50432157
nuscenes,scene-1094_007,yaw_deg,3.00000000,15,Pedestrian,21.00834703,20.84857582,2,0.00000000,7,0,0.00000000,68.84576283
nuscenes,scene-1094_008,yaw_deg,-3.00000000,0,Car,20.50119041,17.29564080,0,0.42655082,72,60,83.33333333,90.04065349
nuscenes,scene-1094_008,yaw_deg,-3.00000000,1,Pedestrian,20.25364185,20.06828801,0,0.00000000,8,0,0.00000000,68.77977848
nuscenes,scene-1094_008,yaw_deg,-3.00000000,4,Car,8.12341366,7.29887424,0,0.03372858,481,464,96.46569647,82.52092101
nuscenes,scene-1094_008,yaw_deg,-3.00000000,8,Car,29.23380287,28.98057447,1,0.00000000,18,17,94.44444444,69.00962233
nuscenes,scene-1094_008,yaw_deg,-3.00000000,10,Pedestrian,21.54888822,20.49056921,0,0.00000000,6,0,0.00000000,75.84649663
nuscenes,scene-1094_008,yaw_deg,-3.00000000,12,Car,25.89270613,23.63207305,2,0.00000000,62,57,91.93548387,79.86133233
nuscenes,scene-1094_008,yaw_deg,-3.00000000,13,Pedestrian,12.39510333,12.19443915,0,0.00000000,20,6,30.00000000,70.50893650
nuscenes,scene-1094_008,yaw_deg,-3.00000000,14,Pedestrian,20.25644131,20.11945204,2,0.00000000,7,0,0.00000000,68.59629869
nuscenes,scene-1094_008,yaw_deg,-2.00000000,0,Car,20.50119041,17.29564080,0,0.42655082,72,54,75.00000000,60.61807832
nuscenes,scene-1094_008,yaw_deg,-2.00000000,1,Pedestrian,20.25364185,20.06828801,0,0.00000000,8,0,0.00000000,45.89560555
nuscenes,scene-1094_008,yaw_deg,-2.00000000,4,Car,8.12341366,7.29887424,0,0.03372858,481,479,99.58419958,55.36478919
nuscenes,scene-1094_008,yaw_deg,-2.00000000,8,Car,29.23380287,28.98057447,1,0.00000000,18,17,94.44444444,46.10885998
nuscenes,scene-1094_008,yaw_deg,-2.00000000,10,Pedestrian,21.54888822,20.49056921,0,0.00000000,6,0,0.00000000,50.26381563
nuscenes,scene-1094_008,yaw_deg,-2.00000000,12,Car,25.89270613,23.63207305,2,0.00000000,62,60,96.77419355,53.63059588
nuscenes,scene-1094_008,yaw_deg,-2.00000000,13,Pedestrian,12.39510333,12.19443915,0,0.00000000,20,17,85.00000000,47.07207985
nuscenes,scene-1094_008,yaw_deg,-2.00000000,14,Pedestrian,20.25644131,20.11945204,2,0.00000000,7,0,0.00000000,45.73678349
nuscenes,scene-1094_008,yaw_deg,-1.00000000,0,Car,20.50119041,17.29564080,0,0.42655082,72,42,58.33333333,30.61686088
nuscenes,scene-1094_008,yaw_deg,-1.00000000,1,Pedestrian,20.25364185,20.06828801,0,0.00000000,8,2,25.00000000,22.97395190
nuscenes,scene-1094_008,yaw_deg,-1.00000000,4,Car,8.12341366,7.29887424,0,0.03372858,481,481,100.00000000,27.86660400
nuscenes,scene-1094_008,yaw_deg,-1.00000000,8,Car,29.23380287,28.98057447,1,0.00000000,18,18,100.00000000,23.11072784
nuscenes,scene-1094_008,yaw_deg,-1.00000000,10,Pedestrian,21.54888822,20.49056921,0,0.00000000,6,6,100.00000000,24.98876119
nuscenes,scene-1094_008,yaw_deg,-1.00000000,12,Car,25.89270613,23.63207305,2,0.00000000,62,62,100.00000000,27.01867013
nuscenes,scene-1094_008,yaw_deg,-1.00000000,13,Pedestrian,12.39510333,12.19443915,0,0.00000000,20,20,100.00000000,23.57438363
nuscenes,scene-1094_008,yaw_deg,-1.00000000,14,Pedestrian,20.25644131,20.11945204,2,0.00000000,7,1,14.28571429,22.87623784
nuscenes,scene-1094_008,yaw_deg,-0.50000000,0,Car,20.50119041,17.29564080,0,0.42655082,72,34,47.22222222,15.38778693
nuscenes,scene-1094_008,yaw_deg,-0.50000000,1,Pedestrian,20.25364185,20.06828801,0,0.00000000,8,6,75.00000000,11.49444411
nuscenes,scene-1094_008,yaw_deg,-0.50000000,4,Car,8.12341366,7.29887424,0,0.03372858,481,481,100.00000000,13.98104855
nuscenes,scene-1094_008,yaw_deg,-0.50000000,8,Car,29.23380287,28.98057447,1,0.00000000,18,18,100.00000000,11.57040088
nuscenes,scene-1094_008,yaw_deg,-0.50000000,10,Pedestrian,21.54888822,20.49056921,0,0.00000000,6,6,100.00000000,12.45989371
nuscenes,scene-1094_008,yaw_deg,-0.50000000,12,Car,25.89270613,23.63207305,2,0.00000000,62,62,100.00000000,13.56182495
nuscenes,scene-1094_008,yaw_deg,-0.50000000,13,Pedestrian,12.39510333,12.19443915,0,0.00000000,20,20,100.00000000,11.79777567
nuscenes,scene-1094_008,yaw_deg,-0.50000000,14,Pedestrian,20.25644131,20.11945204,2,0.00000000,7,6,85.71428571,11.44099793
nuscenes,scene-1094_008,yaw_deg,0.00000000,0,Car,20.50119041,17.29564080,0,0.42655082,72,31,43.05555556,0.00000000
nuscenes,scene-1094_008,yaw_deg,0.00000000,1,Pedestrian,20.25364185,20.06828801,0,0.00000000,8,8,100.00000000,0.00000000
nuscenes,scene-1094_008,yaw_deg,0.00000000,4,Car,8.12341366,7.29887424,0,0.03372858,481,481,100.00000000,0.00000000
nuscenes,scene-1094_008,yaw_deg,0.00000000,8,Car,29.23380287,28.98057447,1,0.00000000,18,18,100.00000000,0.00000000
nuscenes,scene-1094_008,yaw_deg,0.00000000,10,Pedestrian,21.54888822,20.49056921,0,0.00000000,6,6,100.00000000,0.00000000
nuscenes,scene-1094_008,yaw_deg,0.00000000,12,Car,25.89270613,23.63207305,2,0.00000000,62,62,100.00000000,0.00000000
nuscenes,scene-1094_008,yaw_deg,0.00000000,13,Pedestrian,12.39510333,12.19443915,0,0.00000000,20,20,100.00000000,0.00000000
nuscenes,scene-1094_008,yaw_deg,0.00000000,14,Pedestrian,20.25644131,20.11945204,2,0.00000000,7,7,100.00000000,0.00000000
nuscenes,scene-1094_008,yaw_deg,0.50000000,0,Car,20.50119041,17.29564080,0,0.42655082,72,26,36.11111111,15.42858651
nuscenes,scene-1094_008,yaw_deg,0.50000000,1,Pedestrian,20.25364185,20.06828801,0,0.00000000,8,7,87.50000000,11.51125390
nuscenes,scene-1094_008,yaw_deg,0.50000000,4,Car,8.12341366,7.29887424,0,0.03372858,481,480,99.79209979,14.07182670
nuscenes,scene-1094_008,yaw_deg,0.50000000,8,Car,29.23380287,28.98057447,1,0.00000000,18,18,100.00000000,11.60242386
nuscenes,scene-1094_008,yaw_deg,0.50000000,10,Pedestrian,21.54888822,20.49056921,0,0.00000000,6,6,100.00000000,12.39345645
nuscenes,scene-1094_008,yaw_deg,0.50000000,12,Car,25.89270613,23.63207305,2,0.00000000,62,62,100.00000000,13.67020379
nuscenes,scene-1094_008,yaw_deg,0.50000000,13,Pedestrian,12.39510333,12.19443915,0,0.00000000,20,20,100.00000000,11.82095649
nuscenes,scene-1094_008,yaw_deg,0.50000000,14,Pedestrian,20.25644131,20.11945204,2,0.00000000,7,6,85.71428571,11.44879681
nuscenes,scene-1094_008,yaw_deg,1.00000000,0,Car,20.50119041,17.29564080,0,0.42655082,72,23,31.94444444,30.91385612
nuscenes,scene-1094_008,yaw_deg,1.00000000,1,Pedestrian,20.25364185,20.06828801,0,0.00000000,8,6,75.00000000,23.04120187
nuscenes,scene-1094_008,yaw_deg,1.00000000,4,Car,8.12341366,7.29887424,0,0.03372858,481,474,98.54469854,28.22832869
nuscenes,scene-1094_008,yaw_deg,1.00000000,8,Car,29.23380287,28.98057447,1,0.00000000,18,16,88.88888889,23.23884059
nuscenes,scene-1094_008,yaw_deg,1.00000000,10,Pedestrian,21.54888822,20.49056921,0,0.00000000,6,4,66.66666667,24.72296439
nuscenes,scene-1094_008,yaw_deg,1.00000000,12,Car,25.89270613,23.63207305,2,0.00000000,62,61,98.38709677,27.45227422
nuscenes,scene-1094_008,yaw_deg,1.00000000,13,Pedestrian,12.39510333,12.19443915,0,0.00000000,20,20,100.00000000,23.66712236
nuscenes,scene-1094_008,yaw_deg,1.00000000,14,Pedestrian,20.25644131,20.11945204,2,0.00000000,7,3,42.85714286,22.90813076
nuscenes,scene-1094_008,yaw_deg,2.00000000,0,Car,20.50119041,17.29564080,0,0.42655082,72,14,19.44444444,61.62933192
nuscenes,scene-1094_008,yaw_deg,2.00000000,1,Pedestrian,20.25364185,20.06828801,0,0.00000000,8,0,0.00000000,46.16477860
nuscenes,scene-1094_008,yaw_deg,2.00000000,4,Car,8.12341366,7.29887424,0,0.03372858,481,455,94.59459459,56.62189761
nuscenes,scene-1094_008,yaw_deg,2.00000000,8,Car,29.23380287,28.98057447,1,0.00000000,18,11,61.11111111,46.62164479
nuscenes,scene-1094_008,yaw_deg,2.00000000,10,Pedestrian,21.54888822,20.49056921,0,0.00000000,6,0,0.00000000,49.19986370
nuscenes,scene-1094_008,yaw_deg,2.00000000,12,Car,25.89270613,23.63207305,2,0.00000000,62,58,93.54838710,55.36643324
nuscenes,scene-1094_008,yaw_deg,2.00000000,13,Pedestrian,12.39510333,12.19443915,0,0.00000000,20,18,90.00000000,47.44328211
nuscenes,scene-1094_008,yaw_deg,2.00000000,14,Pedestrian,20.25644131,20.11945204,2,0.00000000,7,0,0.00000000,45.86582159
nuscenes,scene-1094_008,yaw_deg,3.00000000,0,Car,20.50119041,17.29564080,0,0.42655082,72,7,9.72222222,92.52906100
nuscenes,scene-1094_008,yaw_deg,3.00000000,1,Pedestrian,20.25364185,20.06828801,0,0.00000000,8,0,0.00000000,69.38606818
nuscenes,scene-1094_008,yaw_deg,3.00000000,4,Car,8.12341366,7.29887424,0,0.03372858,481,436,90.64449064,85.18703168
nuscenes,scene-1094_008,yaw_deg,3.00000000,8,Car,29.23380287,28.98057447,1,0.00000000,18,6,33.33333333,70.16464181
nuscenes,scene-1094_008,yaw_deg,3.00000000,10,Pedestrian,21.54888822,20.49056921,0,0.00000000,6,0,0.00000000,73.44973208
nuscenes,scene-1094_008,yaw_deg,3.00000000,12,Car,25.89270613,23.63207305,2,0.00000000,62,52,83.87096774,83.74120839
nuscenes,scene-1094_008,yaw_deg,3.00000000,13,Pedestrian,12.39510333,12.19443915,0,0.00000000,20,8,40.00000000,71.34507046
nuscenes,scene-1094_008,yaw_deg,3.00000000,14,Pedestrian,20.25644131,20.11945204,2,0.00000000,7,0,0.00000000,68.88798210
nuscenes,scene-1094_009,yaw_deg,-3.00000000,0,Car,19.37878605,16.07100821,0,0.57108247,19,6,31.57894737,
nuscenes,scene-1094_009,yaw_deg,-3.00000000,1,Pedestrian,19.47217596,19.33205964,1,0.00000000,6,0,0.00000000,68.81419042
nuscenes,scene-1094_009,yaw_deg,-3.00000000,4,Car,8.31153201,6.94382866,0,0.40176371,473,346,73.15010571,88.40724320
nuscenes,scene-1094_009,yaw_deg,-3.00000000,5,Pedestrian,27.16020379,23.74542362,0,0.00000000,6,0,0.00000000,90.25663235
nuscenes,scene-1094_009,yaw_deg,-3.00000000,7,Pedestrian,26.17605061,25.05632985,0,0.00000000,5,0,0.00000000,72.87992421
nuscenes,scene-1094_009,yaw_deg,-3.00000000,9,Car,27.83335152,27.62258200,1,0.00000000,11,11,100.00000000,69.20032747
nuscenes,scene-1094_009,yaw_deg,-3.00000000,11,Pedestrian,20.64716166,19.32022530,0,0.00000000,7,0,0.00000000,79.49476924
nuscenes,scene-1094_009,yaw_deg,-3.00000000,13,Car,24.61037450,22.34044464,2,0.00000000,84,71,84.52380952,80.67616095
nuscenes,scene-1094_009,yaw_deg,-3.00000000,14,Pedestrian,11.36973408,11.21748427,0,0.00000000,26,17,65.38461538,70.64271319
nuscenes,scene-1094_009,yaw_deg,-3.00000000,15,Pedestrian,19.52732335,19.43327180,2,0.00000000,9,0,0.00000000,68.67418033
nuscenes,scene-1094_009,yaw_deg,-2.00000000,0,Car,19.37878605,16.07100821,0,0.57108247,19,3,15.78947368,
nuscenes,scene-1094_009,yaw_deg,-2.00000000,1,Pedestrian,19.47217596,19.33205964,1,0.00000000,6,0,0.00000000,45.90905075
nuscenes,scene-1094_009,yaw_deg,-2.00000000,4,Car,8.31153201,6.94382866,0,0.40176371,473,339,71.67019027,59.43015009
nuscenes,scene-1094_009,yaw_deg,-2.00000000,5,Pedestrian,27.16020379,23.74542362,0,0.00000000,6,0,0.00000000,60.17925750
nuscenes,scene-1094_009,yaw_deg,-2.00000000,7,Pedestrian,26.17605061,25.05632985,0,0.00000000,5,0,0.00000000,48.81444187
nuscenes,scene-1094_009,yaw_deg,-2.00000000,9,Car,27.83335152,27.62258200,1,0.00000000,11,11,100.00000000,46.24379201
nuscenes,scene-1094_009,yaw_deg,-2.00000000,11,Pedestrian,20.64716166,19.32022530,0,0.00000000,7,0,0.00000000,52.61346110
nuscenes,scene-1094_009,yaw_deg,-2.00000000,13,Car,24.61037450,22.34044464,2,0.00000000,84,76,90.47619048,54.18944378
nuscenes,scene-1094_009,yaw_deg,-2.00000000,14,Pedestrian,11.36973408,11.21748427,0,0.00000000,26,23,88.46153846,47.14609648
nuscenes,scene-1094_009,yaw_deg,-2.00000000,15,Pedestrian,19.52732335,19.43327180,2,0.00000000,9,0,0.00000000,45.78300543
nuscenes,scene-1094_009,yaw_deg,-1.00000000,0,Car,19.37878605,16.07100821,0,0.57108247,19,1,5.26315789,
nuscenes,scene-1094_009,yaw_deg,-1.00000000,1,Pedestrian,19.47217596,19.33205964,1,0.00000000,6,3,50.00000000,22.97592393
nuscenes,scene-1094_009,yaw_deg,-1.00000000,4,Car,8.31153201,6.94382866,0,0.40176371,473,327,69.13319239,29.97215417
nuscenes,scene-1094_009,yaw_deg,-1.00000000,5,Pedestrian,27.16020379,23.74542362,0,0.00000000,6,1,16.66666667,29.78380784
nuscenes,scene-1094_009,yaw_deg,-1.00000000,7,Pedestrian,26.17605061,25.05632985,0,0.00000000,5,5,100.00000000,24.52734683
nuscenes,scene-1094_009,yaw_deg,-1.00000000,9,Car,27.83335152,27.62258200,1,0.00000000,11,11,100.00000000,23.18214251
nuscenes,scene-1094_009,yaw_deg,-1.00000000,11,Pedestrian,20.64716166,19.32022530,0,0.00000000,7,3,42.85714286,26.12353835
nuscenes,scene-1094_009,yaw_deg,-1.00000000,13,Car,24.61037450,22.34044464,2,0.00000000,84,82,97.61904762,27.30618407
nuscenes,scene-1094_009,yaw_deg,-1.00000000,14,Pedestrian,11.36973408,11.21748427,0,0.00000000,26,25,96.15384615,23.60380908
nuscenes,scene-1094_009,yaw_deg,-1.00000000,15,Pedestrian,19.52732335,19.43327180,2,0.00000000,9,6,66.66666667,22.89560986
nuscenes,scene-1094_009,yaw_deg,-0.50000000,0,Car,19.37878605,16.07100821,0,0.57108247,19,0,0.00000000,
nuscenes,scene-1094_009,yaw_deg,-0.50000000,1,Pedestrian,19.47217596,19.33205964,1,0.00000000,6,6,100.00000000,11.49424106
nuscenes,scene-1094_009,yaw_deg,-0.50000000,4,Car,8.31153201,6.94382866,0,0.40176371,473,313,66.17336152,15.05249664
nuscenes,scene-1094_009,yaw_deg,-0.50000000,5,Pedestrian,27.16020379,23.74542362,0,0.00000000,6,5,83.33333333,14.81777906
nuscenes,scene-1094_009,yaw_deg,-0.50000000,7,Pedestrian,26.17605061,25.05632985,0,0.00000000,5,5,100.00000000,12.29489545
nuscenes,scene-1094_009,yaw_deg,-0.50000000,9,Car,27.83335152,27.62258200,1,0.00000000,11,11,100.00000000,11.60710579
nuscenes,scene-1094_009,yaw_deg,-0.50000000,11,Pedestrian,20.64716166,19.32022530,0,0.00000000,7,6,85.71428571,13.01748792
nuscenes,scene-1094_009,yaw_deg,-0.50000000,13,Car,24.61037450,22.34044464,2,0.00000000,84,84,100.00000000,13.70765880
nuscenes,scene-1094_009,yaw_deg,-0.50000000,14,Pedestrian,11.36973408,11.21748427,0,0.00000000,26,26,100.00000000,11.81059133
nuscenes,scene-1094_009,yaw_deg,-0.50000000,15,Pedestrian,19.52732335,19.43327180,2,0.00000000,9,9,100.00000000,11.44975025
nuscenes,scene-1094_009,yaw_deg,0.00000000,0,Car,19.37878605,16.07100821,0,0.57108247,19,0,0.00000000,
nuscenes,scene-1094_009,yaw_deg,0.00000000,1,Pedestrian,19.47217596,19.33205964,1,0.00000000,6,6,100.00000000,0.00000000
nuscenes,scene-1094_009,yaw_deg,0.00000000,4,Car,8.31153201,6.94382866,0,0.40176371,473,300,63.42494715,0.00000000
nuscenes,scene-1094_009,yaw_deg,0.00000000,5,Pedestrian,27.16020379,23.74542362,0,0.00000000,6,6,100.00000000,0.00000000
nuscenes,scene-1094_009,yaw_deg,0.00000000,7,Pedestrian,26.17605061,25.05632985,0,0.00000000,5,5,100.00000000,0.00000000
nuscenes,scene-1094_009,yaw_deg,0.00000000,9,Car,27.83335152,27.62258200,1,0.00000000,11,11,100.00000000,0.00000000
nuscenes,scene-1094_009,yaw_deg,0.00000000,11,Pedestrian,20.64716166,19.32022530,0,0.00000000,7,7,100.00000000,0.00000000
nuscenes,scene-1094_009,yaw_deg,0.00000000,13,Car,24.61037450,22.34044464,2,0.00000000,84,84,100.00000000,0.00000000
nuscenes,scene-1094_009,yaw_deg,0.00000000,14,Pedestrian,11.36973408,11.21748427,0,0.00000000,26,26,100.00000000,0.00000000
nuscenes,scene-1094_009,yaw_deg,0.00000000,15,Pedestrian,19.52732335,19.43327180,2,0.00000000,9,9,100.00000000,0.00000000
nuscenes,scene-1094_009,yaw_deg,0.50000000,0,Car,19.37878605,16.07100821,0,0.57108247,19,0,0.00000000,
nuscenes,scene-1094_009,yaw_deg,0.50000000,1,Pedestrian,19.47217596,19.33205964,1,0.00000000,6,5,83.33333333,11.50866796
nuscenes,scene-1094_009,yaw_deg,0.50000000,4,Car,8.31153201,6.94382866,0,0.40176371,473,288,60.88794926,15.16203577
nuscenes,scene-1094_009,yaw_deg,0.50000000,5,Pedestrian,27.16020379,23.74542362,0,0.00000000,6,5,83.33333333,14.67401733
nuscenes,scene-1094_009,yaw_deg,0.50000000,7,Pedestrian,26.17605061,25.05632985,0,0.00000000,5,5,100.00000000,12.35977531
nuscenes,scene-1094_009,yaw_deg,0.50000000,9,Car,27.83335152,27.62258200,1,0.00000000,11,11,100.00000000,11.64114644
nuscenes,scene-1094_009,yaw_deg,0.50000000,11,Pedestrian,20.64716166,19.32022530,0,0.00000000,7,7,100.00000000,12.93187286
nuscenes,scene-1094_009,yaw_deg,0.50000000,13,Car,24.61037450,22.34044464,2,0.00000000,84,84,100.00000000,13.82030590
nuscenes,scene-1094_009,yaw_deg,0.50000000,14,Pedestrian,11.36973408,11.21748427,0,0.00000000,26,26,100.00000000,11.82970104
nuscenes,scene-1094_009,yaw_deg,0.50000000,15,Pedestrian,19.52732335,19.43327180,2,0.00000000,9,8,88.88888889,11.45548077
nuscenes,scene-1094_009,yaw_deg,1.00000000,0,Car,19.37878605,16.07100821,0,0.57108247,19,0,0.00000000,
nuscenes,scene-1094_009,yaw_deg,1.00000000,1,Pedestrian,19.47217596,19.33205964,1,0.00000000,6,4,66.66666667,23.03364081
nuscenes,scene-1094_009,yaw_deg,1.00000000,4,Car,8.31153201,6.94382866,0,0.40176371,473,279,58.98520085,30.33354089
nuscenes,scene-1094_009,yaw_deg,1.00000000,5,Pedestrian,27.16020379,23.74542362,0,0.00000000,6,3,50.00000000,29.20862982
nuscenes,scene-1094_009,yaw_deg,1.00000000,7,Pedestrian,26.17605061,25.05632985,0,0.00000000,5,4,80.00000000,24.78691246
nuscenes,scene-1094_009,yaw_deg,1.00000000,9,Car,27.83335152,27.62258200,1,0.00000000,11,10,90.90909091,23.31832737
nuscenes,scene-1094_009,yaw_deg,1.00000000,11,Pedestrian,20.64716166,19.32022530,0,0.00000000,7,6,85.71428571,25.78101268
nuscenes,scene-1094_009,yaw_deg,1.00000000,13,Car,24.61037450,22.34044464,2,0.00000000,84,83,98.80952381,27.75686606
nuscenes,scene-1094_009,yaw_deg,1.00000000,14,Pedestrian,11.36973408,11.21748427,0,0.00000000,26,26,100.00000000,23.68012347
nuscenes,scene-1094_009,yaw_deg,1.00000000,15,Pedestrian,19.52732335,19.43327180,2,0.00000000,9,2,22.22222222,22.91853564
nuscenes,scene-1094_009,yaw_deg,2.00000000,0,Car,19.37878605,16.07100821,0,0.57108247,19,0,0.00000000,
nuscenes,scene-1094_009,yaw_deg,2.00000000,1,Pedestrian,19.47217596,19.33205964,1,0.00000000,6,0,0.00000000,46.14006685
nuscenes,scene-1094_009,yaw_deg,2.00000000,4,Car,8.31153201,6.94382866,0,0.40176371,473,248,52.43128964,60.51008771
nuscenes,scene-1094_009,yaw_deg,2.00000000,5,Pedestrian,27.16020379,23.74542362,0,0.00000000,6,0,0.00000000,57.87644579
nuscenes,scene-1094_009,yaw_deg,2.00000000,7,Pedestrian,26.17605061,25.05632985,0,0.00000000,5,0,0.00000000,49.85344421
nuscenes,scene-1094_009,yaw_deg,2.00000000,9,Car,27.83335152,27.62258200,1,0.00000000,11,7,63.63636364,46.78888794
nuscenes,scene-1094_009,yaw_deg,2.00000000,11,Pedestrian,20.64716166,19.32022530,0,0.00000000,7,2,28.57142857,51.24231063
nuscenes,scene-1094_009,yaw_deg,2.00000000,13,Car,24.61037450,22.34044464,2,0.00000000,84,77,91.66666667,55.96944558
nuscenes,scene-1094_009,yaw_deg,2.00000000,14,Pedestrian,11.36973408,11.21748427,0,0.00000000,26,24,92.30769231,47.45126082
nuscenes,scene-1094_009,yaw_deg,2.00000000,15,Pedestrian,19.52732335,19.43327180,2,0.00000000,9,0,0.00000000,45.87476734
nuscenes,scene-1094_009,yaw_deg,3.00000000,0,Car,19.37878605,16.07100821,0,0.57108247,19,0,0.00000000,
nuscenes,scene-1094_009,yaw_deg,3.00000000,1,Pedestrian,19.47217596,19.33205964,1,0.00000000,6,0,0.00000000,69.33453458
nuscenes,scene-1094_009,yaw_deg,3.00000000,4,Car,8.31153201,6.94382866,0,0.40176371,473,217,45.87737844,90.43005688
nuscenes,scene-1094_009,yaw_deg,3.00000000,5,Pedestrian,27.16020379,23.74542362,0,0.00000000,6,0,0.00000000,86.03588795
nuscenes,scene-1094_009,yaw_deg,3.00000000,7,Pedestrian,26.17605061,25.05632985,0,0.00000000,5,0,0.00000000,75.22045832
nuscenes,scene-1094_009,yaw_deg,3.00000000,9,Car,27.83335152,27.62258200,1,0.00000000,11,4,36.36363636,70.42813221
nuscenes,scene-1094_009,yaw_deg,3.00000000,11,Pedestrian,20.64716166,19.32022530,0,0.00000000,7,0,0.00000000,76.40574437
nuscenes,scene-1094_009,yaw_deg,3.00000000,13,Car,24.61037450,22.34044464,2,0.00000000,84,71,84.52380952,83.82799758
nuscenes,scene-1094_009,yaw_deg,3.00000000,14,Pedestrian,11.36973408,11.21748427,0,0.00000000,26,10,38.46153846,71.32985943
nuscenes,scene-1094_009,yaw_deg,3.00000000,15,Pedestrian,19.52732335,19.43327180,2,0.00000000,9,0,0.00000000,68.88950258
nuscenes,scene-1094_010,yaw_deg,-3.00000000,0,Car,18.26558050,15.28674932,0,0.49515351,13,10,76.92307692,90.85251073
nuscenes,scene-1094_010,yaw_deg,-3.00000000,4,Car,8.81089466,6.83130918,0,0.71107016,422,162,38.38862559,93.70137659
nuscenes,scene-1094_010,yaw_deg,-3.00000000,5,Pedestrian,18.83894146,18.75530575,0,0.00000000,7,0,0.00000000,68.74694376
nuscenes,scene-1094_010,yaw_deg,-3.00000000,7,Pedestrian,29.38887226,27.94036741,0,0.00000000,5,0,0.00000000,76.07984171
nuscenes,scene-1094_010,yaw_deg,-3.00000000,8,Car,26.46255542,26.38696699,0,0.00000000,24,22,91.66666667,68.28198594
nuscenes,scene-1094_010,yaw_deg,-3.00000000,9,Pedestrian,19.93704026,17.91802131,0,0.00000000,11,0,0.00000000,86.81920695
nuscenes,scene-1094_010,yaw_deg,-3.00000000,10,Car,21.22381722,18.74968341,2,0.09468011,32,22,68.75000000,81.84084852
nuscenes,scene-1094_010,yaw_deg,-3.00000000,11,Car,23.33863777,21.45951396,0,0.00000000,115,102,88.69565217,77.01618889
nuscenes,scene-1094_010,yaw_deg,-3.00000000,12,Pedestrian,10.42343507,10.31915030,0,0.00000000,36,25,69.44444444,70.81206184
nuscenes,scene-1094_010,yaw_deg,-3.00000000,13,Pedestrian,18.67079317,18.59739494,2,0.00000000,6,0,0.00000000,69.04040241
nuscenes,scene-1094_010,yaw_deg,-3.00000000,15,Bicycle,22.79580360,21.93970047,0,0.00000000,5,1,20.00000000,74.37501957
nuscenes,scene-1094_010,yaw_deg,-2.00000000,0,Car,18.26558050,15.28674932,0,0.49515351,13,7,53.84615385,61.17513732
nuscenes,scene-1094_010,yaw_deg,-2.00000000,4,Car,8.81089466,6.83130918,0,0.71107016,422,153,36.25592417,63.08416445
nuscenes,scene-1094_010,yaw_deg,-2.00000000,5,Pedestrian,18.83894146,18.75530575,0,0.00000000,7,0,0.00000000,45.83987463
nuscenes,scene-1094_010,yaw_deg,-2.00000000,7,Pedestrian,29.38887226,27.94036741,0,0.00000000,5,0,0.00000000,50.40172942
nuscenes,scene-1094_010,yaw_deg,-2.00000000,8,Car,26.46255542,26.38696699,0,0.00000000,24,24,100.00000000,45.57036803
nuscenes,scene-1094_010,yaw_deg,-2.00000000,9,Pedestrian,19.93704026,17.91802131,0,0.00000000,11,0,0.00000000,57.34108128
nuscenes,scene-1094_010,yaw_deg,-2.00000000,10,Car,21.22381722,18.74968341,2,0.09468011,32,27,84.37500000,54.98620396
nuscenes,scene-1094_010,yaw_deg,-2.00000000,11,Car,23.33863777,21.45951396,0,0.00000000,115,106,92.17391304,51.66555666
nuscenes,scene-1094_010,yaw_deg,-2.00000000,12,Pedestrian,10.42343507,10.31915030,0,0.00000000,36,31,86.11111111,47.18197079
nuscenes,scene-1094_010,yaw_deg,-2.00000000,13,Pedestrian,18.67079317,18.59739494,2,0.00000000,6,0,0.00000000,45.97411485
nuscenes,scene-1094_010,yaw_deg,-2.00000000,15,Bicycle,22.79580360,21.93970047,0,0.00000000,5,3,60.00000000,49.31647817
nuscenes,scene-1094_010,yaw_deg,-1.00000000,0,Car,18.26558050,15.28674932,0,0.49515351,13,4,30.76923077,30.90364529
nuscenes,scene-1094_010,yaw_deg,-1.00000000,4,Car,8.81089466,6.83130918,0,0.71107016,422,137,32.46445498,31.86375968
nuscenes,scene-1094_010,yaw_deg,-1.00000000,5,Pedestrian,18.83894146,18.75530575,0,0.00000000,7,2,28.57142857,22.92832232
nuscenes,scene-1094_010,yaw_deg,-1.00000000,7,Pedestrian,29.38887226,27.94036741,0,0.00000000,5,3,60.00000000,25.04904511
nuscenes,scene-1094_010,yaw_deg,-1.00000000,8,Car,26.46255542,26.38696699,0,0.00000000,24,24,100.00000000,22.81456243
nuscenes,scene-1094_010,yaw_deg,-1.00000000,9,Pedestrian,19.93704026,17.91802131,0,0.00000000,11,7,63.63636364,28.41239295
nuscenes,scene-1094_010,yaw_deg,-1.00000000,10,Car,21.22381722,18.74968341,2,0.09468011,32,30,93.75000000,27.71510027
nuscenes,scene-1094_010,yaw_deg,-1.00000000,11,Car,23.33863777,21.45951396,0,0.00000000,115,111,96.52173913,26.00099659
nuscenes,scene-1094_010,yaw_deg,-1.00000000,12,Pedestrian,10.42343507,10.31915030,0,0.00000000,36,36,100.00000000,23.58209787
nuscenes,scene-1094_010,yaw_deg,-1.00000000,13,Pedestrian,18.67079317,18.59739494,2,0.00000000,6,3,50.00000000,22.96554343
nuscenes,scene-1094_010,yaw_deg,-1.00000000,15,Bicycle,22.79580360,21.93970047,0,0.00000000,5,4,80.00000000,24.53145403
nuscenes,scene-1094_010,yaw_deg,-0.50000000,0,Car,18.26558050,15.28674932,0,0.49515351,13,2,15.38461538,15.53331114
nuscenes,scene-1094_010,yaw_deg,-0.50000000,4,Car,8.81089466,6.83130918,0,0.71107016,422,126,29.85781991,16.01490583
nuscenes,scene-1094_010,yaw_deg,-0.50000000,5,Pedestrian,18.83894146,18.75530575,0,0.00000000,7,4,57.14285714,11.46681225
nuscenes,scene-1094_010,yaw_deg,-0.50000000,7,Pedestrian,29.38887226,27.94036741,0,0.00000000,5,5,100.00000000,12.48789369
nuscenes,scene-1094_010,yaw_deg,-0.50000000,8,Car,26.46255542,26.38696699,0,0.00000000,24,24,100.00000000,11.41554178
nuscenes,scene-1094_010,yaw_deg,-0.50000000,9,Pedestrian,19.93704026,17.91802131,0,0.00000000,11,10,90.90909091,14.14365832
nuscenes,scene-1094_010,yaw_deg,-0.50000000,10,Car,21.22381722,18.74968341,2,0.09468011,32,32,100.00000000,13.91482684
nuscenes,scene-1094_010,yaw_deg,-0.50000000,11,Car,23.33863777,21.45951396,0,0.00000000,115,113,98.26086957,13.04399859
nuscenes,scene-1094_010,yaw_deg,-0.50000000,12,Pedestrian,10.42343507,10.31915030,0,0.00000000,36,36,100.00000000,11.79204621
nuscenes,scene-1094_010,yaw_deg,-0.50000000,13,Pedestrian,18.67079317,18.59739494,2,0.00000000,6,5,83.33333333,11.47802585
nuscenes,scene-1094_010,yaw_deg,-0.50000000,15,Bicycle,22.79580360,21.93970047,0,0.00000000,5,5,100.00000000,12.23524848
nuscenes,scene-1094_010,yaw_deg,0.00000000,0,Car,18.26558050,15.28674932,0,0.49515351,13,2,15.38461538,0.00000000
nuscenes,scene-1094_010,yaw_deg,0.00000000,4,Car,8.81089466,6.83130918,0,0.71107016,422,114,27.01421801,0.00000000
nuscenes,scene-1094_010,yaw_deg,0.00000000,5,Pedestrian,18.83894146,18.75530575,0,0.00000000,7,7,100.00000000,0.00000000
nuscenes,scene-1094_010,yaw_deg,0.00000000,7,Pedestrian,29.38887226,27.94036741,0,0.00000000,5,5,100.00000000,0.00000000
nuscenes,scene-1094_010,yaw_deg,0.00000000,8,Car,26.46255542,26.38696699,0,0.00000000,24,24,100.00000000,0.00000000
nuscenes,scene-1094_010,yaw_deg,0.00000000,9,Pedestrian,19.93704026,17.91802131,0,0.00000000,11,11,100.00000000,0.00000000
nuscenes,scene-1094_010,yaw_deg,0.00000000,10,Car,21.22381722,18.74968341,2,0.09468011,32,32,100.00000000,0.00000000
nuscenes,scene-1094_010,yaw_deg,0.00000000,11,Car,23.33863777,21.45951396,0,0.00000000,115,115,100.00000000,0.00000000
nuscenes,scene-1094_010,yaw_deg,0.00000000,12,Pedestrian,10.42343507,10.31915030,0,0.00000000,36,36,100.00000000,0.00000000
nuscenes,scene-1094_010,yaw_deg,0.00000000,13,Pedestrian,18.67079317,18.59739494,2,0.00000000,6,6,100.00000000,0.00000000
nuscenes,scene-1094_010,yaw_deg,0.00000000,15,Bicycle,22.79580360,21.93970047,0,0.00000000,5,5,100.00000000,0.00000000
nuscenes,scene-1094_010,yaw_deg,0.50000000,0,Car,18.26558050,15.28674932,0,0.49515351,13,1,7.69230769,15.29289051
nuscenes,scene-1094_010,yaw_deg,0.50000000,4,Car,8.81089466,6.83130918,0,0.71107016,422,102,24.17061611,16.08462658
nuscenes,scene-1094_010,yaw_deg,0.50000000,5,Pedestrian,18.83894146,18.75530575,0,0.00000000,7,7,100.00000000,11.47396219
nuscenes,scene-1094_010,yaw_deg,0.50000000,7,Pedestrian,29.38887226,27.94036741,0,0.00000000,5,5,100.00000000,12.41722073
nuscenes,scene-1094_010,yaw_deg,0.50000000,8,Car,26.46255542,26.38696699,0,0.00000000,24,24,100.00000000,11.43390766
nuscenes,scene-1094_010,yaw_deg,0.50000000,9,Pedestrian,19.93704026,17.91802131,0,0.00000000,11,11,100.00000000,14.02244294
nuscenes,scene-1094_010,yaw_deg,0.50000000,10,Car,21.22381722,18.74968341,2,0.09468011,32,32,100.00000000,14.03305351
nuscenes,scene-1094_010,yaw_deg,0.50000000,11,Car,23.33863777,21.45951396,0,0.00000000,115,115,100.00000000,13.13397336
nuscenes,scene-1094_010,yaw_deg,0.50000000,12,Pedestrian,10.42343507,10.31915030,0,0.00000000,36,36,100.00000000,11.79314163
nuscenes,scene-1094_010,yaw_deg,0.50000000,13,Pedestrian,18.67079317,18.59739494,2,0.00000000,6,6,100.00000000,11.47038901
nuscenes,scene-1094_010,yaw_deg,0.50000000,15,Bicycle,22.79580360,21.93970047,0,0.00000000,5,5,100.00000000,12.17667257
nuscenes,scene-1094_010,yaw_deg,1.00000000,0,Car,18.26558050,15.28674932,0,0.49515351,13,1,7.69230769,30.74640603
nuscenes,scene-1094_010,yaw_deg,1.00000000,4,Car,8.81089466,6.83130918,0,0.71107016,422,90,21.32701422,32.18419351
nuscenes,scene-1094_010,yaw_deg,1.00000000,5,Pedestrian,18.83894146,18.75530575,0,0.00000000,7,5,71.42857143,22.95692668
nuscenes,scene-1094_010,yaw_deg,1.00000000,7,Pedestrian,29.38887226,27.94036741,0,0.00000000,5,2,40.00000000,24.76630224
nuscenes,scene-1094_010,yaw_deg,1.00000000,8,Car,26.46255542,26.38696699,0,0.00000000,24,24,100.00000000,22.88803768
nuscenes,scene-1094_010,yaw_deg,1.00000000,9,Pedestrian,19.93704026,17.91802131,0,0.00000000,11,11,100.00000000,27.92742766
nuscenes,scene-1094_010,yaw_deg,1.00000000,10,Car,21.22381722,18.74968341,2,0.09468011,32,32,100.00000000,28.18810719
nuscenes,scene-1094_010,yaw_deg,1.00000000,11,Car,23.33863777,21.45951396,0,0.00000000,115,115,100.00000000,26.36096536
nuscenes,scene-1094_010,yaw_deg,1.00000000,12,Pedestrian,10.42343507,10.31915030,0,0.00000000,36,36,100.00000000,23.58988467
nuscenes,scene-1094_010,yaw_deg,1.00000000,13,Pedestrian,18.67079317,18.59739494,2,0.00000000,6,3,50.00000000,22.93499121
nuscenes,scene-1094_010,yaw_deg,1.00000000,15,Bicycle,22.79580360,21.93970047,0,0.00000000,5,5,100.00000000,24.29710932
nuscenes,scene-1094_010,yaw_deg,2.00000000,0,Car,18.26558050,15.28674932,0,0.49515351,13,1,7.69230769,62.15568277
nuscenes,scene-1094_010,yaw_deg,2.00000000,4,Car,8.81089466,6.83130918,0,0.71107016,422,66,15.63981043,63.99670073
nuscenes,scene-1094_010,yaw_deg,2.00000000,5,Pedestrian,18.83894146,18.75530575,0,0.00000000,7,0,0.00000000,45.95730207
nuscenes,scene-1094_010,yaw_deg,2.00000000,7,Pedestrian,29.38887226,27.94036741,0,0.00000000,5,0,0.00000000,49.26994062
nuscenes,scene-1094_010,yaw_deg,2.00000000,8,Car,26.46255542,26.38696699,0,0.00000000,24,22,91.66666667,45.86445654
nuscenes,scene-1094_010,yaw_deg,2.00000000,9,Pedestrian,19.93704026,17.91802131,0,0.00000000,11,4,36.36363636,55.39955845
nuscenes,scene-1094_010,yaw_deg,2.00000000,10,Car,21.22381722,18.74968341,2,0.09468011,32,32,100.00000000,56.87983679
nuscenes,scene-1094_010,yaw_deg,2.00000000,11,Car,23.33863777,21.45951396,0,0.00000000,115,110,95.65217391,53.10654777
nuscenes,scene-1094_010,yaw_deg,2.00000000,12,Pedestrian,10.42343507,10.31915030,0,0.00000000,36,33,91.66666667,47.18967664
nuscenes,scene-1094_010,yaw_deg,2.00000000,13,Pedestrian,18.67079317,18.59739494,2,0.00000000,6,0,0.00000000,45.85555939
nuscenes,scene-1094_010,yaw_deg,2.00000000,15,Bicycle,22.79580360,21.93970047,0,0.00000000,5,2,40.00000000,48.37844184
nuscenes,scene-1094_010,yaw_deg,3.00000000,0,Car,18.26558050,15.28674932,0,0.49515351,13,0,0.00000000,
nuscenes,scene-1094_010,yaw_deg,3.00000000,4,Car,8.81089466,6.83130918,0,0.71107016,422,43,10.18957346,95.97555129
nuscenes,scene-1094_010,yaw_deg,3.00000000,5,Pedestrian,18.83894146,18.75530575,0,0.00000000,7,0,0.00000000,69.01608221
nuscenes,scene-1094_010,yaw_deg,3.00000000,7,Pedestrian,29.38887226,27.94036741,0,0.00000000,5,0,0.00000000,73.53024675
nuscenes,scene-1094_010,yaw_deg,3.00000000,8,Car,26.46255542,26.38696699,0,0.00000000,24,16,66.66666667,68.94438917
nuscenes,scene-1094_010,yaw_deg,3.00000000,9,Pedestrian,19.93704026,17.91802131,0,0.00000000,11,0,0.00000000,82.44453629
nuscenes,scene-1094_010,yaw_deg,3.00000000,10,Car,21.22381722,18.74968341,2,0.09468011,32,32,100.00000000,86.10755413
nuscenes,scene-1094_010,yaw_deg,3.00000000,11,Car,23.33863777,21.45951396,0,0.00000000,115,105,91.30434783,80.26261165
nuscenes,scene-1094_010,yaw_deg,3.00000000,12,Pedestrian,10.42343507,10.31915030,0,0.00000000,36,19,52.77777778,70.81408651
nuscenes,scene-1094_010,yaw_deg,3.00000000,13,Pedestrian,18.67079317,18.59739494,2,0.00000000,6,0,0.00000000,68.77896353
nuscenes,scene-1094_010,yaw_deg,3.00000000,15,Bicycle,22.79580360,21.93970047,0,0.00000000,5,2,40.00000000,72.26196810
nuscenes,scene-1094_011,yaw_deg,-3.00000000,0,Car,17.11707929,14.98820482,0,0.08610208,89,74,83.14606742,86.05632121
nuscenes,scene-1094_011,yaw_deg,-3.00000000,1,Pedestrian,17.81076430,17.64852938,0,0.00000000,7,0,0.00000000,69.95299306
nuscenes,scene-1094_011,yaw_deg,-3.00000000,4,Car,9.67437185,7.14738806,0,0.92120400,317,31,9.77917981,97.05054630
nuscenes,scene-1094_011,yaw_deg,-3.00000000,5,Pedestrian,18.03837607,17.93133819,0,0.00000000,8,0,0.00000000,69.51400110
nuscenes,scene-1094_011,yaw_deg,-3.00000000,9,Car,25.14656828,25.11005240,0,0.00000000,33,31,93.93939394,68.23757600
nuscenes,scene-1094_011,yaw_deg,-3.00000000,10,Car,19.97204391,18.36363530,2,0.00000000,25,22,88.00000000,77.65844270
nuscenes,scene-1094_011,yaw_deg,-3.00000000,11,Car,22.05696453,20.97573698,0,0.00000000,121,109,90.08264463,73.18093877
nuscenes,scene-1094_011,yaw_deg,-3.00000000,12,Pedestrian,9.53259408,9.28721445,0,0.00000000,40,36,90.00000000,73.27623861
nuscenes,scene-1094_011,yaw_deg,-3.00000000,14,Bicycle,21.60851941,19.85429770,0,0.00000000,6,2,33.33333333,83.10533954
nuscenes,scene-1094_011,yaw_deg,-2.00000000,0,Car,17.11707929,14.98820482,0,0.08610208,89,84,94.38202247,57.87237875
nuscenes,scene-1094_011,yaw_deg,-2.00000000,1,Pedestrian,17.81076430,17.64852938,0,0.00000000,7,0,0.00000000,46.52455724
nuscenes,scene-1094_011,yaw_deg,-2.00000000,4,Car,9.67437185,7.14738806,0,0.92120400,317,32,10.09463722,65.39761298
nuscenes,scene-1094_011,yaw_deg,-2.00000000,5,Pedestrian,18.03837607,17.93133819,0,0.00000000,8,0,0.00000000,46.25813569
nuscenes,scene-1094_011,yaw_deg,-2.00000000,9,Car,25.14656828,25.11005240,0,0.00000000,33,33,100.00000000,45.45854232
nuscenes,scene-1094_011,yaw_deg,-2.00000000,10,Car,19.97204391,18.36363530,2,0.00000000,25,23,92.00000000,52.10162919
nuscenes,scene-1094_011,yaw_deg,-2.00000000,11,Car,22.05696453,20.97573698,0,0.00000000,121,115,95.04132231,49.01096245
nuscenes,scene-1094_011,yaw_deg,-2.00000000,12,Pedestrian,9.53259408,9.28721445,0,0.00000000,40,39,97.50000000,48.69423588
nuscenes,scene-1094_011,yaw_deg,-2.00000000,14,Bicycle,21.60851941,19.85429770,0,0.00000000,6,3,50.00000000,54.94101840
nuscenes,scene-1094_011,yaw_deg,-1.00000000,0,Car,17.11707929,14.98820482,0,0.08610208,89,89,100.00000000,29.19760765
nuscenes,scene-1094_011,yaw_deg,-1.00000000,1,Pedestrian,17.81076430,17.64852938,0,0.00000000,7,5,71.42857143,23.21214012
nuscenes,scene-1094_011,yaw_deg,-1.00000000,4,Car,9.67437185,7.14738806,0,0.92120400,317,28,8.83280757,33.06241775
nuscenes,scene-1094_011,yaw_deg,-1.00000000,5,Pedestrian,18.03837607,17.93133819,0,0.00000000,8,2,25.00000000,23.09191819
nuscenes,scene-1094_011,yaw_deg,-1.00000000,9,Car,25.14656828,25.11005240,0,0.00000000,33,33,100.00000000,22.71745012
nuscenes,scene-1094_011,yaw_deg,-1.00000000,10,Car,19.97204391,18.36363530,2,0.00000000,25,25,100.00000000,26.22316128
nuscenes,scene-1094_011,yaw_deg,-1.00000000,11,Car,22.05696453,20.97573698,0,0.00000000,121,121,100.00000000,24.62356790
nuscenes,scene-1094_011,yaw_deg,-1.00000000,12,Pedestrian,9.53259408,9.28721445,0,0.00000000,40,40,100.00000000,24.27481115
nuscenes,scene-1094_011,yaw_deg,-1.00000000,14,Bicycle,21.60851941,19.85429770,0,0.00000000,6,6,100.00000000,27.24888177
nuscenes,scene-1094_011,yaw_deg,-0.50000000,0,Car,17.11707929,14.98820482,0,0.08610208,89,89,100.00000000,14.66622956
nuscenes,scene-1094_011,yaw_deg,-0.50000000,1,Pedestrian,17.81076430,17.64852938,0,0.00000000,7,7,100.00000000,11.59450858
nuscenes,scene-1094_011,yaw_deg,-0.50000000,4,Car,9.67437185,7.14738806,0,0.92120400,317,15,4.73186120,16.62503675
nuscenes,scene-1094_011,yaw_deg,-0.50000000,5,Pedestrian,18.03837607,17.93133819,0,0.00000000,8,7,87.50000000,11.53762301
nuscenes,scene-1094_011,yaw_deg,-0.50000000,9,Car,25.14656828,25.11005240,0,0.00000000,33,33,100.00000000,11.35603523
nuscenes,scene-1094_011,yaw_deg,-0.50000000,10,Car,19.97204391,18.36363530,2,0.00000000,25,25,100.00000000,13.15614761
nuscenes,scene-1094_011,yaw_deg,-0.50000000,11,Car,22.05696453,20.97573698,0,0.00000000,121,121,100.00000000,12.34250311
nuscenes,scene-1094_011,yaw_deg,-0.50000000,12,Pedestrian,9.53259408,9.28721445,0,0.00000000,40,40,100.00000000,12.12043542
nuscenes,scene-1094_011,yaw_deg,-0.50000000,14,Bicycle,21.60851941,19.85429770,0,0.00000000,6,6,100.00000000,13.57078337
nuscenes,scene-1094_011,yaw_deg,0.00000000,0,Car,17.11707929,14.98820482,0,0.08610208,89,88,98.87640449,0.00000000
nuscenes,scene-1094_011,yaw_deg,0.00000000,1,Pedestrian,17.81076430,17.64852938,0,0.00000000,7,7,100.00000000,0.00000000
nuscenes,scene-1094_011,yaw_deg,0.00000000,4,Car,9.67437185,7.14738806,0,0.92120400,317,8,2.52365931,0.00000000
nuscenes,scene-1094_011,yaw_deg,0.00000000,5,Pedestrian,18.03837607,17.93133819,0,0.00000000,8,8,100.00000000,0.00000000
nuscenes,scene-1094_011,yaw_deg,0.00000000,9,Car,25.14656828,25.11005240,0,0.00000000,33,33,100.00000000,0.00000000
nuscenes,scene-1094_011,yaw_deg,0.00000000,10,Car,19.97204391,18.36363530,2,0.00000000,25,25,100.00000000,0.00000000
nuscenes,scene-1094_011,yaw_deg,0.00000000,11,Car,22.05696453,20.97573698,0,0.00000000,121,121,100.00000000,0.00000000
nuscenes,scene-1094_011,yaw_deg,0.00000000,12,Pedestrian,9.53259408,9.28721445,0,0.00000000,40,40,100.00000000,0.00000000
nuscenes,scene-1094_011,yaw_deg,0.00000000,14,Bicycle,21.60851941,19.85429770,0,0.00000000,6,6,100.00000000,0.00000000
nuscenes,scene-1094_011,yaw_deg,0.50000000,0,Car,17.11707929,14.98820482,0,0.08610208,89,84,94.38202247,14.75277870
nuscenes,scene-1094_011,yaw_deg,0.50000000,1,Pedestrian,17.81076430,17.64852938,0,0.00000000,7,5,71.42857143,11.57331285
nuscenes,scene-1094_011,yaw_deg,0.50000000,4,Car,9.67437185,7.14738806,0,0.92120400,317,1,0.31545741,16.68601624
nuscenes,scene-1094_011,yaw_deg,0.50000000,5,Pedestrian,18.03837607,17.93133819,0,0.00000000,8,8,100.00000000,11.52283976
nuscenes,scene-1094_011,yaw_deg,0.50000000,9,Car,25.14656828,25.11005240,0,0.00000000,33,33,100.00000000,11.35782310
nuscenes,scene-1094_011,yaw_deg,0.50000000,10,Car,19.97204391,18.36363530,2,0.00000000,25,25,100.00000000,13.24832790
nuscenes,scene-1094_011,yaw_deg,0.50000000,11,Car,22.05696453,20.97573698,0,0.00000000,121,121,100.00000000,12.40639051
nuscenes,scene-1094_011,yaw_deg,0.50000000,12,Pedestrian,9.53259408,9.28721445,0,0.00000000,40,40,100.00000000,12.08839909
nuscenes,scene-1094_011,yaw_deg,0.50000000,14,Bicycle,21.60851941,19.85429770,0,0.00000000,6,6,100.00000000,13.46685638
nuscenes,scene-1094_011,yaw_deg,1.00000000,0,Car,17.11707929,14.98820482,0,0.08610208,89,79,88.76404494,29.51766986
nuscenes,scene-1094_011,yaw_deg,1.00000000,1,Pedestrian,17.81076430,17.64852938,0,0.00000000,7,4,57.14285714,23.12734348
nuscenes,scene-1094_011,yaw_deg,1.00000000,4,Car,9.67437185,7.14738806,0,0.92120400,317,0,0.00000000,
nuscenes,scene-1094_011,yaw_deg,1.00000000,5,Pedestrian,18.03837607,17.93133819,0,0.00000000,8,8,100.00000000,23.03277571
nuscenes,scene-1094_011,yaw_deg,1.00000000,9,Car,25.14656828,25.11005240,0,0.00000000,33,33,100.00000000,22.71860704
nuscenes,scene-1094_011,yaw_deg,1.00000000,10,Car,19.97204391,18.36363530,2,0.00000000,25,25,100.00000000,26.59195473
nuscenes,scene-1094_011,yaw_deg,1.00000000,11,Car,22.05696453,20.97573698,0,0.00000000,121,119,98.34710744,24.87916318
nuscenes,scene-1094_011,yaw_deg,1.00000000,12,Pedestrian,9.53259408,9.28721445,0,0.00000000,40,39,97.50000000,24.14600317
nuscenes,scene-1094_011,yaw_deg,1.00000000,14,Bicycle,21.60851941,19.85429770,0,0.00000000,6,4,66.66666667,26.83308974
nuscenes,scene-1094_011,yaw_deg,2.00000000,0,Car,17.11707929,14.98820482,0,0.08610208,89,68,76.40449438,58.92959961
nuscenes,scene-1094_011,yaw_deg,2.00000000,1,Pedestrian,17.81076430,17.64852938,0,0.00000000,7,0,0.00000000,46.18515113
nuscenes,scene-1094_011,yaw_deg,2.00000000,4,Car,9.67437185,7.14738806,0,0.92120400,317,0,0.00000000,
nuscenes,scene-1094_011,yaw_deg,2.00000000,5,Pedestrian,18.03837607,17.93133819,0,0.00000000,8,0,0.00000000,46.02141383
nuscenes,scene-1094_011,yaw_deg,2.00000000,9,Car,25.14656828,25.11005240,0,0.00000000,33,29,87.87878788,45.44718580
nuscenes,scene-1094_011,yaw_deg,2.00000000,10,Car,19.97204391,18.36363530,2,0.00000000,25,25,100.00000000,53.57796016
nuscenes,scene-1094_011,yaw_deg,2.00000000,11,Car,22.05696453,20.97573698,0,0.00000000,121,114,94.21487603,50.03407573
nuscenes,scene-1094_011,yaw_deg,2.00000000,12,Pedestrian,9.53259408,9.28721445,0,0.00000000,40,32,80.00000000,48.17739442
nuscenes,scene-1094_011,yaw_deg,2.00000000,14,Bicycle,21.60851941,19.85429770,0,0.00000000,6,4,66.66666667,53.27650385
nuscenes,scene-1094_011,yaw_deg,3.00000000,0,Car,17.11707929,14.98820482,0,0.08610208,89,61,68.53932584,88.84423720
nuscenes,scene-1094_011,yaw_deg,3.00000000,1,Pedestrian,17.81076430,17.64852938,0,0.00000000,7,0,0.00000000,69.18850469
nuscenes,scene-1094_011,yaw_deg,3.00000000,4,Car,9.67437185,7.14738806,0,0.92120400,317,0,0.00000000,
nuscenes,scene-1094_011,yaw_deg,3.00000000,5,Pedestrian,18.03837607,17.93133819,0,0.00000000,8,0,0.00000000,68.98080643
nuscenes,scene-1094_011,yaw_deg,3.00000000,9,Car,25.14656828,25.11005240,0,0.00000000,33,24,72.72727273,68.17762125
nuscenes,scene-1094_011,yaw_deg,3.00000000,10,Car,19.97204391,18.36363530,2,0.00000000,25,25,100.00000000,80.98453493
nuscenes,scene-1094_011,yaw_deg,3.00000000,11,Car,22.05696453,20.97573698,0,0.00000000,121,108,89.25619835,75.48569369
nuscenes,scene-1094_011,yaw_deg,3.00000000,12,Pedestrian,9.53259408,9.28721445,0,0.00000000,40,15,37.50000000,72.11112432
nuscenes,scene-1094_011,yaw_deg,3.00000000,14,Bicycle,21.60851941,19.85429770,0,0.00000000,6,2,33.33333333,79.35512294
nuscenes,scene-1094_012,yaw_deg,-3.00000000,0,Car,15.93165333,14.88082866,0,0.00000000,137,115,83.94160584,77.52956253
nuscenes,scene-1094_012,yaw_deg,-3.00000000,3,Pedestrian,17.21114055,16.33534097,0,0.00000000,8,0,0.00000000,77.47533232
nuscenes,scene-1094_012,yaw_deg,-3.00000000,6,Car,10.84879342,8.34404984,0,0.85257493,238,45,18.90756303,95.45227612
nuscenes,scene-1094_012,yaw_deg,-3.00000000,7,Pedestrian,17.35068182,16.66358741,0,0.00000000,6,0,0.00000000,75.66142236
nuscenes,scene-1094_012,yaw_deg,-3.00000000,9,Car,24.48794091,22.15681828,2,0.00000000,15,15,100.00000000,83.42414569
nuscenes,scene-1094_012,yaw_deg,-3.00000000,10,Car,23.92782928,23.35052725,0,0.00000000,31,26,83.87096774,72.33501563
nuscenes,scene-1094_012,yaw_deg,-3.00000000,11,Car,18.70354838,18.08640364,2,0.00000000,34,27,79.41176471,71.07560772
nuscenes,scene-1094_012,yaw_deg,-3.00000000,12,Car,20.77591460,20.49573660,0,0.00000000,121,106,87.60330579,69.36897057
nuscenes,scene-1094_012,yaw_deg,-3.00000000,13,Pedestrian,8.82423270,7.93814241,0,0.00000000,49,42,85.71428571,87.07864071
nuscenes,scene-1094_012,yaw_deg,-3.00000000,14,Pedestrian,17.23012901,16.10635222,2,0.00000000,8,0,0.00000000,79.60978374
nuscenes,scene-1094_012,yaw_deg,-2.00000000,0,Car,15.93165333,14.88082866,0,0.00000000,137,127,92.70072993,51.99626769
nuscenes,scene-1094_012,yaw_deg,-2.00000000,3,Pedestrian,17.21114055,16.33534097,0,0.00000000,8,0,0.00000000,51.32048493
nuscenes,scene-1094_012,yaw_deg,-2.00000000,6,Car,10.84879342,8.34404984,0,0.85257493,238,43,18.06722689,64.30748694
nuscenes,scene-1094_012,yaw_deg,-2.00000000,7,Pedestrian,17.35068182,16.66358741,0,0.00000000,6,0,0.00000000,50.15517305
nuscenes,scene-1094_012,yaw_deg,-2.00000000,9,Car,24.48794091,22.15681828,2,0.00000000,15,15,100.00000000,56.07911357
nuscenes,scene-1094_012,yaw_deg,-2.00000000,10,Car,23.92782928,23.35052725,0,0.00000000,31,28,90.32258065,48.00981769
nuscenes,scene-1094_012,yaw_deg,-2.00000000,11,Car,18.70354838,18.08640364,2,0.00000000,34,31,91.17647059,47.52808264
nuscenes,scene-1094_012,yaw_deg,-2.00000000,12,Car,20.77591460,20.49573660,0,0.00000000,121,111,91.73553719,46.32967059
nuscenes,scene-1094_012,yaw_deg,-2.00000000,13,Pedestrian,8.82423270,7.93814241,0,0.00000000,49,46,93.87755102,57.54929995
nuscenes,scene-1094_012,yaw_deg,-2.00000000,14,Pedestrian,17.23012901,16.10635222,2,0.00000000,8,0,0.00000000,52.69533157
nuscenes,scene-1094_012,yaw_deg,-1.00000000,0,Car,15.93165333,14.88082866,0,0.00000000,137,136,99.27007299,26.16061404
nuscenes,scene-1094_012,yaw_deg,-1.00000000,3,Pedestrian,17.21114055,16.33534097,0,0.00000000,8,3,37.50000000,25.50296522
nuscenes,scene-1094_012,yaw_deg,-1.00000000,6,Car,10.84879342,8.34404984,0,0.85257493,238,38,15.96638655,32.50441516
nuscenes,scene-1094_012,yaw_deg,-1.00000000,7,Pedestrian,17.35068182,16.66358741,0,0.00000000,6,1,16.66666667,24.94168814
nuscenes,scene-1094_012,yaw_deg,-1.00000000,9,Car,24.48794091,22.15681828,2,0.00000000,15,15,100.00000000,28.28086400
nuscenes,scene-1094_012,yaw_deg,-1.00000000,10,Car,23.92782928,23.35052725,0,0.00000000,31,31,100.00000000,23.90416490
nuscenes,scene-1094_012,yaw_deg,-1.00000000,11,Car,18.70354838,18.08640364,2,0.00000000,34,33,97.05882353,23.84177299
nuscenes,scene-1094_012,yaw_deg,-1.00000000,12,Car,20.77591460,20.49573660,0,0.00000000,121,117,96.69421488,23.21177986
nuscenes,scene-1094_012,yaw_deg,-1.00000000,13,Pedestrian,8.82423270,7.93814241,0,0.00000000,49,49,100.00000000,28.53387385
nuscenes,scene-1094_012,yaw_deg,-1.00000000,14,Pedestrian,17.23012901,16.10635222,2,0.00000000,8,5,62.50000000,26.16705683
nuscenes,scene-1094_012,yaw_deg,-0.50000000,0,Car,15.93165333,14.88082866,0,0.00000000,137,137,100.00000000,13.12237750
nuscenes,scene-1094_012,yaw_deg,-0.50000000,3,Pedestrian,17.21114055,16.33534097,0,0.00000000,8,8,100.00000000,12.71354871
nuscenes,scene-1094_012,yaw_deg,-0.50000000,6,Car,10.84879342,8.34404984,0,0.85257493,238,29,12.18487395,16.34267507
nuscenes,scene-1094_012,yaw_deg,-0.50000000,7,Pedestrian,17.35068182,16.66358741,0,0.00000000,6,5,83.33333333,12.43814822
nuscenes,scene-1094_012,yaw_deg,-0.50000000,9,Car,24.48794091,22.15681828,2,0.00000000,15,15,100.00000000,14.20265874
nuscenes,scene-1094_012,yaw_deg,-0.50000000,10,Car,23.92782928,23.35052725,0,0.00000000,31,31,100.00000000,11.92800285
nuscenes,scene-1094_012,yaw_deg,-0.50000000,11,Car,18.70354838,18.08640364,2,0.00000000,34,34,100.00000000,11.94137764
nuscenes,scene-1094_012,yaw_deg,-0.50000000,12,Car,20.77591460,20.49573660,0,0.00000000,121,119,98.34710744,11.61859127
nuscenes,scene-1094_012,yaw_deg,-0.50000000,13,Pedestrian,8.82423270,7.93814241,0,0.00000000,49,49,100.00000000,14.20869799
nuscenes,scene-1094_012,yaw_deg,-0.50000000,14,Pedestrian,17.23012901,16.10635222,2,0.00000000,8,8,100.00000000,13.03989099
nuscenes,scene-1094_012,yaw_deg,0.00000000,0,Car,15.93165333,14.88082866,0,0.00000000,137,137,100.00000000,0.00000000
nuscenes,scene-1094_012,yaw_deg,0.00000000,3,Pedestrian,17.21114055,16.33534097,0,0.00000000,8,8,100.00000000,0.00000000
nuscenes,scene-1094_012,yaw_deg,0.00000000,6,Car,10.84879342,8.34404984,0,0.85257493,238,20,8.40336134,0.00000000
nuscenes,scene-1094_012,yaw_deg,0.00000000,7,Pedestrian,17.35068182,16.66358741,0,0.00000000,6,6,100.00000000,0.00000000
nuscenes,scene-1094_012,yaw_deg,0.00000000,9,Car,24.48794091,22.15681828,2,0.00000000,15,15,100.00000000,0.00000000
nuscenes,scene-1094_012,yaw_deg,0.00000000,10,Car,23.92782928,23.35052725,0,0.00000000,31,31,100.00000000,0.00000000
nuscenes,scene-1094_012,yaw_deg,0.00000000,11,Car,18.70354838,18.08640364,2,0.00000000,34,34,100.00000000,0.00000000
nuscenes,scene-1094_012,yaw_deg,0.00000000,12,Car,20.77591460,20.49573660,0,0.00000000,121,121,100.00000000,0.00000000
nuscenes,scene-1094_012,yaw_deg,0.00000000,13,Pedestrian,8.82423270,7.93814241,0,0.00000000,49,49,100.00000000,0.00000000
nuscenes,scene-1094_012,yaw_deg,0.00000000,14,Pedestrian,17.23012901,16.10635222,2,0.00000000,8,8,100.00000000,0.00000000
nuscenes,scene-1094_012,yaw_deg,0.50000000,0,Car,15.93165333,14.88082866,0,0.00000000,137,136,99.27007299,13.20949981
nuscenes,scene-1094_012,yaw_deg,0.50000000,3,Pedestrian,17.21114055,16.33534097,0,0.00000000,8,8,100.00000000,12.64038047
nuscenes,scene-1094_012,yaw_deg,0.50000000,6,Car,10.84879342,8.34404984,0,0.85257493,238,11,4.62184874,16.42468722
nuscenes,scene-1094_012,yaw_deg,0.50000000,7,Pedestrian,17.35068182,16.66358741,0,0.00000000,6,6,100.00000000,12.37525448
nuscenes,scene-1094_012,yaw_deg,0.50000000,9,Car,24.48794091,22.15681828,2,0.00000000,15,15,100.00000000,14.33104509
nuscenes,scene-1094_012,yaw_deg,0.50000000,10,Car,23.92782928,23.35052725,0,0.00000000,31,31,100.00000000,11.88201507
nuscenes,scene-1094_012,yaw_deg,0.50000000,11,Car,18.70354838,18.08640364,2,0.00000000,34,34,100.00000000,11.98451064
nuscenes,scene-1094_012,yaw_deg,0.50000000,12,Car,20.77591460,20.49573660,0,0.00000000,121,121,100.00000000,11.64594474
nuscenes,scene-1094_012,yaw_deg,0.50000000,13,Pedestrian,8.82423270,7.93814241,0,0.00000000,49,49,100.00000000,14.09600334
nuscenes,scene-1094_012,yaw_deg,0.50000000,14,Pedestrian,17.23012901,16.10635222,2,0.00000000,8,7,87.50000000,12.95556080
nuscenes,scene-1094_012,yaw_deg,1.00000000,0,Car,15.93165333,14.88082866,0,0.00000000,137,133,97.08029197,26.50917115
nuscenes,scene-1094_012,yaw_deg,1.00000000,3,Pedestrian,17.21114055,16.33534097,0,0.00000000,8,6,75.00000000,25.21023822
nuscenes,scene-1094_012,yaw_deg,1.00000000,6,Car,10.84879342,8.34404984,0,0.85257493,238,5,2.10084034,32.80344200
nuscenes,scene-1094_012,yaw_deg,1.00000000,7,Pedestrian,17.35068182,16.66358741,0,0.00000000,6,5,83.33333333,24.69006815
nuscenes,scene-1094_012,yaw_deg,1.00000000,9,Car,24.48794091,22.15681828,2,0.00000000,15,14,93.33333333,28.79452143
nuscenes,scene-1094_012,yaw_deg,1.00000000,10,Car,23.92782928,23.35052725,0,0.00000000,31,31,100.00000000,23.72018268
nuscenes,scene-1094_012,yaw_deg,1.00000000,11,Car,18.70354838,18.08640364,2,0.00000000,34,34,100.00000000,24.01433438
nuscenes,scene-1094_012,yaw_deg,1.00000000,12,Car,20.77591460,20.49573660,0,0.00000000,121,121,100.00000000,23.32121160
nuscenes,scene-1094_012,yaw_deg,1.00000000,13,Pedestrian,8.82423270,7.93814241,0,0.00000000,49,49,100.00000000,28.08299889
nuscenes,scene-1094_012,yaw_deg,1.00000000,14,Pedestrian,17.23012901,16.10635222,2,0.00000000,8,3,37.50000000,25.82967156
nuscenes,scene-1094_012,yaw_deg,2.00000000,0,Car,15.93165333,14.88082866,0,0.00000000,137,119,86.86131387,53.39158304
nuscenes,scene-1094_012,yaw_deg,2.00000000,3,Pedestrian,17.21114055,16.33534097,0,0.00000000,8,0,0.00000000,50.14871161
nuscenes,scene-1094_012,yaw_deg,2.00000000,6,Car,10.84879342,8.34404984,0,0.85257493,238,0,0.00000000,
nuscenes,scene-1094_012,yaw_deg,2.00000000,7,Pedestrian,17.35068182,16.66358741,0,0.00000000,6,1,16.66666667,49.14797187
nuscenes,scene-1094_012,yaw_deg,2.00000000,9,Car,24.48794091,22.15681828,2,0.00000000,15,9,60.00000000,58.13553761
nuscenes,scene-1094_012,yaw_deg,2.00000000,10,Car,23.92782928,23.35052725,0,0.00000000,31,29,93.54838710,47.27339109
nuscenes,scene-1094_012,yaw_deg,2.00000000,11,Car,18.70354838,18.08640364,2,0.00000000,34,34,100.00000000,48.21879821
nuscenes,scene-1094_012,yaw_deg,2.00000000,12,Car,20.77591460,20.49573660,0,0.00000000,121,118,97.52066116,46.76768397
nuscenes,scene-1094_012,yaw_deg,2.00000000,13,Pedestrian,8.82423270,7.93814241,0,0.00000000,49,45,91.83673469,55.74425715
nuscenes,scene-1094_012,yaw_deg,2.00000000,14,Pedestrian,17.23012901,16.10635222,2,0.00000000,8,0,0.00000000,51.34475747
nuscenes,scene-1094_012,yaw_deg,3.00000000,0,Car,15.93165333,14.88082866,0,0.00000000,137,101,73.72262774,80.67310547
nuscenes,scene-1094_012,yaw_deg,3.00000000,3,Pedestrian,17.21114055,16.33534097,0,0.00000000,8,0,0.00000000,74.83559174
nuscenes,scene-1094_012,yaw_deg,3.00000000,6,Car,10.84879342,8.34404984,0,0.85257493,238,0,0.00000000,
nuscenes,scene-1094_012,yaw_deg,3.00000000,7,Pedestrian,17.35068182,16.66358741,0,0.00000000,6,0,0.00000000,73.39251063
nuscenes,scene-1094_012,yaw_deg,3.00000000,9,Car,24.48794091,22.15681828,2,0.00000000,15,6,40.00000000,88.05784296
nuscenes,scene-1094_012,yaw_deg,3.00000000,10,Car,23.92782928,23.35052725,0,0.00000000,31,24,77.41935484,70.67618630
nuscenes,scene-1094_012,yaw_deg,3.00000000,11,Car,18.70354838,18.08640364,2,0.00000000,34,34,100.00000000,72.63148311
nuscenes,scene-1094_012,yaw_deg,3.00000000,12,Car,20.77591460,20.49573660,0,0.00000000,121,111,91.73553719,70.35557642
nuscenes,scene-1094_012,yaw_deg,3.00000000,13,Pedestrian,8.82423270,7.93814241,0,0.00000000,49,33,67.34693878,83.01149635
nuscenes,scene-1094_012,yaw_deg,3.00000000,14,Pedestrian,17.23012901,16.10635222,2,0.00000000,8,0,0.00000000,76.56711116
nuscenes,scene-1094_013,yaw_deg,-3.00000000,0,Car,14.50245155,14.26768597,0,0.00000000,126,100,79.36507937,71.06117036
nuscenes,scene-1094_013,yaw_deg,-3.00000000,1,Car,29.83024309,27.53006300,0,0.00000000,6,1,16.66666667,76.64433331
nuscenes,scene-1094_013,yaw_deg,-3.00000000,2,Car,34.02068981,32.34590865,2,0.00000000,10,4,40.00000000,73.55598549
nuscenes,scene-1094_013,yaw_deg,-3.00000000,3,Pedestrian,16.54644839,13.89556042,0,0.86663470,10,0,0.00000000,
nuscenes,scene-1094_013,yaw_deg,-3.00000000,4,Car,39.99904326,36.55907321,2,0.00000000,15,8,53.33333333,79.26461767
nuscenes,scene-1094_013,yaw_deg,-3.00000000,5,Car,12.13197996,10.08349487,0,0.48580090,127,79,62.20472441,90.85170417
nuscenes,scene-1094_013,yaw_deg,-3.00000000,6,Pedestrian,16.75472130,14.48690181,0,0.00000000,5,0,0.00000000,
nuscenes,scene-1094_013,yaw_deg,-3.00000000,8,Car,23.08036953,22.37153188,2,0.00000000,14,14,100.00000000,72.94077897
nuscenes,scene-1094_013,yaw_deg,-3.00000000,10,Car,22.75398487,20.47351732,0,0.01443667,28,24,85.71428571,83.73990026
nuscenes,scene-1094_013,yaw_deg,-3.00000000,11,Car,17.32473321,17.27501962,2,0.00000000,35,26,74.28571429,69.33492752
nuscenes,scene-1094_013,yaw_deg,-3.00000000,12,Car,19.41473333,19.34191791,0,0.00000000,168,153,91.07142857,69.65292847
nuscenes,scene-1094_013,yaw_deg,-2.00000000,0,Car,14.50245155,14.26768597,0,0.00000000,126,113,89.68253968,47.48190117
nuscenes,scene-1094_013,yaw_deg,-2.00000000,1,Car,29.83024309,27.53006300,0,0.00000000,6,4,66.66666667,51.41764969
nuscenes,scene-1094_013,yaw_deg,-2.00000000,2,Car,34.02068981,32.34590865,2,0.00000000,10,9,90.00000000,49.29037530
nuscenes,scene-1094_013,yaw_deg,-2.00000000,3,Pedestrian,16.54644839,13.89556042,0,0.86663470,10,0,0.00000000,
nuscenes,scene-1094_013,yaw_deg,-2.00000000,4,Car,39.99904326,36.55907321,2,0.00000000,15,11,73.33333333,53.23063362
nuscenes,scene-1094_013,yaw_deg,-2.00000000,5,Car,12.13197996,10.08349487,0,0.48580090,127,84,66.14173228,61.15001195
nuscenes,scene-1094_013,yaw_deg,-2.00000000,6,Pedestrian,16.75472130,14.48690181,0,0.00000000,5,0,0.00000000,
nuscenes,scene-1094_013,yaw_deg,-2.00000000,8,Car,23.08036953,22.37153188,2,0.00000000,14,14,100.00000000,48.85135811
nuscenes,scene-1094_013,yaw_deg,-2.00000000,10,Car,22.75398487,20.47351732,0,0.01443667,28,26,92.85714286,55.42456746
nuscenes,scene-1094_013,yaw_deg,-2.00000000,11,Car,17.32473321,17.27501962,2,0.00000000,35,31,88.57142857,46.17404386
nuscenes,scene-1094_013,yaw_deg,-2.00000000,12,Car,19.41473333,19.34191791,0,0.00000000,168,159,94.64285714,46.33820086
nuscenes,scene-1094_013,yaw_deg,-1.00000000,0,Car,14.50245155,14.26768597,0,0.00000000,126,123,97.61904762,23.80030428
nuscenes,scene-1094_013,yaw_deg,-1.00000000,1,Car,29.83024309,27.53006300,0,0.00000000,6,6,100.00000000,25.87697316
nuscenes,scene-1094_013,yaw_deg,-1.00000000,2,Car,34.02068981,32.34590865,2,0.00000000,10,10,100.00000000,24.77817770
nuscenes,scene-1094_013,yaw_deg,-1.00000000,3,Pedestrian,16.54644839,13.89556042,0,0.86663470,10,0,0.00000000,
nuscenes,scene-1094_013,yaw_deg,-1.00000000,4,Car,39.99904326,36.55907321,2,0.00000000,15,14,93.33333333,26.81748529
nuscenes,scene-1094_013,yaw_deg,-1.00000000,5,Car,12.13197996,10.08349487,0,0.48580090,127,83,65.35433071,30.87853910
nuscenes,scene-1094_013,yaw_deg,-1.00000000,6,Pedestrian,16.75472130,14.48690181,0,0.00000000,5,0,0.00000000,31.05524605
nuscenes,scene-1094_013,yaw_deg,-1.00000000,8,Car,23.08036953,22.37153188,2,0.00000000,14,14,100.00000000,24.54397355
nuscenes,scene-1094_013,yaw_deg,-1.00000000,10,Car,22.75398487,20.47351732,0,0.01443667,28,27,96.42857143,27.51990577
nuscenes,scene-1094_013,yaw_deg,-1.00000000,11,Car,17.32473321,17.27501962,2,0.00000000,35,34,97.14285714,23.06839095
nuscenes,scene-1094_013,yaw_deg,-1.00000000,12,Car,19.41473333,19.34191791,0,0.00000000,168,164,97.61904762,23.12572895
nuscenes,scene-1094_013,yaw_deg,-0.50000000,0,Car,14.50245155,14.26768597,0,0.00000000,126,126,100.00000000,11.91602622
nuscenes,scene-1094_013,yaw_deg,-0.50000000,1,Car,29.83024309,27.53006300,0,0.00000000,6,6,100.00000000,12.98195636
nuscenes,scene-1094_013,yaw_deg,-0.50000000,2,Car,34.02068981,32.34590865,2,0.00000000,10,10,100.00000000,12.42357723
nuscenes,scene-1094_013,yaw_deg,-0.50000000,3,Pedestrian,16.54644839,13.89556042,0,0.86663470,10,0,0.00000000,
nuscenes,scene-1094_013,yaw_deg,-0.50000000,4,Car,39.99904326,36.55907321,2,0.00000000,15,15,100.00000000,13.46090698
nuscenes,scene-1094_013,yaw_deg,-0.50000000,5,Car,12.13197996,10.08349487,0,0.48580090,127,81,63.77952756,15.51757128
nuscenes,scene-1094_013,yaw_deg,-0.50000000,6,Pedestrian,16.75472130,14.48690181,0,0.00000000,5,3,60.00000000,15.44531705
nuscenes,scene-1094_013,yaw_deg,-0.50000000,8,Car,23.08036953,22.37153188,2,0.00000000,14,14,100.00000000,12.30274974
nuscenes,scene-1094_013,yaw_deg,-0.50000000,10,Car,22.75398487,20.47351732,0,0.01443667,28,28,100.00000000,13.74235721
nuscenes,scene-1094_013,yaw_deg,-0.50000000,11,Car,17.32473321,17.27501962,2,0.00000000,35,35,100.00000000,11.53276629
nuscenes,scene-1094_013,yaw_deg,-0.50000000,12,Car,19.41473333,19.34191791,0,0.00000000,168,168,100.00000000,11.55298189
nuscenes,scene-1094_013,yaw_deg,0.00000000,0,Car,14.50245155,14.26768597,0,0.00000000,126,126,100.00000000,0.00000000
nuscenes,scene-1094_013,yaw_deg,0.00000000,1,Car,29.83024309,27.53006300,0,0.00000000,6,6,100.00000000,0.00000000
nuscenes,scene-1094_013,yaw_deg,0.00000000,2,Car,34.02068981,32.34590865,2,0.00000000,10,10,100.00000000,0.00000000
nuscenes,scene-1094_013,yaw_deg,0.00000000,3,Pedestrian,16.54644839,13.89556042,0,0.86663470,10,0,0.00000000,0.00000000
nuscenes,scene-1094_013,yaw_deg,0.00000000,4,Car,39.99904326,36.55907321,2,0.00000000,15,15,100.00000000,0.00000000
nuscenes,scene-1094_013,yaw_deg,0.00000000,5,Car,12.13197996,10.08349487,0,0.48580090,127,75,59.05511811,0.00000000
nuscenes,scene-1094_013,yaw_deg,0.00000000,6,Pedestrian,16.75472130,14.48690181,0,0.00000000,5,5,100.00000000,0.00000000
nuscenes,scene-1094_013,yaw_deg,0.00000000,8,Car,23.08036953,22.37153188,2,0.00000000,14,14,100.00000000,0.00000000
nuscenes,scene-1094_013,yaw_deg,0.00000000,10,Car,22.75398487,20.47351732,0,0.01443667,28,28,100.00000000,0.00000000
nuscenes,scene-1094_013,yaw_deg,0.00000000,11,Car,17.32473321,17.27501962,2,0.00000000,35,35,100.00000000,0.00000000
nuscenes,scene-1094_013,yaw_deg,0.00000000,12,Car,19.41473333,19.34191791,0,0.00000000,168,168,100.00000000,0.00000000
nuscenes,scene-1094_013,yaw_deg,0.50000000,0,Car,14.50245155,14.26768597,0,0.00000000,126,126,100.00000000,11.94987213
nuscenes,scene-1094_013,yaw_deg,0.50000000,1,Car,29.83024309,27.53006300,0,0.00000000,6,6,100.00000000,13.07184359
nuscenes,scene-1094_013,yaw_deg,0.50000000,2,Car,34.02068981,32.34590865,2,0.00000000,10,10,100.00000000,12.49509708
nuscenes,scene-1094_013,yaw_deg,0.50000000,3,Pedestrian,16.54644839,13.89556042,0,0.86663470,10,2,20.00000000,15.74758467
nuscenes,scene-1094_013,yaw_deg,0.50000000,4,Car,39.99904326,36.55907321,2,0.00000000,15,15,100.00000000,13.56858385
nuscenes,scene-1094_013,yaw_deg,0.50000000,5,Car,12.13197996,10.08349487,0,0.48580090,127,68,53.54330709,15.58867219
nuscenes,scene-1094_013,yaw_deg,0.50000000,6,Pedestrian,16.75472130,14.48690181,0,0.00000000,5,5,100.00000000,15.28573170
nuscenes,scene-1094_013,yaw_deg,0.50000000,8,Car,23.08036953,22.37153188,2,0.00000000,14,14,100.00000000,12.36670824
nuscenes,scene-1094_013,yaw_deg,0.50000000,10,Car,22.75398487,20.47351732,0,0.01443667,28,28,100.00000000,13.63265732
nuscenes,scene-1094_013,yaw_deg,0.50000000,11,Car,17.32473321,17.27501962,2,0.00000000,35,35,100.00000000,11.53071943
nuscenes,scene-1094_013,yaw_deg,0.50000000,12,Car,19.41473333,19.34191791,0,0.00000000,168,168,100.00000000,11.53517131
nuscenes,scene-1094_013,yaw_deg,1.00000000,0,Car,14.50245155,14.26768597,0,0.00000000,126,123,97.61904762,23.93571084
nuscenes,scene-1094_013,yaw_deg,1.00000000,1,Car,29.83024309,27.53006300,0,0.00000000,6,6,100.00000000,26.23659133
nuscenes,scene-1094_013,yaw_deg,1.00000000,2,Car,34.02068981,32.34590865,2,0.00000000,10,10,100.00000000,25.06430890
nuscenes,scene-1094_013,yaw_deg,1.00000000,3,Pedestrian,16.54644839,13.89556042,0,0.86663470,10,1,10.00000000,31.32655952
nuscenes,scene-1094_013,yaw_deg,1.00000000,4,Car,39.99904326,36.55907321,2,0.00000000,15,14,93.33333333,27.24828015
nuscenes,scene-1094_013,yaw_deg,1.00000000,5,Car,12.13197996,10.08349487,0,0.48580090,127,61,48.03149606,31.16724136
nuscenes,scene-1094_013,yaw_deg,1.00000000,6,Pedestrian,16.75472130,14.48690181,0,0.00000000,5,5,100.00000000,30.41675140
nuscenes,scene-1094_013,yaw_deg,1.00000000,8,Car,23.08036953,22.37153188,2,0.00000000,14,13,92.85714286,24.79985317
nuscenes,scene-1094_013,yaw_deg,1.00000000,10,Car,22.75398487,20.47351732,0,0.01443667,28,28,100.00000000,27.15905775
nuscenes,scene-1094_013,yaw_deg,1.00000000,11,Car,17.32473321,17.27501962,2,0.00000000,35,35,100.00000000,23.06220281
nuscenes,scene-1094_013,yaw_deg,1.00000000,12,Car,19.41473333,19.34191791,0,0.00000000,168,168,100.00000000,23.05467540
nuscenes,scene-1094_013,yaw_deg,2.00000000,0,Car,14.50245155,14.26768597,0,0.00000000,126,110,87.30158730,48.02300658
nuscenes,scene-1094_013,yaw_deg,2.00000000,1,Car,29.83024309,27.53006300,0,0.00000000,6,6,100.00000000,52.85723157
nuscenes,scene-1094_013,yaw_deg,2.00000000,2,Car,34.02068981,32.34590865,2,0.00000000,10,8,80.00000000,50.43572910
nuscenes,scene-1094_013,yaw_deg,2.00000000,3,Pedestrian,16.54644839,13.89556042,0,0.86663470,10,1,10.00000000,61.99913360
nuscenes,scene-1094_013,yaw_deg,2.00000000,4,Car,39.99904326,36.55907321,2,0.00000000,15,8,53.33333333,54.95521215
nuscenes,scene-1094_013,yaw_deg,2.00000000,5,Car,12.13197996,10.08349487,0,0.48580090,127,47,37.00787402,62.41692030
nuscenes,scene-1094_013,yaw_deg,2.00000000,6,Pedestrian,16.75472130,14.48690181,0,0.00000000,5,2,40.00000000,60.23342172
nuscenes,scene-1094_013,yaw_deg,2.00000000,8,Car,23.08036953,22.37153188,2,0.00000000,14,9,64.28571429,49.87560659
nuscenes,scene-1094_013,yaw_deg,2.00000000,10,Car,22.75398487,20.47351732,0,0.01443667,28,25,89.28571429,53.90643101
nuscenes,scene-1094_013,yaw_deg,2.00000000,11,Car,17.32473321,17.27501962,2,0.00000000,35,35,100.00000000,46.13991296
nuscenes,scene-1094_013,yaw_deg,2.00000000,12,Car,19.41473333,19.34191791,0,0.00000000,168,165,98.21428571,46.05297077
nuscenes,scene-1094_013,yaw_deg,3.00000000,0,Car,14.50245155,14.26768597,0,0.00000000,126,96,76.19047619,72.27352507
nuscenes,scene-1094_013,yaw_deg,3.00000000,1,Car,29.83024309,27.53006300,0,0.00000000,6,6,100.00000000,79.88755965
nuscenes,scene-1094_013,yaw_deg,3.00000000,2,Car,34.02068981,32.34590865,2,0.00000000,10,2,20.00000000,76.13614555
nuscenes,scene-1094_013,yaw_deg,3.00000000,3,Pedestrian,16.54644839,13.89556042,0,0.86663470,10,0,0.00000000,92.05708463
nuscenes,scene-1094_013,yaw_deg,3.00000000,4,Car,39.99904326,36.55907321,2,0.00000000,15,5,33.33333333,83.15017635
nuscenes,scene-1094_013,yaw_deg,3.00000000,5,Car,12.13197996,10.08349487,0,0.48580090,127,33,25.98425197,93.79170058
nuscenes,scene-1094_013,yaw_deg,3.00000000,6,Pedestrian,16.75472130,14.48690181,0,0.00000000,5,0,0.00000000,89.48617882
nuscenes,scene-1094_013,yaw_deg,3.00000000,8,Car,23.08036953,22.37153188,2,0.00000000,14,5,35.71428571,75.24808014
nuscenes,scene-1094_013,yaw_deg,3.00000000,10,Car,22.75398487,20.47351732,0,0.01443667,28,20,71.42857143,80.26799760
nuscenes,scene-1094_013,yaw_deg,3.00000000,11,Car,17.32473321,17.27501962,2,0.00000000,35,35,100.00000000,69.25313396
nuscenes,scene-1094_013,yaw_deg,3.00000000,12,Car,19.41473333,19.34191791,0,0.00000000,168,156,92.85714286,69.02375789
nuscenes,scene-1094_014,yaw_deg,-3.00000000,0,Car,12.87028604,12.73792737,0,0.00000000,180,159,88.33333333,71.57420901
nuscenes,scene-1094_014,yaw_deg,-3.00000000,1,Car,28.18329410,27.80293210,0,0.00000000,14,6,42.85714286,68.81141212
nuscenes,scene-1094_014,yaw_deg,-3.00000000,2,Car,32.37957872,32.26699951,2,0.00000000,11,6,54.54545455,67.92862311
nuscenes,scene-1094_014,yaw_deg,-3.00000000,3,Car,38.35363113,37.69677610,2,0.00000000,16,10,62.50000000,69.44643277
nuscenes,scene-1094_014,yaw_deg,-3.00000000,4,Car,13.47654903,12.29133566,0,0.00000000,99,65,65.65656566,80.18069631
nuscenes,scene-1094_014,yaw_deg,-3.00000000,6,Car,21.42437555,21.39724015,2,0.00000000,11,11,100.00000000,68.44924076
nuscenes,scene-1094_014,yaw_deg,-3.00000000,8,Car,15.77739872,15.33139452,2,0.00000000,48,39,81.25000000,76.66713341
nuscenes,scene-1094_014,yaw_deg,-3.00000000,9,Car,17.93498930,16.89016827,0,0.00000000,199,180,90.45226131,81.19763144
nuscenes,scene-1094_014,yaw_deg,-2.00000000,0,Car,12.87028604,12.73792737,0,0.00000000,180,171,95.00000000,47.60653621
nuscenes,scene-1094_014,yaw_deg,-2.00000000,1,Car,28.18329410,27.80293210,0,0.00000000,14,8,57.14285714,45.96034032
nuscenes,scene-1094_014,yaw_deg,-2.00000000,2,Car,32.37957872,32.26699951,2,0.00000000,11,11,100.00000000,45.33428679
nuscenes,scene-1094_014,yaw_deg,-2.00000000,3,Car,38.35363113,37.69677610,2,0.00000000,16,13,81.25000000,46.43700661
nuscenes,scene-1094_014,yaw_deg,-2.00000000,4,Car,13.47654903,12.29133566,0,0.00000000,99,77,77.77777778,53.81788305
nuscenes,scene-1094_014,yaw_deg,-2.00000000,6,Car,21.42437555,21.39724015,2,0.00000000,11,11,100.00000000,45.63787587
nuscenes,scene-1094_014,yaw_deg,-2.00000000,8,Car,15.77739872,15.33139452,2,0.00000000,48,44,91.66666667,50.81003656
nuscenes,scene-1094_014,yaw_deg,-2.00000000,9,Car,17.93498930,16.89016827,0,0.00000000,199,190,95.47738693,53.74259251
nuscenes,scene-1094_014,yaw_deg,-1.00000000,0,Car,12.87028604,12.73792737,0,0.00000000,180,180,100.00000000,23.75062535
nuscenes,scene-1094_014,yaw_deg,-1.00000000,1,Car,28.18329410,27.80293210,0,0.00000000,14,12,85.71428571,23.02820861
nuscenes,scene-1094_014,yaw_deg,-1.00000000,2,Car,32.37957872,32.26699951,2,0.00000000,11,11,100.00000000,22.69571268
nuscenes,scene-1094_014,yaw_deg,-1.00000000,3,Car,38.35363113,37.69677610,2,0.00000000,16,16,100.00000000,23.29345141
nuscenes,scene-1094_014,yaw_deg,-1.00000000,4,Car,13.47654903,12.29133566,0,0.00000000,99,91,91.91919192,27.09938795
nuscenes,scene-1094_014,yaw_deg,-1.00000000,6,Car,21.42437555,21.39724015,2,0.00000000,11,11,100.00000000,22.82577895
nuscenes,scene-1094_014,yaw_deg,-1.00000000,8,Car,15.77739872,15.33139452,2,0.00000000,48,48,100.00000000,25.26158903
nuscenes,scene-1094_014,yaw_deg,-1.00000000,9,Car,17.93498930,16.89016827,0,0.00000000,199,196,98.49246231,26.67395035
nuscenes,scene-1094_014,yaw_deg,-0.50000000,0,Car,12.87028604,12.73792737,0,0.00000000,180,180,100.00000000,11.86244586
nuscenes,scene-1094_014,yaw_deg,-0.50000000,1,Car,28.18329410,27.80293210,0,0.00000000,14,14,100.00000000,11.52706168
nuscenes,scene-1094_014,yaw_deg,-0.50000000,2,Car,32.37957872,32.26699951,2,0.00000000,11,11,100.00000000,11.35488808
nuscenes,scene-1094_014,yaw_deg,-0.50000000,3,Car,38.35363113,37.69677610,2,0.00000000,16,16,100.00000000,11.66646297
nuscenes,scene-1094_014,yaw_deg,-0.50000000,4,Car,13.47654903,12.29133566,0,0.00000000,99,98,98.98989899,13.59892784
nuscenes,scene-1094_014,yaw_deg,-0.50000000,6,Car,21.42437555,21.39724015,2,0.00000000,11,11,100.00000000,11.41636876
nuscenes,scene-1094_014,yaw_deg,-0.50000000,8,Car,15.77739872,15.33139452,2,0.00000000,48,48,100.00000000,12.59626509
nuscenes,scene-1094_014,yaw_deg,-0.50000000,9,Car,17.93498930,16.89016827,0,0.00000000,199,199,100.00000000,13.28925313
nuscenes,scene-1094_014,yaw_deg,0.00000000,0,Car,12.87028604,12.73792737,0,0.00000000,180,180,100.00000000,0.00000000
nuscenes,scene-1094_014,yaw_deg,0.00000000,1,Car,28.18329410,27.80293210,0,0.00000000,14,14,100.00000000,0.00000000
nuscenes,scene-1094_014,yaw_deg,0.00000000,2,Car,32.37957872,32.26699951,2,0.00000000,11,11,100.00000000,0.00000000
nuscenes,scene-1094_014,yaw_deg,0.00000000,3,Car,38.35363113,37.69677610,2,0.00000000,16,16,100.00000000,0.00000000
nuscenes,scene-1094_014,yaw_deg,0.00000000,4,Car,13.47654903,12.29133566,0,0.00000000,99,99,100.00000000,0.00000000
nuscenes,scene-1094_014,yaw_deg,0.00000000,6,Car,21.42437555,21.39724015,2,0.00000000,11,11,100.00000000,0.00000000
nuscenes,scene-1094_014,yaw_deg,0.00000000,8,Car,15.77739872,15.33139452,2,0.00000000,48,48,100.00000000,0.00000000
nuscenes,scene-1094_014,yaw_deg,0.00000000,9,Car,17.93498930,16.89016827,0,0.00000000,199,199,100.00000000,0.00000000
nuscenes,scene-1094_014,yaw_deg,0.50000000,0,Car,12.87028604,12.73792737,0,0.00000000,180,180,100.00000000,11.84037628
nuscenes,scene-1094_014,yaw_deg,0.50000000,1,Car,28.18329410,27.80293210,0,0.00000000,14,14,100.00000000,11.55489252
nuscenes,scene-1094_014,yaw_deg,0.50000000,2,Car,32.37957872,32.26699951,2,0.00000000,11,11,100.00000000,11.37076689
nuscenes,scene-1094_014,yaw_deg,0.50000000,3,Car,38.35363113,37.69677610,2,0.00000000,16,16,100.00000000,11.70797003
nuscenes,scene-1094_014,yaw_deg,0.50000000,4,Car,13.47654903,12.29133566,0,0.00000000,99,99,100.00000000,13.70073908
nuscenes,scene-1094_014,yaw_deg,0.50000000,6,Car,21.42437555,21.39724015,2,0.00000000,11,11,100.00000000,11.42257999
nuscenes,scene-1094_014,yaw_deg,0.50000000,8,Car,15.77739872,15.33139452,2,0.00000000,48,48,100.00000000,12.52979815
nuscenes,scene-1094_014,yaw_deg,0.50000000,9,Car,17.93498930,16.89016827,0,0.00000000,199,199,100.00000000,13.19694254
nuscenes,scene-1094_014,yaw_deg,1.00000000,0,Car,12.87028604,12.73792737,0,0.00000000,180,176,97.77777778,23.66298245
nuscenes,scene-1094_014,yaw_deg,1.00000000,1,Car,28.18329410,27.80293210,0,0.00000000,14,14,100.00000000,23.13955004
nuscenes,scene-1094_014,yaw_deg,1.00000000,2,Car,32.37957872,32.26699951,2,0.00000000,11,11,100.00000000,22.75923802
nuscenes,scene-1094_014,yaw_deg,1.00000000,3,Car,38.35363113,37.69677610,2,0.00000000,16,15,93.75000000,23.45950707
nuscenes,scene-1094_014,yaw_deg,1.00000000,4,Car,13.47654903,12.29133566,0,0.00000000,99,95,95.95959596,27.50671634
nuscenes,scene-1094_014,yaw_deg,1.00000000,6,Car,21.42437555,21.39724015,2,0.00000000,11,10,90.90909091,22.85461527
nuscenes,scene-1094_014,yaw_deg,1.00000000,8,Car,15.77739872,15.33139452,2,0.00000000,48,48,100.00000000,24.99567289
nuscenes,scene-1094_014,yaw_deg,1.00000000,9,Car,17.93498930,16.89016827,0,0.00000000,199,199,100.00000000,26.30463558
nuscenes,scene-1094_014,yaw_deg,2.00000000,0,Car,12.87028604,12.73792737,0,0.00000000,180,161,89.44444444,47.26290717
nuscenes,scene-1094_014,yaw_deg,2.00000000,1,Car,28.18329410,27.80293210,0,0.00000000,14,13,92.85714286,46.40599471
nuscenes,scene-1094_014,yaw_deg,2.00000000,2,Car,32.37957872,32.26699951,2,0.00000000,11,7,63.63636364,45.59665203
nuscenes,scene-1094_014,yaw_deg,2.00000000,3,Car,38.35363113,37.69677610,2,0.00000000,16,8,50.00000000,47.10166815
nuscenes,scene-1094_014,yaw_deg,2.00000000,4,Car,13.47654903,12.29133566,0,0.00000000,99,82,82.82828283,55.44853285
nuscenes,scene-1094_014,yaw_deg,2.00000000,6,Car,21.42437555,21.39724015,2,0.00000000,11,8,72.72727273,45.75441114
nuscenes,scene-1094_014,yaw_deg,2.00000000,8,Car,15.77739872,15.33139452,2,0.00000000,48,48,100.00000000,49.74559768
nuscenes,scene-1094_014,yaw_deg,2.00000000,9,Car,17.93498930,16.89016827,0,0.00000000,199,195,97.98994975,52.26417359
nuscenes,scene-1094_014,yaw_deg,3.00000000,0,Car,12.87028604,12.73792737,0,0.00000000,180,143,79.44444444,70.81572373
nuscenes,scene-1094_014,yaw_deg,3.00000000,1,Car,28.18329410,27.80293210,0,0.00000000,14,11,78.57142857,69.81521869
nuscenes,scene-1094_014,yaw_deg,3.00000000,2,Car,32.37957872,32.26699951,2,0.00000000,11,1,9.09090909,68.52709187
nuscenes,scene-1094_014,yaw_deg,3.00000000,3,Car,38.35363113,37.69677610,2,0.00000000,16,5,31.25000000,70.94356962
nuscenes,scene-1094_014,yaw_deg,3.00000000,4,Car,13.47654903,12.29133566,0,0.00000000,99,74,74.74747475,83.85467910
nuscenes,scene-1094_014,yaw_deg,3.00000000,6,Car,21.42437555,21.39724015,2,0.00000000,11,5,45.45454545,68.71418586
nuscenes,scene-1094_014,yaw_deg,3.00000000,8,Car,15.77739872,15.33139452,2,0.00000000,48,48,100.00000000,74.26923726
nuscenes,scene-1094_014,yaw_deg,3.00000000,9,Car,17.93498930,16.89016827,0,0.00000000,199,187,93.96984925,77.90176788
nuscenes,scene-1094_015,yaw_deg,-3.00000000,0,Car,11.08938876,10.12789845,0,0.14449431,288,219,76.04166667,84.45762675
nuscenes,scene-1094_015,yaw_deg,-3.00000000,1,Car,26.25326226,26.14867080,0,0.00000000,18,11,61.11111111,69.15688682
nuscenes,scene-1094_015,yaw_deg,-3.00000000,2,Car,30.47960028,30.04495595,2,0.00000000,13,7,53.84615385,70.36649916
nuscenes,scene-1094_015,yaw_deg,-3.00000000,3,Car,36.41432312,36.35344687,2,0.00000000,16,10,62.50000000,67.79830523
nuscenes,scene-1094_015,yaw_deg,-3.00000000,4,Car,14.78904727,14.37945966,0,0.00000000,86,60,69.76744186,71.82260118
nuscenes,scene-1094_015,yaw_deg,-3.00000000,5,Car,19.55342976,18.86551659,1,0.00000000,28,28,100.00000000,72.70403749
nuscenes,scene-1094_015,yaw_deg,-3.00000000,8,Car,14.15072241,12.14877361,2,0.52309279,58,0,0.00000000,
nuscenes,scene-1094_015,yaw_deg,-3.00000000,9,Car,16.43499193,13.11581877,0,0.79740850,264,12,4.54545455,90.04932812
nuscenes,scene-1094_015,yaw_deg,-2.00000000,0,Car,11.08938876,10.12789845,0,0.14449431,288,239,82.98611111,56.41915619
nuscenes,scene-1094_015,yaw_deg,-2.00000000,1,Car,26.25326226,26.14867080,0,0.00000000,18,14,77.77777778,45.99976214
nuscenes,scene-1094_015,yaw_deg,-2.00000000,2,Car,30.47960028,30.04495595,2,0.00000000,13,12,92.30769231,46.74677463
nuscenes,scene-1094_015,yaw_deg,-2.00000000,3,Car,36.41432312,36.35344687,2,0.00000000,16,13,81.25000000,45.14009167
nuscenes,scene-1094_015,yaw_deg,-2.00000000,4,Car,14.78904727,14.37945966,0,0.00000000,86,71,82.55813953,48.03247304
nuscenes,scene-1094_015,yaw_deg,-2.00000000,5,Car,19.55342976,18.86551659,1,0.00000000,28,28,100.00000000,48.25117251
nuscenes,scene-1094_015,yaw_deg,-2.00000000,8,Car,14.15072241,12.14877361,2,0.52309279,58,0,0.00000000,
nuscenes,scene-1094_015,yaw_deg,-2.00000000,9,Car,16.43499193,13.11581877,0,0.79740850,264,20,7.57575758,60.03542804
nuscenes,scene-1094_015,yaw_deg,-1.00000000,0,Car,11.08938876,10.12789845,0,0.14449431,288,257,89.23611111,28.17955500
nuscenes,scene-1094_015,yaw_deg,-1.00000000,1,Car,26.25326226,26.14867080,0,0.00000000,18,17,94.44444444,22.95255995
nuscenes,scene-1094_015,yaw_deg,-1.00000000,2,Car,30.47960028,30.04495595,2,0.00000000,13,13,100.00000000,23.29674968
nuscenes,scene-1094_015,yaw_deg,-1.00000000,3,Car,36.41432312,36.35344687,2,0.00000000,16,16,100.00000000,22.54543837
nuscenes,scene-1094_015,yaw_deg,-1.00000000,4,Car,14.78904727,14.37945966,0,0.00000000,86,82,95.34883721,24.09732020
nuscenes,scene-1094_015,yaw_deg,-1.00000000,5,Car,19.55342976,18.86551659,1,0.00000000,28,28,100.00000000,24.02260010
nuscenes,scene-1094_015,yaw_deg,-1.00000000,8,Car,14.15072241,12.14877361,2,0.52309279,58,0,0.00000000,
nuscenes,scene-1094_015,yaw_deg,-1.00000000,9,Car,16.43499193,13.11581877,0,0.79740850,264,31,11.74242424,30.14370542
nuscenes,scene-1094_015,yaw_deg,-0.50000000,0,Car,11.08938876,10.12789845,0,0.14449431,288,268,93.05555556,14.13132638
nuscenes,scene-1094_015,yaw_deg,-0.50000000,1,Car,26.25326226,26.14867080,0,0.00000000,18,18,100.00000000,11.46539474
nuscenes,scene-1094_015,yaw_deg,-0.50000000,2,Car,30.47960028,30.04495595,2,0.00000000,13,13,100.00000000,11.63022563
nuscenes,scene-1094_015,yaw_deg,-0.50000000,3,Car,36.41432312,36.35344687,2,0.00000000,16,16,100.00000000,11.26745867
nuscenes,scene-1094_015,yaw_deg,-0.50000000,4,Car,14.78904727,14.37945966,0,0.00000000,86,85,98.83720930,12.07001917
nuscenes,scene-1094_015,yaw_deg,-0.50000000,5,Car,19.55342976,18.86551659,1,0.00000000,28,28,100.00000000,11.98667571
nuscenes,scene-1094_015,yaw_deg,-0.50000000,8,Car,14.15072241,12.14877361,2,0.52309279,58,1,1.72413793,15.62287032
nuscenes,scene-1094_015,yaw_deg,-0.50000000,9,Car,16.43499193,13.11581877,0,0.79740850,264,39,14.77272727,15.10092331
nuscenes,scene-1094_015,yaw_deg,0.00000000,0,Car,11.08938876,10.12789845,0,0.14449431,288,275,95.48611111,0.00000000
nuscenes,scene-1094_015,yaw_deg,0.00000000,1,Car,26.25326226,26.14867080,0,0.00000000,18,18,100.00000000,0.00000000
nuscenes,scene-1094_015,yaw_deg,0.00000000,2,Car,30.47960028,30.04495595,2,0.00000000,13,13,100.00000000,0.00000000
nuscenes,scene-1094_015,yaw_deg,0.00000000,3,Car,36.41432312,36.35344687,2,0.00000000,16,16,100.00000000,0.00000000
nuscenes,scene-1094_015,yaw_deg,0.00000000,4,Car,14.78904727,14.37945966,0,0.00000000,86,86,100.00000000,0.00000000
nuscenes,scene-1094_015,yaw_deg,0.00000000,5,Car,19.55342976,18.86551659,1,0.00000000,28,28,100.00000000,0.00000000
nuscenes,scene-1094_015,yaw_deg,0.00000000,8,Car,14.15072241,12.14877361,2,0.52309279,58,1,1.72413793,0.00000000
nuscenes,scene-1094_015,yaw_deg,0.00000000,9,Car,16.43499193,13.11581877,0,0.79740850,264,43,16.28787879,0.00000000
nuscenes,scene-1094_015,yaw_deg,0.50000000,0,Car,11.08938876,10.12789845,0,0.14449431,288,285,98.95833333,14.08119486
nuscenes,scene-1094_015,yaw_deg,0.50000000,1,Car,26.25326226,26.14867080,0,0.00000000,18,18,100.00000000,11.44549661
nuscenes,scene-1094_015,yaw_deg,0.50000000,2,Car,30.47960028,30.04495595,2,0.00000000,13,13,100.00000000,11.59591750
nuscenes,scene-1094_015,yaw_deg,0.50000000,3,Car,36.41432312,36.35344687,2,0.00000000,16,16,100.00000000,11.25871185
nuscenes,scene-1094_015,yaw_deg,0.50000000,4,Car,14.78904727,14.37945966,0,0.00000000,86,84,97.67441860,12.11494986
nuscenes,scene-1094_015,yaw_deg,0.50000000,5,Car,19.55342976,18.86551659,1,0.00000000,28,26,92.85714286,11.93962884
nuscenes,scene-1094_015,yaw_deg,0.50000000,8,Car,14.15072241,12.14877361,2,0.52309279,58,3,5.17241379,15.45893378
nuscenes,scene-1094_015,yaw_deg,0.50000000,9,Car,16.43499193,13.11581877,0,0.79740850,264,51,19.31818182,15.04863573
nuscenes,scene-1094_015,yaw_deg,1.00000000,0,Car,11.08938876,10.12789845,0,0.14449431,288,285,98.95833333,28.05112311
nuscenes,scene-1094_015,yaw_deg,1.00000000,1,Car,26.25326226,26.14867080,0,0.00000000,18,18,100.00000000,22.87295472
nuscenes,scene-1094_015,yaw_deg,1.00000000,2,Car,30.47960028,30.04495595,2,0.00000000,13,13,100.00000000,23.15949479
nuscenes,scene-1094_015,yaw_deg,1.00000000,3,Car,36.41432312,36.35344687,2,0.00000000,16,15,93.75000000,22.51044563
nuscenes,scene-1094_015,yaw_deg,1.00000000,4,Car,14.78904727,14.37945966,0,0.00000000,86,78,90.69767442,24.27695965
nuscenes,scene-1094_015,yaw_deg,1.00000000,5,Car,19.55342976,18.86551659,1,0.00000000,28,24,85.71428571,23.83438065
nuscenes,scene-1094_015,yaw_deg,1.00000000,8,Car,14.15072241,12.14877361,2,0.52309279,58,6,10.34482759,30.75895369
nuscenes,scene-1094_015,yaw_deg,1.00000000,9,Car,16.43499193,13.11581877,0,0.79740850,264,55,20.83333333,29.94893122
nuscenes,scene-1094_015,yaw_deg,2.00000000,0,Car,11.08938876,10.12789845,0,0.14449431,288,272,94.44444444,55.67154935
nuscenes,scene-1094_015,yaw_deg,2.00000000,1,Car,26.25326226,26.14867080,0,0.00000000,18,16,88.88888889,45.68113784
nuscenes,scene-1094_015,yaw_deg,2.00000000,2,Car,30.47960028,30.04495595,2,0.00000000,13,12,92.30769231,46.19739665
nuscenes,scene-1094_015,yaw_deg,2.00000000,3,Car,36.41432312,36.35344687,2,0.00000000,16,9,56.25000000,45.00093720
nuscenes,scene-1094_015,yaw_deg,2.00000000,4,Car,14.78904727,14.37945966,0,0.00000000,86,76,88.37209302,48.74961427
nuscenes,scene-1094_015,yaw_deg,2.00000000,5,Car,19.55342976,18.86551659,1,0.00000000,28,20,71.42857143,47.49778232
nuscenes,scene-1094_015,yaw_deg,2.00000000,8,Car,14.15072241,12.14877361,2,0.52309279,58,15,25.86206897,60.90158568
nuscenes,scene-1094_015,yaw_deg,2.00000000,9,Car,16.43499193,13.11581877,0,0.79740850,264,62,23.48484848,59.32247460
nuscenes,scene-1094_015,yaw_deg,3.00000000,0,Car,11.08938876,10.12789845,0,0.14449431,288,254,88.19444444,82.88914114
nuscenes,scene-1094_015,yaw_deg,3.00000000,1,Car,26.25326226,26.14867080,0,0.00000000,18,15,83.33333333,68.43921831
nuscenes,scene-1094_015,yaw_deg,3.00000000,2,Car,30.47960028,30.04495595,2,0.00000000,13,6,46.15384615,69.12687223
nuscenes,scene-1094_015,yaw_deg,3.00000000,3,Car,36.41432312,36.35344687,2,0.00000000,16,6,37.50000000,67.48791312
nuscenes,scene-1094_015,yaw_deg,3.00000000,4,Car,14.78904727,14.37945966,0,0.00000000,86,64,74.41860465,73.43656965
nuscenes,scene-1094_015,yaw_deg,3.00000000,5,Car,19.55342976,18.86551659,1,0.00000000,28,14,50.00000000,71.00698520
nuscenes,scene-1094_015,yaw_deg,3.00000000,8,Car,14.15072241,12.14877361,2,0.52309279,58,23,39.65517241,90.46514078
nuscenes,scene-1094_015,yaw_deg,3.00000000,9,Car,16.43499193,13.11581877,0,0.79740850,264,63,23.86363636,88.15529253
nuscenes,scene-1094_016,yaw_deg,-3.00000000,0,Car,9.31012450,6.90114990,0,0.96674056,481,0,0.00000000,
nuscenes,scene-1094_016,yaw_deg,-3.00000000,1,Car,24.07565565,23.05505710,0,0.00000000,22,17,77.27272727,75.45873114
nuscenes,scene-1094_016,yaw_deg,-3.00000000,2,Car,28.37094453,26.39710485,2,0.00000000,20,12,60.00000000,79.97224574
nuscenes,scene-1094_016,yaw_deg,-3.00000000,3,Car,34.21883930,33.11949091,2,0.00000000,17,13,76.47058824,72.19777131
nuscenes,scene-1094_016,yaw_deg,-3.00000000,4,Car,15.97805079,15.87951161,0,0.00000000,72,44,61.11111111,69.26597643
nuscenes,scene-1094_016,yaw_deg,-3.00000000,5,Car,17.55129116,15.37874788,0,0.33413130,23,13,56.52173913,90.02461674
nuscenes,scene-1094_016,yaw_deg,-3.00000000,6,Car,31.64356412,31.07284614,0,0.00000000,7,1,14.28571429,71.16416827
nuscenes,scene-1094_016,yaw_deg,-2.00000000,0,Car,9.31012450,6.90114990,0,0.96674056,481,0,0.00000000,
nuscenes,scene-1094_016,yaw_deg,-2.00000000,1,Car,24.07565565,23.05505710,0,0.00000000,22,21,95.45454545,50.00827065
nuscenes,scene-1094_016,yaw_deg,-2.00000000,2,Car,28.37094453,26.39710485,2,0.00000000,20,18,90.00000000,52.90949918
nuscenes,scene-1094_016,yaw_deg,-2.00000000,3,Car,34.21883930,33.11949091,2,0.00000000,17,16,94.11764706,47.90299332
nuscenes,scene-1094_016,yaw_deg,-2.00000000,4,Car,15.97805079,15.87951161,0,0.00000000,72,56,77.77777778,46.18911144
nuscenes,scene-1094_016,yaw_deg,-2.00000000,5,Car,17.55129116,15.37874788,0,0.33413130,23,21,91.30434783,59.90380781
nuscenes,scene-1094_016,yaw_deg,-2.00000000,6,Car,31.64356412,31.07284614,0,0.00000000,7,4,57.14285714,47.24843678
nuscenes,scene-1094_016,yaw_deg,-1.00000000,0,Car,9.31012450,6.90114990,0,0.96674056,481,0,0.00000000,
nuscenes,scene-1094_016,yaw_deg,-1.00000000,1,Car,24.07565565,23.05505710,0,0.00000000,22,22,100.00000000,24.86237951
nuscenes,scene-1094_016,yaw_deg,-1.00000000,2,Car,28.37094453,26.39710485,2,0.00000000,20,20,100.00000000,26.26067272
nuscenes,scene-1094_016,yaw_deg,-1.00000000,3,Car,34.21883930,33.11949091,2,0.00000000,17,17,100.00000000,23.84313810
nuscenes,scene-1094_016,yaw_deg,-1.00000000,4,Car,15.97805079,15.87951161,0,0.00000000,72,68,94.44444444,23.10094013
nuscenes,scene-1094_016,yaw_deg,-1.00000000,5,Car,17.55129116,15.37874788,0,0.33413130,23,23,100.00000000,29.85808738
nuscenes,scene-1094_016,yaw_deg,-1.00000000,6,Car,31.64356412,31.07284614,0,0.00000000,7,7,100.00000000,23.53277635
nuscenes,scene-1094_016,yaw_deg,-0.50000000,0,Car,9.31012450,6.90114990,0,0.96674056,481,5,1.03950104,15.83213702
nuscenes,scene-1094_016,yaw_deg,-0.50000000,1,Car,24.07565565,23.05505710,0,0.00000000,22,22,100.00000000,12.39703389
nuscenes,scene-1094_016,yaw_deg,-0.50000000,2,Car,28.37094453,26.39710485,2,0.00000000,20,20,100.00000000,13.08337861
nuscenes,scene-1094_016,yaw_deg,-0.50000000,3,Car,34.21883930,33.11949091,2,0.00000000,17,17,100.00000000,11.89559345
nuscenes,scene-1094_016,yaw_deg,-0.50000000,4,Car,15.97805079,15.87951161,0,0.00000000,72,71,98.61111111,11.55421697
nuscenes,scene-1094_016,yaw_deg,-0.50000000,5,Car,17.55129116,15.37874788,0,0.33413130,23,23,100.00000000,14.85560152
nuscenes,scene-1094_016,yaw_deg,-0.50000000,6,Car,31.64356412,31.07284614,0,0.00000000,7,7,100.00000000,11.74458212
nuscenes,scene-1094_016,yaw_deg,0.00000000,0,Car,9.31012450,6.90114990,0,0.96674056,481,15,3.11850312,0.00000000
nuscenes,scene-1094_016,yaw_deg,0.00000000,1,Car,24.07565565,23.05505710,0,0.00000000,22,22,100.00000000,0.00000000
nuscenes,scene-1094_016,yaw_deg,0.00000000,2,Car,28.37094453,26.39710485,2,0.00000000,20,20,100.00000000,0.00000000
nuscenes,scene-1094_016,yaw_deg,0.00000000,3,Car,34.21883930,33.11949091,2,0.00000000,17,17,100.00000000,0.00000000
nuscenes,scene-1094_016,yaw_deg,0.00000000,4,Car,15.97805079,15.87951161,0,0.00000000,72,72,100.00000000,0.00000000
nuscenes,scene-1094_016,yaw_deg,0.00000000,5,Car,17.55129116,15.37874788,0,0.33413130,23,23,100.00000000,0.00000000
nuscenes,scene-1094_016,yaw_deg,0.00000000,6,Car,31.64356412,31.07284614,0,0.00000000,7,7,100.00000000,0.00000000
nuscenes,scene-1094_016,yaw_deg,0.50000000,0,Car,9.31012450,6.90114990,0,0.96674056,481,22,4.57380457,15.80024639
nuscenes,scene-1094_016,yaw_deg,0.50000000,1,Car,24.07565565,23.05505710,0,0.00000000,22,22,100.00000000,12.33122631
nuscenes,scene-1094_016,yaw_deg,0.50000000,2,Car,28.37094453,26.39710485,2,0.00000000,20,20,100.00000000,12.99249388
nuscenes,scene-1094_016,yaw_deg,0.50000000,3,Car,34.21883930,33.11949091,2,0.00000000,17,17,100.00000000,11.84582581
nuscenes,scene-1094_016,yaw_deg,0.50000000,4,Car,15.97805079,15.87951161,0,0.00000000,72,71,98.61111111,11.56395035
nuscenes,scene-1094_016,yaw_deg,0.50000000,5,Car,17.55129116,15.37874788,0,0.33413130,23,23,100.00000000,14.71320156
nuscenes,scene-1094_016,yaw_deg,0.50000000,6,Car,31.64356412,31.07284614,0,0.00000000,7,7,100.00000000,11.70304223
nuscenes,scene-1094_016,yaw_deg,1.00000000,0,Car,9.31012450,6.90114990,0,0.96674056,481,18,3.74220374,31.43326758
nuscenes,scene-1094_016,yaw_deg,1.00000000,1,Car,24.07565565,23.05505710,0,0.00000000,22,22,100.00000000,24.59910218
nuscenes,scene-1094_016,yaw_deg,1.00000000,2,Car,28.37094453,26.39710485,2,0.00000000,20,20,100.00000000,25.89706375
nuscenes,scene-1094_016,yaw_deg,1.00000000,3,Car,34.21883930,33.11949091,2,0.00000000,17,14,82.35294118,23.64403396
nuscenes,scene-1094_016,yaw_deg,1.00000000,4,Car,15.97805079,15.87951161,0,0.00000000,72,68,94.44444444,23.13976977
nuscenes,scene-1094_016,yaw_deg,1.00000000,5,Car,17.55129116,15.37874788,0,0.33413130,23,23,100.00000000,29.28835747
nuscenes,scene-1094_016,yaw_deg,1.00000000,6,Car,31.64356412,31.07284614,0,0.00000000,7,7,100.00000000,23.36658929
nuscenes,scene-1094_016,yaw_deg,2.00000000,0,Car,9.31012450,6.90114990,0,0.96674056,481,24,4.98960499,62.21810656
nuscenes,scene-1094_016,yaw_deg,2.00000000,1,Car,24.07565565,23.05505710,0,0.00000000,22,19,86.36363636,48.95440859
nuscenes,scene-1094_016,yaw_deg,2.00000000,2,Car,28.37094453,26.39710485,2,0.00000000,20,19,95.00000000,51.45394157
nuscenes,scene-1094_016,yaw_deg,2.00000000,3,Car,34.21883930,33.11949091,2,0.00000000,17,9,52.94117647,47.10603919
nuscenes,scene-1094_016,yaw_deg,2.00000000,4,Car,15.97805079,15.87951161,0,0.00000000,72,61,84.72222222,46.33462187
nuscenes,scene-1094_016,yaw_deg,2.00000000,5,Car,17.55129116,15.37874788,0,0.33413130,23,22,95.65217391,58.04133248
nuscenes,scene-1094_016,yaw_deg,2.00000000,6,Car,31.64356412,31.07284614,0,0.00000000,7,7,100.00000000,46.58324815
nuscenes,scene-1094_016,yaw_deg,3.00000000,0,Car,9.31012450,6.90114990,0,0.96674056,481,31,6.44490644,92.39392402
nuscenes,scene-1094_016,yaw_deg,3.00000000,1,Car,24.07565565,23.05505710,0,0.00000000,22,16,72.72727273,73.08471402
nuscenes,scene-1094_016,yaw_deg,3.00000000,2,Car,28.37094453,26.39710485,2,0.00000000,20,11,55.00000000,76.69302687
nuscenes,scene-1094_016,yaw_deg,3.00000000,3,Car,34.21883930,33.11949091,2,0.00000000,17,6,35.29411765,70.40260537
nuscenes,scene-1094_016,yaw_deg,3.00000000,4,Car,15.97805079,15.87951161,0,0.00000000,72,53,73.61111111,69.59986547
nuscenes,scene-1094_016,yaw_deg,3.00000000,5,Car,17.55129116,15.37874788,0,0.33413130,23,22,95.65217391,86.29136393
nuscenes,scene-1094_016,yaw_deg,3.00000000,6,Car,31.64356412,31.07284614,0,0.00000000,7,4,57.14285714,69.66583982
nuscenes,scene-1094_017,yaw_deg,-3.00000000,0,Car,21.67950052,20.02570777,0,0.00000000,27,21,77.77777778,82.53377087
nuscenes,scene-1094_017,yaw_deg,-3.00000000,1,Car,26.07896442,23.15650009,2,0.00000000,22,14,63.63636364,88.50741302
nuscenes,scene-1094_017,yaw_deg,-3.00000000,2,Car,31.77927931,29.96767260,2,0.00000000,16,11,68.75000000,77.29736218
nuscenes,scene-1094_017,yaw_deg,-3.00000000,3,Car,17.19733423,17.15522878,0,0.00000000,64,34,53.12500000,68.91556376
nuscenes,scene-1094_017,yaw_deg,-3.00000000,4,Car,15.39409877,12.26829585,0,0.87934254,67,0,0.00000000,
nuscenes,scene-1094_017,yaw_deg,-3.00000000,5,Car,29.12366427,28.07687758,0,0.00000000,6,3,50.00000000,74.14435405
nuscenes,scene-1094_017,yaw_deg,-2.00000000,0,Car,21.67950052,20.02570777,0,0.00000000,27,24,88.88888889,54.56970899
nuscenes,scene-1094_017,yaw_deg,-2.00000000,1,Car,26.07896442,23.15650009,2,0.00000000,22,19,86.36363636,58.72167076
nuscenes,scene-1094_017,yaw_deg,-2.00000000,2,Car,31.77927931,29.96767260,2,0.00000000,16,14,87.50000000,51.18126311
nuscenes,scene-1094_017,yaw_deg,-2.00000000,3,Car,17.19733423,17.15522878,0,0.00000000,64,44,68.75000000,45.93702882
nuscenes,scene-1094_017,yaw_deg,-2.00000000,4,Car,15.39409877,12.26829585,0,0.87934254,67,0,0.00000000,
nuscenes,scene-1094_017,yaw_deg,-2.00000000,5,Car,29.12366427,28.07687758,0,0.00000000,6,5,83.33333333,49.15685957
nuscenes,scene-1094_017,yaw_deg,-1.00000000,0,Car,21.67950052,20.02570777,0,0.00000000,27,26,96.29629630,27.06790479
nuscenes,scene-1094_017,yaw_deg,-1.00000000,1,Car,26.07896442,23.15650009,2,0.00000000,22,22,100.00000000,29.16753148
nuscenes,scene-1094_017,yaw_deg,-1.00000000,2,Car,31.77927931,29.96767260,2,0.00000000,16,16,100.00000000,25.42317139
nuscenes,scene-1094_017,yaw_deg,-1.00000000,3,Car,17.19733423,17.15522878,0,0.00000000,64,55,85.93750000,22.96637227
nuscenes,scene-1094_017,yaw_deg,-1.00000000,4,Car,15.39409877,12.26829585,0,0.87934254,67,1,1.49253731,31.10789624
nuscenes,scene-1094_017,yaw_deg,-1.00000000,5,Car,29.12366427,28.07687758,0,0.00000000,6,5,83.33333333,24.44871271
nuscenes,scene-1094_017,yaw_deg,-0.50000000,0,Car,21.67950052,20.02570777,0,0.00000000,27,27,100.00000000,13.48143034
nuscenes,scene-1094_017,yaw_deg,-0.50000000,1,Car,26.07896442,23.15650009,2,0.00000000,22,22,100.00000000,14.51412912
nuscenes,scene-1094_017,yaw_deg,-0.50000000,2,Car,31.77927931,29.96767260,2,0.00000000,16,16,100.00000000,12.67112327
nuscenes,scene-1094_017,yaw_deg,-0.50000000,3,Car,17.19733423,17.15522878,0,0.00000000,64,62,96.87500000,11.48240595
nuscenes,scene-1094_017,yaw_deg,-0.50000000,4,Car,15.39409877,12.26829585,0,0.87934254,67,2,2.98507463,15.51139763
nuscenes,scene-1094_017,yaw_deg,-0.50000000,5,Car,29.12366427,28.07687758,0,0.00000000,6,6,100.00000000,12.19314216
nuscenes,scene-1094_017,yaw_deg,0.00000000,0,Car,21.67950052,20.02570777,0,0.00000000,27,27,100.00000000,0.00000000
nuscenes,scene-1094_017,yaw_deg,0.00000000,1,Car,26.07896442,23.15650009,2,0.00000000,22,22,100.00000000,0.00000000
nuscenes,scene-1094_017,yaw_deg,0.00000000,2,Car,31.77927931,29.96767260,2,0.00000000,16,16,100.00000000,0.00000000
nuscenes,scene-1094_017,yaw_deg,0.00000000,3,Car,17.19733423,17.15522878,0,0.00000000,64,64,100.00000000,0.00000000
nuscenes,scene-1094_017,yaw_deg,0.00000000,4,Car,15.39409877,12.26829585,0,0.87934254,67,7,10.44776119,0.00000000
nuscenes,scene-1094_017,yaw_deg,0.00000000,5,Car,29.12366427,28.07687758,0,0.00000000,6,6,100.00000000,0.00000000
nuscenes,scene-1094_017,yaw_deg,0.50000000,0,Car,21.67950052,20.02570777,0,0.00000000,27,27,100.00000000,13.37970958
nuscenes,scene-1094_017,yaw_deg,0.50000000,1,Car,26.07896442,23.15650009,2,0.00000000,22,22,100.00000000,14.37907576
nuscenes,scene-1094_017,yaw_deg,0.50000000,2,Car,31.77927931,29.96767260,2,0.00000000,16,16,100.00000000,12.59292774
nuscenes,scene-1094_017,yaw_deg,0.50000000,3,Car,17.19733423,17.15522878,0,0.00000000,64,63,98.43750000,11.48279132
nuscenes,scene-1094_017,yaw_deg,0.50000000,4,Car,15.39409877,12.26829585,0,0.87934254,67,10,14.92537313,15.53107670
nuscenes,scene-1094_017,yaw_deg,0.50000000,5,Car,29.12366427,28.07687758,0,0.00000000,6,6,100.00000000,12.13308851
nuscenes,scene-1094_017,yaw_deg,1.00000000,0,Car,21.67950052,20.02570777,0,0.00000000,27,27,100.00000000,26.66094015
nuscenes,scene-1094_017,yaw_deg,1.00000000,1,Car,26.07896442,23.15650009,2,0.00000000,22,22,100.00000000,28.62719824
nuscenes,scene-1094_017,yaw_deg,1.00000000,2,Car,31.77927931,29.96767260,2,0.00000000,16,16,100.00000000,25.11033163
nuscenes,scene-1094_017,yaw_deg,1.00000000,3,Car,17.19733423,17.15522878,0,0.00000000,64,56,87.50000000,22.96737248
nuscenes,scene-1094_017,yaw_deg,1.00000000,4,Car,15.39409877,12.26829585,0,0.87934254,67,13,19.40298507,30.89899592
nuscenes,scene-1094_017,yaw_deg,1.00000000,5,Car,29.12366427,28.07687758,0,0.00000000,6,6,100.00000000,24.20845619
nuscenes,scene-1094_017,yaw_deg,2.00000000,0,Car,21.67950052,20.02570777,0,0.00000000,27,24,88.88888889,52.94054370
nuscenes,scene-1094_017,yaw_deg,2.00000000,1,Car,26.07896442,23.15650009,2,0.00000000,22,21,95.45454545,56.74641496
nuscenes,scene-1094_017,yaw_deg,2.00000000,2,Car,31.77927931,29.96767260,2,0.00000000,16,14,87.50000000,49.92898081
nuscenes,scene-1094_017,yaw_deg,2.00000000,3,Car,17.19733423,17.15522878,0,0.00000000,64,52,81.25000000,45.94705449
nuscenes,scene-1094_017,yaw_deg,2.00000000,4,Car,15.39409877,12.26829585,0,0.87934254,67,16,23.88059701,61.16508401
nuscenes,scene-1094_017,yaw_deg,2.00000000,5,Car,29.12366427,28.07687758,0,0.00000000,6,6,100.00000000,48.19516198
nuscenes,scene-1094_017,yaw_deg,3.00000000,0,Car,21.67950052,20.02570777,0,0.00000000,27,21,77.77777778,78.86323912
nuscenes,scene-1094_017,yaw_deg,3.00000000,1,Car,26.07896442,23.15650009,2,0.00000000,22,17,77.27272727,84.38824214
nuscenes,scene-1094_017,yaw_deg,3.00000000,2,Car,31.77927931,29.96767260,2,0.00000000,16,9,56.25000000,74.47625862
nuscenes,scene-1094_017,yaw_deg,3.00000000,3,Car,17.19733423,17.15522878,0,0.00000000,64,40,62.50000000,68.97101751
nuscenes,scene-1094_017,yaw_deg,3.00000000,4,Car,15.39409877,12.26829585,0,0.87934254,67,16,23.88059701,90.83623682
nuscenes,scene-1094_017,yaw_deg,3.00000000,5,Car,29.12366427,28.07687758,0,0.00000000,6,3,50.00000000,71.97801223
nuscenes,scene-1094_018,yaw_deg,-3.00000000,0,Car,19.16450922,16.93430539,0,0.23954467,52,25,48.07692308,87.27465793
nuscenes,scene-1094_018,yaw_deg,-3.00000000,1,Car,23.69511783,19.95417592,2,0.64398967,23,0,0.00000000,
nuscenes,scene-1094_018,yaw_deg,-3.00000000,2,Car,29.18526833,26.80718958,2,0.00000000,10,10,100.00000000,80.46541923
nuscenes,scene-1094_018,yaw_deg,-3.00000000,3,Car,18.19826690,18.15613852,0,0.00000000,43,23,53.48837209,68.56543030
nuscenes,scene-1094_018,yaw_deg,-2.00000000,0,Car,19.16450922,16.93430539,0,0.23954467,52,32,61.53846154,58.22398602
nuscenes,scene-1094_018,yaw_deg,-2.00000000,1,Car,23.69511783,19.95417592,2,0.64398967,23,0,0.00000000,
nuscenes,scene-1094_018,yaw_deg,-2.00000000,2,Car,29.18526833,26.80718958,2,0.00000000,10,10,100.00000000,53.22460728
nuscenes,scene-1094_018,yaw_deg,-2.00000000,3,Car,18.19826690,18.15613852,0,0.00000000,43,31,72.09302326,45.70715294
nuscenes,scene-1094_018,yaw_deg,-1.00000000,0,Car,19.16450922,16.93430539,0,0.23954467,52,36,69.23076923,29.10183329
nuscenes,scene-1094_018,yaw_deg,-1.00000000,1,Car,23.69511783,19.95417592,2,0.64398967,23,0,0.00000000,
nuscenes,scene-1094_018,yaw_deg,-1.00000000,2,Car,29.18526833,26.80718958,2,0.00000000,10,10,100.00000000,26.41158877
nuscenes,scene-1094_018,yaw_deg,-1.00000000,3,Car,18.19826690,18.15613852,0,0.00000000,43,39,90.69767442,22.85050691
nuscenes,scene-1094_018,yaw_deg,-0.50000000,0,Car,19.16450922,16.93430539,0,0.23954467,52,39,75.00000000,14.58123753
nuscenes,scene-1094_018,yaw_deg,-0.50000000,1,Car,23.69511783,19.95417592,2,0.64398967,23,0,0.00000000,
nuscenes,scene-1094_018,yaw_deg,-0.50000000,2,Car,29.18526833,26.80718958,2,0.00000000,10,10,100.00000000,13.15721235
nuscenes,scene-1094_018,yaw_deg,-0.50000000,3,Car,18.19826690,18.15613852,0,0.00000000,43,43,100.00000000,11.42503445
nuscenes,scene-1094_018,yaw_deg,0.00000000,0,Car,19.16450922,16.93430539,0,0.23954467,52,42,80.76923077,0.00000000
nuscenes,scene-1094_018,yaw_deg,0.00000000,1,Car,23.69511783,19.95417592,2,0.64398967,23,2,8.69565217,0.00000000
nuscenes,scene-1094_018,yaw_deg,0.00000000,2,Car,29.18526833,26.80718958,2,0.00000000,10,10,100.00000000,0.00000000
nuscenes,scene-1094_018,yaw_deg,0.00000000,3,Car,18.19826690,18.15613852,0,0.00000000,43,43,100.00000000,0.00000000
nuscenes,scene-1094_018,yaw_deg,0.50000000,0,Car,19.16450922,16.93430539,0,0.23954467,52,44,84.61538462,14.49978265
nuscenes,scene-1094_018,yaw_deg,0.50000000,1,Car,23.69511783,19.95417592,2,0.64398967,23,3,13.04347826,15.41618891
nuscenes,scene-1094_018,yaw_deg,0.50000000,2,Car,29.18526833,26.80718958,2,0.00000000,10,10,100.00000000,13.06314545
nuscenes,scene-1094_018,yaw_deg,0.50000000,3,Car,18.19826690,18.15613852,0,0.00000000,43,40,93.02325581,11.42438583
nuscenes,scene-1094_018,yaw_deg,1.00000000,0,Car,19.16450922,16.93430539,0,0.23954467,52,47,90.38461538,28.86667996
nuscenes,scene-1094_018,yaw_deg,1.00000000,1,Car,23.69511783,19.95417592,2,0.64398967,23,5,21.73913043,30.67006649
nuscenes,scene-1094_018,yaw_deg,1.00000000,2,Car,29.18526833,26.80718958,2,0.00000000,10,8,80.00000000,26.03524807
nuscenes,scene-1094_018,yaw_deg,1.00000000,3,Car,18.19826690,18.15613852,0,0.00000000,43,40,93.02325581,22.84892984
nuscenes,scene-1094_018,yaw_deg,2.00000000,0,Car,19.16450922,16.93430539,0,0.23954467,52,49,94.23076923,57.21796653
nuscenes,scene-1094_018,yaw_deg,2.00000000,1,Car,23.69511783,19.95417592,2,0.64398967,23,11,47.82608696,60.71035188
nuscenes,scene-1094_018,yaw_deg,2.00000000,2,Car,29.18526833,26.80718958,2,0.00000000,10,8,80.00000000,51.71807373
nuscenes,scene-1094_018,yaw_deg,2.00000000,3,Car,18.19826690,18.15613852,0,0.00000000,43,32,74.41860465,45.69996846
nuscenes,scene-1094_018,yaw_deg,3.00000000,0,Car,19.16450922,16.93430539,0,0.23954467,52,46,88.46153846,85.08505767
nuscenes,scene-1094_018,yaw_deg,3.00000000,1,Car,23.69511783,19.95417592,2,0.64398967,23,16,69.56521739,90.15833144
nuscenes,scene-1094_018,yaw_deg,3.00000000,2,Car,29.18526833,26.80718958,2,0.00000000,10,5,50.00000000,77.07132020
nuscenes,scene-1094_018,yaw_deg,3.00000000,3,Car,18.19826690,18.15613852,0,0.00000000,43,22,51.16279070,68.56775115
nuscenes,scene-1094_019,yaw_deg,-3.00000000,0,Car,16.50725898,13.62818834,0,0.72767046,90,5,5.55555556,90.99808766
nuscenes,scene-1094_019,yaw_deg,-3.00000000,1,Car,26.37259879,23.45068081,2,0.05540510,36,32,88.88888889,86.76296406
nuscenes,scene-1094_019,yaw_deg,-3.00000000,2,Car,19.20388369,19.15962827,0,0.00000000,43,26,60.46511628,68.41645036
nuscenes,scene-1094_019,yaw_deg,-3.00000000,3,Car,23.54307356,21.69784330,0,0.00000000,14,8,57.14285714,82.01833302
nuscenes,scene-1094_019,yaw_deg,-2.00000000,0,Car,16.50725898,13.62818834,0,0.72767046,90,11,12.22222222,60.42964473
nuscenes,scene-1094_019,yaw_deg,-2.00000000,1,Car,26.37259879,23.45068081,2,0.05540510,36,35,97.22222222,57.33396187
nuscenes,scene-1094_019,yaw_deg,-2.00000000,2,Car,19.20388369,19.15962827,0,0.00000000,43,34,79.06976744,45.59608360
nuscenes,scene-1094_019,yaw_deg,-2.00000000,3,Car,23.54307356,21.69784330,0,0.00000000,14,11,78.57142857,54.23238871
nuscenes,scene-1094_019,yaw_deg,-1.00000000,0,Car,16.50725898,13.62818834,0,0.72767046,90,16,17.77777778,30.03132942
nuscenes,scene-1094_019,yaw_deg,-1.00000000,1,Car,26.37259879,23.45068081,2,0.05540510,36,36,100.00000000,28.40872854
nuscenes,scene-1094_019,yaw_deg,-1.00000000,2,Car,19.20388369,19.15962827,0,0.00000000,43,40,93.02325581,22.79638690
nuscenes,scene-1094_019,yaw_deg,-1.00000000,3,Car,23.54307356,21.69784330,0,0.00000000,14,14,100.00000000,26.90224769
nuscenes,scene-1094_019,yaw_deg,-0.50000000,0,Car,16.50725898,13.62818834,0,0.72767046,90,19,21.11111111,15.00255783
nuscenes,scene-1094_019,yaw_deg,-0.50000000,1,Car,26.37259879,23.45068081,2,0.05540510,36,36,100.00000000,14.14043312
nuscenes,scene-1094_019,yaw_deg,-0.50000000,2,Car,19.20388369,19.15962827,0,0.00000000,43,42,97.67441860,11.39790055
nuscenes,scene-1094_019,yaw_deg,-0.50000000,3,Car,23.54307356,21.69784330,0,0.00000000,14,14,100.00000000,13.39932574
nuscenes,scene-1094_019,yaw_deg,0.00000000,0,Car,16.50725898,13.62818834,0,0.72767046,90,20,22.22222222,0.00000000
nuscenes,scene-1094_019,yaw_deg,0.00000000,1,Car,26.37259879,23.45068081,2,0.05540510,36,36,100.00000000,0.00000000
nuscenes,scene-1094_019,yaw_deg,0.00000000,2,Car,19.20388369,19.15962827,0,0.00000000,43,43,100.00000000,0.00000000
nuscenes,scene-1094_019,yaw_deg,0.00000000,3,Car,23.54307356,21.69784330,0,0.00000000,14,14,100.00000000,0.00000000
nuscenes,scene-1094_019,yaw_deg,0.50000000,0,Car,16.50725898,13.62818834,0,0.72767046,90,23,25.55555556,14.90383772
nuscenes,scene-1094_019,yaw_deg,0.50000000,1,Car,26.37259879,23.45068081,2,0.05540510,36,36,100.00000000,14.01646729
nuscenes,scene-1094_019,yaw_deg,0.50000000,2,Car,19.20388369,19.15962827,0,0.00000000,43,39,90.69767442,11.39757506
nuscenes,scene-1094_019,yaw_deg,0.50000000,3,Car,23.54307356,21.69784330,0,0.00000000,14,14,100.00000000,13.29900154
nuscenes,scene-1094_019,yaw_deg,1.00000000,0,Car,16.50725898,13.62818834,0,0.72767046,90,24,26.66666667,29.66251370
nuscenes,scene-1094_019,yaw_deg,1.00000000,1,Car,26.37259879,23.45068081,2,0.05540510,36,35,97.22222222,27.91275895
nuscenes,scene-1094_019,yaw_deg,1.00000000,2,Car,19.20388369,19.15962827,0,0.00000000,43,37,86.04651163,22.79779191
nuscenes,scene-1094_019,yaw_deg,1.00000000,3,Car,23.54307356,21.69784330,0,0.00000000,14,12,85.71428571,26.50087098
nuscenes,scene-1094_019,yaw_deg,2.00000000,0,Car,16.50725898,13.62818834,0,0.72767046,90,32,35.55555556,58.76191555
nuscenes,scene-1094_019,yaw_deg,2.00000000,1,Car,26.37259879,23.45068081,2,0.05540510,36,32,88.88888889,55.35947174
nuscenes,scene-1094_019,yaw_deg,2.00000000,2,Car,19.20388369,19.15962827,0,0.00000000,43,28,65.11627907,45.59681897
nuscenes,scene-1094_019,yaw_deg,2.00000000,3,Car,23.54307356,21.69784330,0,0.00000000,14,11,78.57142857,52.62560247
nuscenes,scene-1094_019,yaw_deg,3.00000000,0,Car,16.50725898,13.62818834,0,0.72767046,90,35,38.88888889,87.33203269
nuscenes,scene-1094_019,yaw_deg,3.00000000,1,Car,26.37259879,23.45068081,2,0.05540510,36,26,72.22222222,82.36850024
nuscenes,scene-1094_019,yaw_deg,3.00000000,2,Car,19.20388369,19.15962827,0,0.00000000,43,17,39.53488372,68.41130746
nuscenes,scene-1094_019,yaw_deg,3.00000000,3,Car,23.54307356,21.69784330,0,0.00000000,14,11,78.57142857,78.39825698
nuscenes,scene-1094_020,yaw_deg,-3.00000000,1,Car,23.87640724,20.35753505,2,0.52907629,37,4,10.81081081,89.02861167
nuscenes,scene-1094_020,yaw_deg,-3.00000000,3,Car,20.05736362,20.01316245,0,0.00000000,37,19,51.35135135,68.31903471
nuscenes,scene-1094_020,yaw_deg,-3.00000000,4,Car,20.93829045,18.65227039,0,0.02866513,25,18,72.00000000,87.46616086
nuscenes,scene-1094_020,yaw_deg,-3.00000000,7,Motorcycle,23.56016426,22.39981421,2,0.00000000,7,0,0.00000000,76.18818090
nuscenes,scene-1094_020,yaw_deg,-2.00000000,1,Car,23.87640724,20.35753505,2,0.52907629,37,8,21.62162162,59.58114099
nuscenes,scene-1094_020,yaw_deg,-2.00000000,3,Car,20.05736362,20.01316245,0,0.00000000,37,27,72.97297297,45.51093134
nuscenes,scene-1094_020,yaw_deg,-2.00000000,4,Car,20.93829045,18.65227039,0,0.02866513,25,21,84.00000000,58.19046521
nuscenes,scene-1094_020,yaw_deg,-2.00000000,7,Motorcycle,23.56016426,22.39981421,2,0.00000000,7,1,14.28571429,50.47217878
nuscenes,scene-1094_020,yaw_deg,-1.00000000,1,Car,23.87640724,20.35753505,2,0.52907629,37,13,35.13513514,29.98994169
nuscenes,scene-1094_020,yaw_deg,-1.00000000,3,Car,20.05736362,20.01316245,0,0.00000000,37,35,94.59459459,22.74406551
nuscenes,scene-1094_020,yaw_deg,-1.00000000,4,Car,20.93829045,18.65227039,0,0.02866513,25,24,96.00000000,29.00584236
nuscenes,scene-1094_020,yaw_deg,-1.00000000,7,Motorcycle,23.56016426,22.39981421,2,0.00000000,7,7,100.00000000,25.08340836
nuscenes,scene-1094_020,yaw_deg,-0.50000000,1,Car,23.87640724,20.35753505,2,0.52907629,37,15,40.54054054,14.98578508
nuscenes,scene-1094_020,yaw_deg,-0.50000000,3,Car,20.05736362,20.01316245,0,0.00000000,37,37,100.00000000,11.37187348
nuscenes,scene-1094_020,yaw_deg,-0.50000000,4,Car,20.93829045,18.65227039,0,0.02866513,25,25,100.00000000,14.47958858
nuscenes,scene-1094_020,yaw_deg,-0.50000000,7,Motorcycle,23.56016426,22.39981421,2,0.00000000,7,7,100.00000000,12.50486473
nuscenes,scene-1094_020,yaw_deg,0.00000000,1,Car,23.87640724,20.35753505,2,0.52907629,37,21,56.75675676,0.00000000
nuscenes,scene-1094_020,yaw_deg,0.00000000,3,Car,20.05736362,20.01316245,0,0.00000000,37,37,100.00000000,0.00000000
nuscenes,scene-1094_020,yaw_deg,0.00000000,4,Car,20.93829045,18.65227039,0,0.02866513,25,25,100.00000000,0.00000000
nuscenes,scene-1094_020,yaw_deg,0.00000000,7,Motorcycle,23.56016426,22.39981421,2,0.00000000,7,7,100.00000000,0.00000000
nuscenes,scene-1094_020,yaw_deg,0.50000000,1,Car,23.87640724,20.35753505,2,0.52907629,37,24,64.86486486,14.99303086
nuscenes,scene-1094_020,yaw_deg,0.50000000,3,Car,20.05736362,20.01316245,0,0.00000000,37,34,91.89189189,11.37129343
nuscenes,scene-1094_020,yaw_deg,0.50000000,4,Car,20.93829045,18.65227039,0,0.02866513,25,25,100.00000000,14.34640613
nuscenes,scene-1094_020,yaw_deg,0.50000000,7,Motorcycle,23.56016426,22.39981421,2,0.00000000,7,7,100.00000000,12.43377963
nuscenes,scene-1094_020,yaw_deg,1.00000000,1,Car,23.87640724,20.35753505,2,0.52907629,37,29,78.37837838,29.83621379
nuscenes,scene-1094_020,yaw_deg,1.00000000,3,Car,20.05736362,20.01316245,0,0.00000000,37,31,83.78378378,22.74304548
nuscenes,scene-1094_020,yaw_deg,1.00000000,4,Car,20.93829045,18.65227039,0,0.02866513,25,25,100.00000000,28.56368984
nuscenes,scene-1094_020,yaw_deg,1.00000000,7,Motorcycle,23.56016426,22.39981421,2,0.00000000,7,6,85.71428571,24.79901653
nuscenes,scene-1094_020,yaw_deg,2.00000000,1,Car,23.87640724,20.35753505,2,0.52907629,37,31,83.78378378,59.09099692
nuscenes,scene-1094_020,yaw_deg,2.00000000,3,Car,20.05736362,20.01316245,0,0.00000000,37,22,59.45945946,45.48837374
nuscenes,scene-1094_020,yaw_deg,2.00000000,4,Car,20.93829045,18.65227039,0,0.02866513,25,23,92.00000000,56.62657114
nuscenes,scene-1094_020,yaw_deg,2.00000000,7,Motorcycle,23.56016426,22.39981421,2,0.00000000,7,3,42.85714286,49.33378770
nuscenes,scene-1094_020,yaw_deg,3.00000000,1,Car,23.87640724,20.35753505,2,0.52907629,37,31,83.78378378,87.79897700
nuscenes,scene-1094_020,yaw_deg,3.00000000,3,Car,20.05736362,20.01316245,0,0.00000000,37,16,43.24324324,68.24407425
nuscenes,scene-1094_020,yaw_deg,3.00000000,4,Car,20.93829045,18.65227039,0,0.02866513,25,20,80.00000000,84.21895338
nuscenes,scene-1094_020,yaw_deg,3.00000000,7,Motorcycle,23.56016426,22.39981421,2,0.00000000,7,0,0.00000000,73.62370663
nuscenes,scene-1094_021,yaw_deg,-3.00000000,1,Car,21.03129255,16.72090876,2,0.94520005,66,0,0.00000000,
nuscenes,scene-1094_021,yaw_deg,-3.00000000,3,Car,21.01040051,20.95213539,0,0.00000000,40,19,47.50000000,68.32314409
nuscenes,scene-1094_021,yaw_deg,-3.00000000,4,Car,17.93286124,15.05054996,0,0.63764756,51,4,7.84313725,90.10771312
nuscenes,scene-1094_021,yaw_deg,-3.00000000,7,Motorcycle,17.03434637,15.22434629,0,0.00000000,16,8,50.00000000,86.58023407
nuscenes,scene-1094_021,yaw_deg,-2.00000000,1,Car,21.03129255,16.72090876,2,0.94520005,66,0,0.00000000,
nuscenes,scene-1094_021,yaw_deg,-2.00000000,3,Car,21.01040051,20.95213539,0,0.00000000,40,28,70.00000000,45.50616544
nuscenes,scene-1094_021,yaw_deg,-2.00000000,4,Car,17.93286124,15.05054996,0,0.63764756,51,13,25.49019608,60.14592566
nuscenes,scene-1094_021,yaw_deg,-2.00000000,7,Motorcycle,17.03434637,15.22434629,0,0.00000000,16,13,81.25000000,57.18347889
nuscenes,scene-1094_021,yaw_deg,-1.00000000,1,Car,21.03129255,16.72090876,2,0.94520005,66,0,0.00000000,
nuscenes,scene-1094_021,yaw_deg,-1.00000000,3,Car,21.01040051,20.95213539,0,0.00000000,40,35,87.50000000,22.73589845
nuscenes,scene-1094_021,yaw_deg,-1.00000000,4,Car,17.93286124,15.05054996,0,0.63764756,51,20,39.21568627,30.06711861
nuscenes,scene-1094_021,yaw_deg,-1.00000000,7,Motorcycle,17.03434637,15.22434629,0,0.00000000,16,16,100.00000000,28.33438353
nuscenes,scene-1094_021,yaw_deg,-0.50000000,1,Car,21.03129255,16.72090876,2,0.94520005,66,0,0.00000000,
nuscenes,scene-1094_021,yaw_deg,-0.50000000,3,Car,21.01040051,20.95213539,0,0.00000000,40,40,100.00000000,11.36443671
nuscenes,scene-1094_021,yaw_deg,-0.50000000,4,Car,17.93286124,15.05054996,0,0.63764756,51,22,43.13725490,15.00474634
nuscenes,scene-1094_021,yaw_deg,-0.50000000,7,Motorcycle,17.03434637,15.22434629,0,0.00000000,16,16,100.00000000,14.10483991
nuscenes,scene-1094_021,yaw_deg,0.00000000,1,Car,21.03129255,16.72090876,2,0.94520005,66,0,0.00000000,
nuscenes,scene-1094_021,yaw_deg,0.00000000,3,Car,21.01040051,20.95213539,0,0.00000000,40,40,100.00000000,0.00000000
nuscenes,scene-1094_021,yaw_deg,0.00000000,4,Car,17.93286124,15.05054996,0,0.63764756,51,24,47.05882353,0.00000000
nuscenes,scene-1094_021,yaw_deg,0.00000000,7,Motorcycle,17.03434637,15.22434629,0,0.00000000,16,16,100.00000000,0.00000000
nuscenes,scene-1094_021,yaw_deg,0.50000000,1,Car,21.03129255,16.72090876,2,0.94520005,66,0,0.00000000,
nuscenes,scene-1094_021,yaw_deg,0.50000000,3,Car,21.01040051,20.95213539,0,0.00000000,40,36,90.00000000,11.36114518
nuscenes,scene-1094_021,yaw_deg,0.50000000,4,Car,17.93286124,15.05054996,0,0.63764756,51,27,52.94117647,14.87092669
nuscenes,scene-1094_021,yaw_deg,0.50000000,7,Motorcycle,17.03434637,15.22434629,0,0.00000000,16,16,100.00000000,13.98397473
nuscenes,scene-1094_021,yaw_deg,1.00000000,1,Car,21.03129255,16.72090876,2,0.94520005,66,2,3.03030303,
nuscenes,scene-1094_021,yaw_deg,1.00000000,3,Car,21.01040051,20.95213539,0,0.00000000,40,33,82.50000000,22.72126588
nuscenes,scene-1094_021,yaw_deg,1.00000000,4,Car,17.93286124,15.05054996,0,0.63764756,51,29,56.86274510,29.59716787
nuscenes,scene-1094_021,yaw_deg,1.00000000,7,Motorcycle,17.03434637,15.22434629,0,0.00000000,16,15,93.75000000,27.85081972
nuscenes,scene-1094_021,yaw_deg,2.00000000,1,Car,21.03129255,16.72090876,2,0.94520005,66,2,3.03030303,
nuscenes,scene-1094_021,yaw_deg,2.00000000,3,Car,21.01040051,20.95213539,0,0.00000000,40,24,60.00000000,45.44338375
nuscenes,scene-1094_021,yaw_deg,2.00000000,4,Car,17.93286124,15.05054996,0,0.63764756,51,23,45.09803922,58.63304140
nuscenes,scene-1094_021,yaw_deg,2.00000000,7,Motorcycle,17.03434637,15.22434629,0,0.00000000,16,11,68.75000000,55.24757260
nuscenes,scene-1094_021,yaw_deg,3.00000000,1,Car,21.03129255,16.72090876,2,0.94520005,66,3,4.54545455,
nuscenes,scene-1094_021,yaw_deg,3.00000000,3,Car,21.01040051,20.95213539,0,0.00000000,40,15,37.50000000,68.17611098
nuscenes,scene-1094_021,yaw_deg,3.00000000,4,Car,17.93286124,15.05054996,0,0.63764756,51,19,37.25490196,87.14128026
nuscenes,scene-1094_021,yaw_deg,3.00000000,7,Motorcycle,17.03434637,15.22434629,0,0.00000000,16,7,43.75000000,82.21824055
nuscenes,scene-1094_022,yaw_deg,-3.00000000,3,Car,21.88288488,21.81727922,0,0.00000000,23,10,43.47826087,68.26331662
nuscenes,scene-1094_022,yaw_deg,-3.00000000,6,Pedestrian,25.27543457,24.79572584,0,0.00000000,5,0,0.00000000,69.42304067
nuscenes,scene-1094_022,yaw_deg,-3.00000000,8,Car,20.58469894,18.18199753,0,0.15459819,25,18,72.00000000,88.09027081
nuscenes,scene-1094_022,yaw_deg,-2.00000000,3,Car,21.88288488,21.81727922,0,0.00000000,23,16,69.56521739,45.45671871
nuscenes,scene-1094_022,yaw_deg,-2.00000000,6,Pedestrian,25.27543457,24.79572584,0,0.00000000,5,0,0.00000000,46.41518453
nuscenes,scene-1094_022,yaw_deg,-2.00000000,8,Car,20.58469894,18.18199753,0,0.15459819,25,23,92.00000000,58.59549064
nuscenes,scene-1094_022,yaw_deg,-1.00000000,3,Car,21.88288488,21.81727922,0,0.00000000,23,21,91.30434783,22.70713137
nuscenes,scene-1094_022,yaw_deg,-1.00000000,6,Pedestrian,25.27543457,24.79572584,0,0.00000000,5,1,20.00000000,23.27940052
nuscenes,scene-1094_022,yaw_deg,-1.00000000,8,Car,20.58469894,18.18199753,0,0.15459819,25,24,96.00000000,29.02316152
nuscenes,scene-1094_022,yaw_deg,-0.50000000,3,Car,21.88288488,21.81727922,0,0.00000000,23,23,100.00000000,11.34916374
nuscenes,scene-1094_022,yaw_deg,-0.50000000,6,Pedestrian,25.27543457,24.79572584,0,0.00000000,5,4,80.00000000,11.65864700
nuscenes,scene-1094_022,yaw_deg,-0.50000000,8,Car,20.58469894,18.18199753,0,0.15459819,25,24,96.00000000,14.44337397
nuscenes,scene-1094_022,yaw_deg,0.00000000,3,Car,21.88288488,21.81727922,0,0.00000000,23,23,100.00000000,0.00000000
nuscenes,scene-1094_022,yaw_deg,0.00000000,6,Pedestrian,25.27543457,24.79572584,0,0.00000000,5,5,100.00000000,0.00000000
nuscenes,scene-1094_022,yaw_deg,0.00000000,8,Car,20.58469894,18.18199753,0,0.15459819,25,24,96.00000000,0.00000000
nuscenes,scene-1094_022,yaw_deg,0.50000000,3,Car,21.88288488,21.81727922,0,0.00000000,23,20,86.95652174,11.34127859
nuscenes,scene-1094_022,yaw_deg,0.50000000,6,Pedestrian,25.27543457,24.79572584,0,0.00000000,5,4,80.00000000,11.69856054
nuscenes,scene-1094_022,yaw_deg,0.50000000,8,Car,20.58469894,18.18199753,0,0.15459819,25,24,96.00000000,14.31110830
nuscenes,scene-1094_022,yaw_deg,1.00000000,3,Car,21.88288488,21.81727922,0,0.00000000,23,20,86.95652174,22.67609007
nuscenes,scene-1094_022,yaw_deg,1.00000000,6,Pedestrian,25.27543457,24.79572584,0,0.00000000,5,2,40.00000000,23.43908101
nuscenes,scene-1094_022,yaw_deg,1.00000000,8,Car,20.58469894,18.18199753,0,0.15459819,25,24,96.00000000,28.49398231
nuscenes,scene-1094_022,yaw_deg,2.00000000,3,Car,21.88288488,21.81727922,0,0.00000000,23,15,65.21739130,45.34461428
nuscenes,scene-1094_022,yaw_deg,2.00000000,6,Pedestrian,25.27543457,24.79572584,0,0.00000000,5,0,0.00000000,47.05432782
nuscenes,scene-1094_022,yaw_deg,2.00000000,8,Car,20.58469894,18.18199753,0,0.15459819,25,24,96.00000000,56.49059968
nuscenes,scene-1094_022,yaw_deg,3.00000000,3,Car,21.88288488,21.81727922,0,0.00000000,23,9,39.13043478,68.01972097
nuscenes,scene-1094_022,yaw_deg,3.00000000,6,Pedestrian,25.27543457,24.79572584,0,0.00000000,5,0,0.00000000,70.86269548
nuscenes,scene-1094_022,yaw_deg,3.00000000,8,Car,20.58469894,18.18199753,0,0.15459819,25,21,84.00000000,84.01995459
nuscenes,scene-1094_023,yaw_deg,-3.00000000,3,Car,22.91134597,22.84819593,0,0.00000000,18,8,44.44444444,68.06025916
nuscenes,scene-1094_023,yaw_deg,-3.00000000,6,Pedestrian,20.41153957,19.82701460,0,0.00000000,6,0,0.00000000,70.54749066
nuscenes,scene-1094_023,yaw_deg,-3.00000000,8,Car,16.59190882,13.43468215,0,0.83536478,58,0,0.00000000,
nuscenes,scene-1094_023,yaw_deg,-2.00000000,3,Car,22.91134597,22.84819593,0,0.00000000,18,11,61.11111111,45.31756490
nuscenes,scene-1094_023,yaw_deg,-2.00000000,6,Pedestrian,20.41153957,19.82701460,0,0.00000000,6,0,0.00000000,47.19770732
nuscenes,scene-1094_023,yaw_deg,-2.00000000,8,Car,16.59190882,13.43468215,0,0.83536478,58,0,0.00000000,
nuscenes,scene-1094_023,yaw_deg,-1.00000000,3,Car,22.91134597,22.84819593,0,0.00000000,18,15,83.33333333,22.63563042
nuscenes,scene-1094_023,yaw_deg,-1.00000000,6,Pedestrian,20.41153957,19.82701460,0,0.00000000,6,2,33.33333333,23.68741192
nuscenes,scene-1094_023,yaw_deg,-1.00000000,8,Car,16.59190882,13.43468215,0,0.83536478,58,3,5.17241379,30.71922209
nuscenes,scene-1094_023,yaw_deg,-0.50000000,3,Car,22.91134597,22.84819593,0,0.00000000,18,17,94.44444444,11.31292571
nuscenes,scene-1094_023,yaw_deg,-0.50000000,6,Pedestrian,20.41153957,19.82701460,0,0.00000000,6,4,66.66666667,11.86690123
nuscenes,scene-1094_023,yaw_deg,-0.50000000,8,Car,16.59190882,13.43468215,0,0.83536478,58,7,12.06896552,15.39151280
nuscenes,scene-1094_023,yaw_deg,0.00000000,3,Car,22.91134597,22.84819593,0,0.00000000,18,18,100.00000000,0.00000000
nuscenes,scene-1094_023,yaw_deg,0.00000000,6,Pedestrian,20.41153957,19.82701460,0,0.00000000,6,6,100.00000000,0.00000000
nuscenes,scene-1094_023,yaw_deg,0.00000000,8,Car,16.59190882,13.43468215,0,0.83536478,58,10,17.24137931,0.00000000
nuscenes,scene-1094_023,yaw_deg,0.50000000,3,Car,22.91134597,22.84819593,0,0.00000000,18,16,88.88888889,11.30546089
nuscenes,scene-1094_023,yaw_deg,0.50000000,6,Pedestrian,20.41153957,19.82701460,0,0.00000000,6,6,100.00000000,11.91544182
nuscenes,scene-1094_023,yaw_deg,0.50000000,8,Car,16.59190882,13.43468215,0,0.83536478,58,12,20.68965517,15.29298272
nuscenes,scene-1094_023,yaw_deg,1.00000000,3,Car,22.91134597,22.84819593,0,0.00000000,18,15,83.33333333,22.60534015
nuscenes,scene-1094_023,yaw_deg,1.00000000,6,Pedestrian,20.41153957,19.82701460,0,0.00000000,6,5,83.33333333,23.88160712
nuscenes,scene-1094_023,yaw_deg,1.00000000,8,Car,16.59190882,13.43468215,0,0.83536478,58,16,27.58620690,30.42804266
nuscenes,scene-1094_023,yaw_deg,2.00000000,3,Car,22.91134597,22.84819593,0,0.00000000,18,10,55.55555556,45.19547395
nuscenes,scene-1094_023,yaw_deg,2.00000000,6,Pedestrian,20.41153957,19.82701460,0,0.00000000,6,0,0.00000000,47.97501409
nuscenes,scene-1094_023,yaw_deg,2.00000000,8,Car,16.59190882,13.43468215,0,0.83536478,58,17,29.31034483,60.24336626
nuscenes,scene-1094_023,yaw_deg,3.00000000,3,Car,22.91134597,22.84819593,0,0.00000000,18,7,38.88888889,67.79631804
nuscenes,scene-1094_023,yaw_deg,3.00000000,6,Pedestrian,20.41153957,19.82701460,0,0.00000000,6,0,0.00000000,72.29840630
nuscenes,scene-1094_023,yaw_deg,3.00000000,8,Car,16.59190882,13.43468215,0,0.83536478,58,17,29.31034483,89.48251654
nuscenes,scene-1094_024,yaw_deg,-3.00000000,3,Car,23.56298078,23.50062399,0,0.00000000,30,10,33.33333333,68.15728304
nuscenes,scene-1094_024,yaw_deg,-3.00000000,6,Pedestrian,15.90361329,15.15395419,0,0.00000000,15,0,0.00000000,73.43887807
nuscenes,scene-1094_024,yaw_deg,-2.00000000,3,Car,23.56298078,23.50062399,0,0.00000000,30,18,60.00000000,45.37502459
nuscenes,scene-1094_024,yaw_deg,-2.00000000,6,Pedestrian,15.90361329,15.15395419,0,0.00000000,15,2,13.33333333,49.19620628
nuscenes,scene-1094_024,yaw_deg,-1.00000000,3,Car,23.56298078,23.50062399,0,0.00000000,30,26,86.66666667,22.66030839
nuscenes,scene-1094_024,yaw_deg,-1.00000000,6,Pedestrian,15.90361329,15.15395419,0,0.00000000,15,9,60.00000000,24.72294091
nuscenes,scene-1094_024,yaw_deg,-0.50000000,3,Car,23.56298078,23.50062399,0,0.00000000,30,29,96.66666667,11.32379467
nuscenes,scene-1094_024,yaw_deg,-0.50000000,6,Pedestrian,15.90361329,15.15395419,0,0.00000000,15,13,86.66666667,12.39389944
nuscenes,scene-1094_024,yaw_deg,0.00000000,3,Car,23.56298078,23.50062399,0,0.00000000,30,30,100.00000000,0.00000000
nuscenes,scene-1094_024,yaw_deg,0.00000000,6,Pedestrian,15.90361329,15.15395419,0,0.00000000,15,15,100.00000000,0.00000000
nuscenes,scene-1094_024,yaw_deg,0.50000000,3,Car,23.56298078,23.50062399,0,0.00000000,30,29,96.66666667,11.31287346
nuscenes,scene-1094_024,yaw_deg,0.50000000,6,Pedestrian,15.90361329,15.15395419,0,0.00000000,15,14,93.33333333,12.46125393
nuscenes,scene-1094_024,yaw_deg,1.00000000,3,Car,23.56298078,23.50062399,0,0.00000000,30,26,86.66666667,22.61708575
nuscenes,scene-1094_024,yaw_deg,1.00000000,6,Pedestrian,15.90361329,15.15395419,0,0.00000000,15,12,80.00000000,24.99240738
nuscenes,scene-1094_024,yaw_deg,2.00000000,3,Car,23.56298078,23.50062399,0,0.00000000,30,18,60.00000000,45.21111671
nuscenes,scene-1094_024,yaw_deg,2.00000000,6,Pedestrian,15.90361329,15.15395419,0,0.00000000,15,4,26.66666667,50.27484891
nuscenes,scene-1094_024,yaw_deg,3.00000000,3,Car,23.56298078,23.50062399,0,0.00000000,30,10,33.33333333,67.79540632
nuscenes,scene-1094_024,yaw_deg,3.00000000,6,Pedestrian,15.90361329,15.15395419,0,0.00000000,15,0,0.00000000,75.86874178
nuscenes,scene-1094_025,yaw_deg,-3.00000000,0,Pedestrian,29.05626974,28.98465669,0,0.00000000,6,0,0.00000000,67.46307966
nuscenes,scene-1094_025,yaw_deg,-3.00000000,4,Car,24.32654201,24.27484636,0,0.00000000,42,13,30.95238095,68.04712516
nuscenes,scene-1094_025,yaw_deg,-3.00000000,7,Pedestrian,11.37246518,10.27661462,0,0.00000000,19,1,5.26315789,81.30151275
nuscenes,scene-1094_025,yaw_deg,-2.00000000,0,Pedestrian,29.05626974,28.98465669,0,0.00000000,6,0,0.00000000,44.99963285
nuscenes,scene-1094_025,yaw_deg,-2.00000000,4,Car,24.32654201,24.27484636,0,0.00000000,42,25,59.52380952,45.30715524
nuscenes,scene-1094_025,yaw_deg,-2.00000000,7,Pedestrian,11.37246518,10.27661462,0,0.00000000,19,7,36.84210526,54.60575847
nuscenes,scene-1094_025,yaw_deg,-1.00000000,0,Pedestrian,29.05626974,28.98465669,0,0.00000000,6,3,50.00000000,22.51737453
nuscenes,scene-1094_025,yaw_deg,-1.00000000,4,Car,24.32654201,24.27484636,0,0.00000000,42,37,88.09523810,22.62959942
nuscenes,scene-1094_025,yaw_deg,-1.00000000,7,Pedestrian,11.37246518,10.27661462,0,0.00000000,19,16,84.21052632,27.51416840
nuscenes,scene-1094_025,yaw_deg,-0.50000000,0,Pedestrian,29.05626974,28.98465669,0,0.00000000,6,6,100.00000000,11.26395977
nuscenes,scene-1094_025,yaw_deg,-0.50000000,4,Car,24.32654201,24.27484636,0,0.00000000,42,39,92.85714286,11.30970363
nuscenes,scene-1094_025,yaw_deg,-0.50000000,7,Pedestrian,11.37246518,10.27661462,0,0.00000000,19,19,100.00000000,13.81163069
nuscenes,scene-1094_025,yaw_deg,0.00000000,0,Pedestrian,29.05626974,28.98465669,0,0.00000000,6,6,100.00000000,0.00000000
nuscenes,scene-1094_025,yaw_deg,0.00000000,4,Car,24.32654201,24.27484636,0,0.00000000,42,42,100.00000000,0.00000000
nuscenes,scene-1094_025,yaw_deg,0.00000000,7,Pedestrian,11.37246518,10.27661462,0,0.00000000,19,19,100.00000000,0.00000000
nuscenes,scene-1094_025,yaw_deg,0.50000000,0,Pedestrian,29.05626974,28.98465669,0,0.00000000,6,5,83.33333333,11.27627873
nuscenes,scene-1094_025,yaw_deg,0.50000000,4,Car,24.32654201,24.27484636,0,0.00000000,42,39,92.85714286,11.30127511
nuscenes,scene-1094_025,yaw_deg,0.50000000,7,Pedestrian,11.37246518,10.27661462,0,0.00000000,19,19,100.00000000,13.92428418
nuscenes,scene-1094_025,yaw_deg,1.00000000,0,Pedestrian,29.05626974,28.98465669,0,0.00000000,6,3,50.00000000,22.56665807
nuscenes,scene-1094_025,yaw_deg,1.00000000,4,Car,24.32654201,24.27484636,0,0.00000000,42,36,85.71428571,22.59433202
nuscenes,scene-1094_025,yaw_deg,1.00000000,7,Pedestrian,11.37246518,10.27661462,0,0.00000000,19,18,94.73684211,27.96487681
nuscenes,scene-1094_025,yaw_deg,2.00000000,0,Pedestrian,29.05626974,28.98465669,0,0.00000000,6,0,0.00000000,45.19689054
nuscenes,scene-1094_025,yaw_deg,2.00000000,4,Car,24.32654201,24.27484636,0,0.00000000,42,25,59.52380952,45.16300244
nuscenes,scene-1094_025,yaw_deg,2.00000000,7,Pedestrian,11.37246518,10.27661462,0,0.00000000,19,11,57.89473684,56.41010469
nuscenes,scene-1094_025,yaw_deg,3.00000000,0,Pedestrian,29.05626974,28.98465669,0,0.00000000,6,0,0.00000000,67.90514816
nuscenes,scene-1094_025,yaw_deg,3.00000000,4,Car,24.32654201,24.27484636,0,0.00000000,42,13,30.95238095,67.73767612
nuscenes,scene-1094_025,yaw_deg,3.00000000,7,Pedestrian,11.37246518,10.27661462,0,0.00000000,19,2,10.52631579,85.36697548
nuscenes,scene-1094_026,yaw_deg,-3.00000000,0,Pedestrian,25.13484165,25.00759974,0,0.00000000,5,0,0.00000000,67.84008542
nuscenes,scene-1094_026,yaw_deg,-3.00000000,4,Car,25.02973210,24.98588408,0,0.00000000,30,7,23.33333333,67.95504656
nuscenes,scene-1094_026,yaw_deg,-3.00000000,5,Pedestrian,18.05261556,17.71459733,0,0.00000000,5,0,0.00000000,69.52192789
nuscenes,scene-1094_026,yaw_deg,-3.00000000,6,Car,42.32875262,40.51788756,0,0.00000000,6,1,16.66666667,74.63154484
nuscenes,scene-1094_026,yaw_deg,-3.00000000,7,Pedestrian,19.06629093,18.15745168,0,0.00000000,6,0,0.00000000,73.29798271
nuscenes,scene-1094_026,yaw_deg,-2.00000000,0,Pedestrian,25.13484165,25.00759974,0,0.00000000,5,0,0.00000000,45.27913886
nuscenes,scene-1094_026,yaw_deg,-2.00000000,4,Car,25.02973210,24.98588408,0,0.00000000,30,15,50.00000000,45.24337523
nuscenes,scene-1094_026,yaw_deg,-2.00000000,5,Pedestrian,18.05261556,17.71459733,0,0.00000000,5,0,0.00000000,46.46793685
nuscenes,scene-1094_026,yaw_deg,-2.00000000,6,Car,42.32875262,40.51788756,0,0.00000000,6,3,50.00000000,49.45714383
nuscenes,scene-1094_026,yaw_deg,-2.00000000,7,Pedestrian,19.06629093,18.15745168,0,0.00000000,6,0,0.00000000,49.10578244
nuscenes,scene-1094_026,yaw_deg,-1.00000000,0,Pedestrian,25.13484165,25.00759974,0,0.00000000,5,4,80.00000000,22.67055954
nuscenes,scene-1094_026,yaw_deg,-1.00000000,4,Car,25.02973210,24.98588408,0,0.00000000,30,24,80.00000000,22.59649955
nuscenes,scene-1094_026,yaw_deg,-1.00000000,5,Pedestrian,18.05261556,17.71459733,0,0.00000000,5,2,40.00000000,23.29916918
nuscenes,scene-1094_026,yaw_deg,-1.00000000,6,Car,42.32875262,40.51788756,0,0.00000000,6,6,100.00000000,24.58682834
nuscenes,scene-1094_026,yaw_deg,-1.00000000,7,Pedestrian,19.06629093,18.15745168,0,0.00000000,6,5,83.33333333,24.67947377
nuscenes,scene-1094_026,yaw_deg,-0.50000000,0,Pedestrian,25.13484165,25.00759974,0,0.00000000,5,5,100.00000000,11.34392969
nuscenes,scene-1094_026,yaw_deg,-0.50000000,4,Car,25.02973210,24.98588408,0,0.00000000,30,28,93.33333333,11.29284861
nuscenes,scene-1094_026,yaw_deg,-0.50000000,5,Pedestrian,18.05261556,17.71459733,0,0.00000000,5,4,80.00000000,11.66687414
nuscenes,scene-1094_026,yaw_deg,-0.50000000,6,Car,42.32875262,40.51788756,0,0.00000000,6,6,100.00000000,12.25923310
nuscenes,scene-1094_026,yaw_deg,-0.50000000,7,Pedestrian,19.06629093,18.15745168,0,0.00000000,6,6,100.00000000,12.37260082
nuscenes,scene-1094_026,yaw_deg,0.00000000,0,Pedestrian,25.13484165,25.00759974,0,0.00000000,5,5,100.00000000,0.00000000
nuscenes,scene-1094_026,yaw_deg,0.00000000,4,Car,25.02973210,24.98588408,0,0.00000000,30,30,100.00000000,0.00000000
nuscenes,scene-1094_026,yaw_deg,0.00000000,5,Pedestrian,18.05261556,17.71459733,0,0.00000000,5,5,100.00000000,0.00000000
nuscenes,scene-1094_026,yaw_deg,0.00000000,6,Car,42.32875262,40.51788756,0,0.00000000,6,6,100.00000000,0.00000000
nuscenes,scene-1094_026,yaw_deg,0.00000000,7,Pedestrian,19.06629093,18.15745168,0,0.00000000,6,6,100.00000000,0.00000000
nuscenes,scene-1094_026,yaw_deg,0.50000000,0,Pedestrian,25.13484165,25.00759974,0,0.00000000,5,5,100.00000000,11.36304765
nuscenes,scene-1094_026,yaw_deg,0.50000000,4,Car,25.02973210,24.98588408,0,0.00000000,30,28,93.33333333,11.28463946
nuscenes,scene-1094_026,yaw_deg,0.50000000,5,Pedestrian,18.05261556,17.71459733,0,0.00000000,5,5,100.00000000,11.70345998
nuscenes,scene-1094_026,yaw_deg,0.50000000,6,Car,42.32875262,40.51788756,0,0.00000000,6,5,83.33333333,12.19331935
nuscenes,scene-1094_026,yaw_deg,0.50000000,7,Pedestrian,19.06629093,18.15745168,0,0.00000000,6,6,100.00000000,12.44082338
nuscenes,scene-1094_026,yaw_deg,1.00000000,0,Pedestrian,25.13484165,25.00759974,0,0.00000000,5,2,40.00000000,22.74704349
nuscenes,scene-1094_026,yaw_deg,1.00000000,4,Car,25.02973210,24.98588408,0,0.00000000,30,27,90.00000000,22.56328007
nuscenes,scene-1094_026,yaw_deg,1.00000000,5,Pedestrian,18.05261556,17.71459733,0,0.00000000,5,5,100.00000000,23.44553665
nuscenes,scene-1094_026,yaw_deg,1.00000000,6,Car,42.32875262,40.51788756,0,0.00000000,6,5,83.33333333,24.32312689
nuscenes,scene-1094_026,yaw_deg,1.00000000,7,Pedestrian,19.06629093,18.15745168,0,0.00000000,6,5,83.33333333,24.95241305
nuscenes,scene-1094_026,yaw_deg,2.00000000,0,Pedestrian,25.13484165,25.00759974,0,0.00000000,5,0,0.00000000,45.58526833
nuscenes,scene-1094_026,yaw_deg,2.00000000,4,Car,25.02973210,24.98588408,0,0.00000000,30,20,66.66666667,45.10804895
nuscenes,scene-1094_026,yaw_deg,2.00000000,5,Pedestrian,18.05261556,17.71459733,0,0.00000000,5,0,0.00000000,47.05379288
nuscenes,scene-1094_026,yaw_deg,2.00000000,6,Car,42.32875262,40.51788756,0,0.00000000,6,4,66.66666667,48.40159407
nuscenes,scene-1094_026,yaw_deg,2.00000000,7,Pedestrian,19.06629093,18.15745168,0,0.00000000,6,0,0.00000000,50.19832493
nuscenes,scene-1094_026,yaw_deg,3.00000000,0,Pedestrian,25.13484165,25.00759974,0,0.00000000,5,0,0.00000000,68.52960403
nuscenes,scene-1094_026,yaw_deg,3.00000000,4,Car,25.02973210,24.98588408,0,0.00000000,30,11,36.66666667,67.65773569
nuscenes,scene-1094_026,yaw_deg,3.00000000,5,Pedestrian,18.05261556,17.71459733,0,0.00000000,5,0,0.00000000,70.84155429
nuscenes,scene-1094_026,yaw_deg,3.00000000,6,Car,42.32875262,40.51788756,0,0.00000000,6,1,16.66666667,72.25376331
nuscenes,scene-1094_026,yaw_deg,3.00000000,7,Pedestrian,19.06629093,18.15745168,0,0.00000000,6,0,0.00000000,75.75915357
nuscenes,scene-1094_027,yaw_deg,-3.00000000,0,Pedestrian,21.11522978,20.90433570,0,0.00000000,6,0,0.00000000,68.47590515
nuscenes,scene-1094_027,yaw_deg,-3.00000000,4,Car,25.79445321,25.74937473,0,0.00000000,29,6,20.68965517,67.85303813
nuscenes,scene-1094_027,yaw_deg,-3.00000000,6,Pedestrian,13.03577487,12.59594178,0,0.00000000,13,0,0.00000000,71.61805997
nuscenes,scene-1094_027,yaw_deg,-3.00000000,7,Car,34.70765637,32.52110706,0,0.00000000,5,2,40.00000000,78.28082441
nuscenes,scene-1094_027,yaw_deg,-3.00000000,8,Pedestrian,14.20431198,12.91659438,0,0.00000000,22,2,9.09090909,79.75619516
nuscenes,scene-1094_027,yaw_deg,-2.00000000,0,Pedestrian,21.11522978,20.90433570,0,0.00000000,6,0,0.00000000,45.73466456
nuscenes,scene-1094_027,yaw_deg,-2.00000000,4,Car,25.79445321,25.74937473,0,0.00000000,29,15,51.72413793,45.17957155
nuscenes,scene-1094_027,yaw_deg,-2.00000000,6,Pedestrian,13.03577487,12.59594178,0,0.00000000,13,0,0.00000000,47.92158010
nuscenes,scene-1094_027,yaw_deg,-2.00000000,7,Car,34.70765637,32.52110706,0,0.00000000,5,3,60.00000000,51.81066822
nuscenes,scene-1094_027,yaw_deg,-2.00000000,8,Pedestrian,14.20431198,12.91659438,0,0.00000000,22,7,31.81818182,53.55369291
nuscenes,scene-1094_027,yaw_deg,-1.00000000,0,Pedestrian,21.11522978,20.90433570,0,0.00000000,6,4,66.66666667,22.91430689
nuscenes,scene-1094_027,yaw_deg,-1.00000000,4,Car,25.79445321,25.74937473,0,0.00000000,29,23,79.31034483,22.56667487
nuscenes,scene-1094_027,yaw_deg,-1.00000000,6,Pedestrian,13.03577487,12.59594178,0,0.00000000,13,5,38.46153846,24.05465824
nuscenes,scene-1094_027,yaw_deg,-1.00000000,7,Car,34.70765637,32.52110706,0,0.00000000,5,5,100.00000000,25.72511839
nuscenes,scene-1094_027,yaw_deg,-1.00000000,8,Pedestrian,14.20431198,12.91659438,0,0.00000000,22,17,77.27272727,26.97674494
nuscenes,scene-1094_027,yaw_deg,-0.50000000,0,Pedestrian,21.11522978,20.90433570,0,0.00000000,6,6,100.00000000,11.46983303
nuscenes,scene-1094_027,yaw_deg,-0.50000000,4,Car,25.79445321,25.74937473,0,0.00000000,29,27,93.10344828,11.27845152
nuscenes,scene-1094_027,yaw_deg,-0.50000000,6,Pedestrian,13.03577487,12.59594178,0,0.00000000,13,11,84.61538462,12.05189647
nuscenes,scene-1094_027,yaw_deg,-0.50000000,7,Car,34.70765637,32.52110706,0,0.00000000,5,5,100.00000000,12.81897203
nuscenes,scene-1094_027,yaw_deg,-0.50000000,8,Pedestrian,14.20431198,12.91659438,0,0.00000000,22,21,95.45454545,13.53998024
nuscenes,scene-1094_027,yaw_deg,0.00000000,0,Pedestrian,21.11522978,20.90433570,0,0.00000000,6,6,100.00000000,0.00000000
nuscenes,scene-1094_027,yaw_deg,0.00000000,4,Car,25.79445321,25.74937473,0,0.00000000,29,29,100.00000000,0.00000000
nuscenes,scene-1094_027,yaw_deg,0.00000000,6,Pedestrian,13.03577487,12.59594178,0,0.00000000,13,13,100.00000000,0.00000000
nuscenes,scene-1094_027,yaw_deg,0.00000000,7,Car,34.70765637,32.52110706,0,0.00000000,5,5,100.00000000,0.00000000
nuscenes,scene-1094_027,yaw_deg,0.00000000,8,Pedestrian,14.20431198,12.91659438,0,0.00000000,22,22,100.00000000,0.00000000
nuscenes,scene-1094_027,yaw_deg,0.50000000,0,Pedestrian,21.11522978,20.90433570,0,0.00000000,6,6,100.00000000,11.49708406
nuscenes,scene-1094_027,yaw_deg,0.50000000,4,Car,25.79445321,25.74937473,0,0.00000000,29,27,93.10344828,11.27045539
nuscenes,scene-1094_027,yaw_deg,0.50000000,6,Pedestrian,13.03577487,12.59594178,0,0.00000000,13,13,100.00000000,12.10327354
nuscenes,scene-1094_027,yaw_deg,0.50000000,7,Car,34.70765637,32.52110706,0,0.00000000,5,5,100.00000000,12.73464797
nuscenes,scene-1094_027,yaw_deg,0.50000000,8,Pedestrian,14.20431198,12.91659438,0,0.00000000,22,22,100.00000000,13.64656542
nuscenes,scene-1094_027,yaw_deg,1.00000000,0,Pedestrian,21.11522978,20.90433570,0,0.00000000,6,3,50.00000000,23.02332855
nuscenes,scene-1094_027,yaw_deg,1.00000000,4,Car,25.79445321,25.74937473,0,0.00000000,29,25,86.20689655,22.53468537
nuscenes,scene-1094_027,yaw_deg,1.00000000,6,Pedestrian,13.03577487,12.59594178,0,0.00000000,13,13,100.00000000,24.26020201
nuscenes,scene-1094_027,yaw_deg,1.00000000,7,Car,34.70765637,32.52110706,0,0.00000000,5,4,80.00000000,25.38775891
nuscenes,scene-1094_027,yaw_deg,1.00000000,8,Pedestrian,14.20431198,12.91659438,0,0.00000000,22,20,90.90909091,27.40317272
nuscenes,scene-1094_027,yaw_deg,2.00000000,0,Pedestrian,21.11522978,20.90433570,0,0.00000000,6,0,0.00000000,46.17103183
nuscenes,scene-1094_027,yaw_deg,2.00000000,4,Car,25.79445321,25.74937473,0,0.00000000,29,17,58.62068966,45.05311730
nuscenes,scene-1094_027,yaw_deg,2.00000000,6,Pedestrian,13.03577487,12.59594178,0,0.00000000,13,6,46.15384615,48.74432354
nuscenes,scene-1094_027,yaw_deg,2.00000000,7,Car,34.70765637,32.52110706,0,0.00000000,5,3,60.00000000,50.46021741
nuscenes,scene-1094_027,yaw_deg,2.00000000,8,Pedestrian,14.20431198,12.91659438,0,0.00000000,22,13,59.09090909,55.26079800
nuscenes,scene-1094_027,yaw_deg,3.00000000,0,Pedestrian,21.11522978,20.90433570,0,0.00000000,6,0,0.00000000,69.45878545
nuscenes,scene-1094_027,yaw_deg,3.00000000,4,Car,25.79445321,25.74937473,0,0.00000000,29,9,31.03448276,67.58140558
nuscenes,scene-1094_027,yaw_deg,3.00000000,6,Pedestrian,13.03577487,12.59594178,0,0.00000000,13,0,0.00000000,73.47136749
nuscenes,scene-1094_027,yaw_deg,3.00000000,7,Car,34.70765637,32.52110706,0,0.00000000,5,2,40.00000000,75.23850498
nuscenes,scene-1094_027,yaw_deg,3.00000000,8,Pedestrian,14.20431198,12.91659438,0,0.00000000,22,4,18.18181818,83.60241943
nuscenes,scene-1094_028,yaw_deg,-3.00000000,0,Pedestrian,17.07971457,16.72924898,0,0.00000000,9,0,0.00000000,69.83216812
nuscenes,scene-1094_028,yaw_deg,-3.00000000,2,Car,25.26737292,23.74686882,0,0.00000000,7,3,42.85714286,78.88910952
nuscenes,scene-1094_028,yaw_deg,-3.00000000,4,Car,26.64049540,26.58529846,0,0.00000000,9,2,22.22222222,67.81260075
nuscenes,scene-1094_028,yaw_deg,-3.00000000,6,Pedestrian,8.06600903,7.36457017,0,0.00000000,49,9,18.36734694,78.97241058
nuscenes,scene-1094_028,yaw_deg,-3.00000000,7,Car,27.38516847,24.54286901,0,0.00000000,9,4,44.44444444,87.60703768
nuscenes,scene-1094_028,yaw_deg,-2.00000000,0,Pedestrian,17.07971457,16.72924898,0,0.00000000,9,3,33.33333333,46.68737949
nuscenes,scene-1094_028,yaw_deg,-2.00000000,2,Car,25.26737292,23.74686882,0,0.00000000,7,4,57.14285714,52.20844068
nuscenes,scene-1094_028,yaw_deg,-2.00000000,4,Car,26.64049540,26.58529846,0,0.00000000,9,3,33.33333333,45.14822494
nuscenes,scene-1094_028,yaw_deg,-2.00000000,6,Pedestrian,8.06600903,7.36457017,0,0.00000000,49,19,38.77551020,52.98760872
nuscenes,scene-1094_028,yaw_deg,-2.00000000,7,Car,27.38516847,24.54286901,0,0.00000000,9,6,66.66666667,58.20560518
nuscenes,scene-1094_028,yaw_deg,-1.00000000,0,Pedestrian,17.07971457,16.72924898,0,0.00000000,9,9,100.00000000,23.41529022
nuscenes,scene-1094_028,yaw_deg,-1.00000000,2,Car,25.26737292,23.74686882,0,0.00000000,7,7,100.00000000,25.92029970
nuscenes,scene-1094_028,yaw_deg,-1.00000000,4,Car,26.64049540,26.58529846,0,0.00000000,9,7,77.77777778,22.54969035
nuscenes,scene-1094_028,yaw_deg,-1.00000000,6,Pedestrian,8.06600903,7.36457017,0,0.00000000,49,41,83.67346939,26.67146908
nuscenes,scene-1094_028,yaw_deg,-1.00000000,7,Car,27.38516847,24.54286901,0,0.00000000,9,9,100.00000000,28.82420230
nuscenes,scene-1094_028,yaw_deg,-0.50000000,0,Pedestrian,17.07971457,16.72924898,0,0.00000000,9,9,100.00000000,11.72655319
nuscenes,scene-1094_028,yaw_deg,-0.50000000,2,Car,25.26737292,23.74686882,0,0.00000000,7,7,100.00000000,12.91566707
nuscenes,scene-1094_028,yaw_deg,-0.50000000,4,Car,26.64049540,26.58529846,0,0.00000000,9,9,100.00000000,11.26997705
nuscenes,scene-1094_028,yaw_deg,-0.50000000,6,Pedestrian,8.06600903,7.36457017,0,0.00000000,49,47,95.91836735,13.38169269
nuscenes,scene-1094_028,yaw_deg,-0.50000000,7,Car,27.38516847,24.54286901,0,0.00000000,9,9,100.00000000,14.34456902
nuscenes,scene-1094_028,yaw_deg,0.00000000,0,Pedestrian,17.07971457,16.72924898,0,0.00000000,9,9,100.00000000,0.00000000
nuscenes,scene-1094_028,yaw_deg,0.00000000,2,Car,25.26737292,23.74686882,0,0.00000000,7,7,100.00000000,0.00000000
nuscenes,scene-1094_028,yaw_deg,0.00000000,4,Car,26.64049540,26.58529846,0,0.00000000,9,9,100.00000000,0.00000000
nuscenes,scene-1094_028,yaw_deg,0.00000000,6,Pedestrian,8.06600903,7.36457017,0,0.00000000,49,49,100.00000000,0.00000000
nuscenes,scene-1094_028,yaw_deg,0.00000000,7,Car,27.38516847,24.54286901,0,0.00000000,9,9,100.00000000,0.00000000
nuscenes,scene-1094_028,yaw_deg,0.50000000,0,Pedestrian,17.07971457,16.72924898,0,0.00000000,9,9,100.00000000,11.76641617
nuscenes,scene-1094_028,yaw_deg,0.50000000,2,Car,25.26737292,23.74686882,0,0.00000000,7,7,100.00000000,12.82961053
nuscenes,scene-1094_028,yaw_deg,0.50000000,4,Car,26.64049540,26.58529846,0,0.00000000,9,8,88.88888889,11.26201312
nuscenes,scene-1094_028,yaw_deg,0.50000000,6,Pedestrian,8.06600903,7.36457017,0,0.00000000,49,49,100.00000000,13.47678331
nuscenes,scene-1094_028,yaw_deg,0.50000000,7,Car,27.38516847,24.54286901,0,0.00000000,9,9,100.00000000,14.21358995
nuscenes,scene-1094_028,yaw_deg,1.00000000,0,Pedestrian,17.07971457,16.72924898,0,0.00000000,9,8,88.88888889,23.57476862
nuscenes,scene-1094_028,yaw_deg,1.00000000,2,Car,25.26737292,23.74686882,0,0.00000000,7,7,100.00000000,25.57600836
nuscenes,scene-1094_028,yaw_deg,1.00000000,4,Car,26.64049540,26.58529846,0,0.00000000,9,7,77.77777778,22.51782970
nuscenes,scene-1094_028,yaw_deg,1.00000000,6,Pedestrian,8.06600903,7.36457017,0,0.00000000,49,46,93.87755102,27.05190770
nuscenes,scene-1094_028,yaw_deg,1.00000000,7,Car,27.38516847,24.54286901,0,0.00000000,9,9,100.00000000,28.30017158
nuscenes,scene-1094_028,yaw_deg,2.00000000,0,Pedestrian,17.07971457,16.72924898,0,0.00000000,9,1,11.11111111,47.32571712
nuscenes,scene-1094_028,yaw_deg,2.00000000,2,Car,25.26737292,23.74686882,0,0.00000000,7,7,100.00000000,50.83023176
nuscenes,scene-1094_028,yaw_deg,2.00000000,4,Car,26.64049540,26.58529846,0,0.00000000,9,6,66.66666667,45.01792454
nuscenes,scene-1094_028,yaw_deg,2.00000000,6,Pedestrian,8.06600903,7.36457017,0,0.00000000,49,43,87.75510204,54.51058290
nuscenes,scene-1094_028,yaw_deg,2.00000000,7,Car,27.38516847,24.54286901,0,0.00000000,9,9,100.00000000,56.10764935
nuscenes,scene-1094_028,yaw_deg,3.00000000,0,Pedestrian,17.07971457,16.72924898,0,0.00000000,9,0,0.00000000,71.27002029
nuscenes,scene-1094_028,yaw_deg,3.00000000,2,Car,25.26737292,23.74686882,0,0.00000000,7,6,85.71428571,75.78421903
nuscenes,scene-1094_028,yaw_deg,3.00000000,4,Car,26.64049540,26.58529846,0,0.00000000,9,3,33.33333333,67.52707491
nuscenes,scene-1094_028,yaw_deg,3.00000000,6,Pedestrian,8.06600903,7.36457017,0,0.00000000,49,34,69.38775510,82.40368526
nuscenes,scene-1094_028,yaw_deg,3.00000000,7,Car,27.38516847,24.54286901,0,0.00000000,9,8,88.88888889,83.45208836
nuscenes,scene-1094_029,yaw_deg,-3.00000000,0,Pedestrian,13.04789244,12.47441118,0,0.00000000,19,3,15.78947368,73.27126133
nuscenes,scene-1094_029,yaw_deg,-3.00000000,1,Bus,50.46688714,49.07353876,0,0.00000000,6,6,100.00000000,71.15863431
nuscenes,scene-1094_029,yaw_deg,-3.00000000,2,Car,17.05631867,14.73345943,0,0.43597903,23,2,8.69565217,88.00447527
nuscenes,scene-1094_029,yaw_deg,-3.00000000,3,Car,27.36059449,27.31136589,0,0.00000000,19,3,15.78947368,67.70353265
nuscenes,scene-1094_029,yaw_deg,-3.00000000,5,Car,20.51390681,16.56852781,1,0.89943496,26,0,0.00000000,
nuscenes,scene-1094_029,yaw_deg,-2.00000000,0,Pedestrian,13.04789244,12.47441118,0,0.00000000,19,15,78.94736842,49.07624832
nuscenes,scene-1094_029,yaw_deg,-2.00000000,1,Bus,50.46688714,49.07353876,0,0.00000000,6,6,100.00000000,47.22601803
nuscenes,scene-1094_029,yaw_deg,-2.00000000,2,Car,17.05631867,14.73345943,0,0.43597903,23,3,13.04347826,59.68558890
nuscenes,scene-1094_029,yaw_deg,-2.00000000,3,Car,27.36059449,27.31136589,0,0.00000000,19,8,42.10526316,45.08357336
nuscenes,scene-1094_029,yaw_deg,-2.00000000,5,Car,20.51390681,16.56852781,1,0.89943496,26,0,0.00000000,
nuscenes,scene-1094_029,yaw_deg,-1.00000000,0,Pedestrian,13.04789244,12.47441118,0,0.00000000,19,19,100.00000000,24.65878525
nuscenes,scene-1094_029,yaw_deg,-1.00000000,1,Bus,50.46688714,49.07353876,0,0.00000000,6,6,100.00000000,23.51228066
nuscenes,scene-1094_029,yaw_deg,-1.00000000,2,Car,17.05631867,14.73345943,0,0.43597903,23,5,21.73913043,30.21055797
nuscenes,scene-1094_029,yaw_deg,-1.00000000,3,Car,27.36059449,27.31136589,0,0.00000000,19,16,84.21052632,22.52048154
nuscenes,scene-1094_029,yaw_deg,-1.00000000,5,Car,20.51390681,16.56852781,1,0.89943496,26,0,0.00000000,
nuscenes,scene-1094_029,yaw_deg,-0.50000000,0,Pedestrian,13.04789244,12.47441118,0,0.00000000,19,19,100.00000000,12.36076332
nuscenes,scene-1094_029,yaw_deg,-0.50000000,1,Bus,50.46688714,49.07353876,0,0.00000000,6,6,100.00000000,11.73202540
nuscenes,scene-1094_029,yaw_deg,-0.50000000,2,Car,17.05631867,14.73345943,0,0.43597903,23,5,21.73913043,15.02810088
nuscenes,scene-1094_029,yaw_deg,-0.50000000,3,Car,27.36059449,27.31136589,0,0.00000000,19,19,100.00000000,11.25580098
nuscenes,scene-1094_029,yaw_deg,-0.50000000,5,Car,20.51390681,16.56852781,1,0.89943496,26,0,0.00000000,
nuscenes,scene-1094_029,yaw_deg,0.00000000,0,Pedestrian,13.04789244,12.47441118,0,0.00000000,19,19,100.00000000,0.00000000
nuscenes,scene-1094_029,yaw_deg,0.00000000,1,Bus,50.46688714,49.07353876,0,0.00000000,6,6,100.00000000,0.00000000
nuscenes,scene-1094_029,yaw_deg,0.00000000,2,Car,17.05631867,14.73345943,0,0.43597903,23,6,26.08695652,0.00000000
nuscenes,scene-1094_029,yaw_deg,0.00000000,3,Car,27.36059449,27.31136589,0,0.00000000,19,19,100.00000000,0.00000000
nuscenes,scene-1094_029,yaw_deg,0.00000000,5,Car,20.51390681,16.56852781,1,0.89943496,26,0,0.00000000,
nuscenes,scene-1094_029,yaw_deg,0.50000000,0,Pedestrian,13.04789244,12.47441118,0,0.00000000,19,19,100.00000000,12.42597087
nuscenes,scene-1094_029,yaw_deg,0.50000000,1,Bus,50.46688714,49.07353876,0,0.00000000,6,6,100.00000000,11.68588927
nuscenes,scene-1094_029,yaw_deg,0.50000000,2,Car,17.05631867,14.73345943,0,0.43597903,23,8,34.78260870,14.98821827
nuscenes,scene-1094_029,yaw_deg,0.50000000,3,Car,27.36059449,27.31136589,0,0.00000000,19,18,94.73684211,11.24757574
nuscenes,scene-1094_029,yaw_deg,0.50000000,5,Car,20.51390681,16.56852781,1,0.89943496,26,0,0.00000000,
nuscenes,scene-1094_029,yaw_deg,1.00000000,0,Pedestrian,13.04789244,12.47441118,0,0.00000000,19,17,89.47368421,24.91966222
nuscenes,scene-1094_029,yaw_deg,1.00000000,1,Bus,50.46688714,49.07353876,0,0.00000000,6,6,100.00000000,23.32770559
nuscenes,scene-1094_029,yaw_deg,1.00000000,2,Car,17.05631867,14.73345943,0,0.43597903,23,12,52.17391304,29.82802948
nuscenes,scene-1094_029,yaw_deg,1.00000000,3,Car,27.36059449,27.31136589,0,0.00000000,19,16,84.21052632,22.48855659
nuscenes,scene-1094_029,yaw_deg,1.00000000,5,Car,20.51390681,16.56852781,1,0.89943496,26,0,0.00000000,
nuscenes,scene-1094_029,yaw_deg,2.00000000,0,Pedestrian,13.04789244,12.47441118,0,0.00000000,19,5,26.31578947,50.12050502
nuscenes,scene-1094_029,yaw_deg,2.00000000,1,Bus,50.46688714,49.07353876,0,0.00000000,6,3,50.00000000,46.48722845
nuscenes,scene-1094_029,yaw_deg,2.00000000,2,Car,17.05631867,14.73345943,0,0.43597903,23,16,69.56521739,59.08030085
nuscenes,scene-1094_029,yaw_deg,2.00000000,3,Car,27.36059449,27.31136589,0,0.00000000,19,11,57.89473684,44.96477384
nuscenes,scene-1094_029,yaw_deg,2.00000000,5,Car,20.51390681,16.56852781,1,0.89943496,26,0,0.00000000,
nuscenes,scene-1094_029,yaw_deg,3.00000000,0,Pedestrian,13.04789244,12.47441118,0,0.00000000,19,0,0.00000000,75.62365179
nuscenes,scene-1094_029,yaw_deg,3.00000000,1,Bus,50.46688714,49.07353876,0,0.00000000,6,1,16.66666667,69.49451997
nuscenes,scene-1094_029,yaw_deg,3.00000000,2,Car,17.05631867,14.73345943,0,0.43597903,23,19,82.60869565,87.79127408
nuscenes,scene-1094_029,yaw_deg,3.00000000,3,Car,27.36059449,27.31136589,0,0.00000000,19,3,15.78947368,67.44697103
nuscenes,scene-1094_029,yaw_deg,3.00000000,5,Car,20.51390681,16.56852781,1,0.89943496,26,0,0.00000000,
nuscenes,scene-1094_030,yaw_deg,-3.00000000,0,Pedestrian,9.05649421,7.99567894,0,0.00000000,42,27,64.28571429,85.05808062
nuscenes,scene-1094_030,yaw_deg,-3.00000000,1,Bus,42.42741310,40.77797536,0,0.00000000,32,24,75.00000000,73.44241682
nuscenes,scene-1094_030,yaw_deg,-3.00000000,2,Car,28.22670570,28.16952056,0,0.00000000,8,1,12.50000000,67.59335726
nuscenes,scene-1094_030,yaw_deg,-2.00000000,0,Pedestrian,9.05649421,7.99567894,0,0.00000000,42,37,88.09523810,57.18635960
nuscenes,scene-1094_030,yaw_deg,-2.00000000,1,Bus,42.42741310,40.77797536,0,0.00000000,32,27,84.37500000,48.69158176
nuscenes,scene-1094_030,yaw_deg,-2.00000000,2,Car,28.22670570,28.16952056,0,0.00000000,8,4,50.00000000,45.01302594
nuscenes,scene-1094_030,yaw_deg,-1.00000000,0,Pedestrian,9.05649421,7.99567894,0,0.00000000,42,41,97.61904762,28.84395418
nuscenes,scene-1094_030,yaw_deg,-1.00000000,1,Bus,42.42741310,40.77797536,0,0.00000000,32,30,93.75000000,24.21727338
nuscenes,scene-1094_030,yaw_deg,-1.00000000,2,Car,28.22670570,28.16952056,0,0.00000000,8,7,87.50000000,22.48663732
nuscenes,scene-1094_030,yaw_deg,-0.50000000,0,Pedestrian,9.05649421,7.99567894,0,0.00000000,42,42,100.00000000,14.48666636
nuscenes,scene-1094_030,yaw_deg,-0.50000000,1,Bus,42.42741310,40.77797536,0,0.00000000,32,32,100.00000000,12.07769665
nuscenes,scene-1094_030,yaw_deg,-0.50000000,2,Car,28.22670570,28.16952056,0,0.00000000,8,8,100.00000000,11.23923242
nuscenes,scene-1094_030,yaw_deg,0.00000000,0,Pedestrian,9.05649421,7.99567894,0,0.00000000,42,42,100.00000000,0.00000000
nuscenes,scene-1094_030,yaw_deg,0.00000000,1,Bus,42.42741310,40.77797536,0,0.00000000,32,32,100.00000000,0.00000000
nuscenes,scene-1094_030,yaw_deg,0.00000000,2,Car,28.22670570,28.16952056,0,0.00000000,8,8,100.00000000,0.00000000
nuscenes,scene-1094_030,yaw_deg,0.50000000,0,Pedestrian,9.05649421,7.99567894,0,0.00000000,42,42,100.00000000,14.62017787
nuscenes,scene-1094_030,yaw_deg,0.50000000,1,Bus,42.42741310,40.77797536,0,0.00000000,32,32,100.00000000,12.01814095
nuscenes,scene-1094_030,yaw_deg,0.50000000,2,Car,28.22670570,28.16952056,0,0.00000000,8,7,87.50000000,11.23281867
nuscenes,scene-1094_030,yaw_deg,1.00000000,0,Pedestrian,9.05649421,7.99567894,0,0.00000000,42,39,92.85714286,29.37811962
nuscenes,scene-1094_030,yaw_deg,1.00000000,1,Bus,42.42741310,40.77797536,0,0.00000000,32,30,93.75000000,23.97900948
nuscenes,scene-1094_030,yaw_deg,1.00000000,2,Car,28.22670570,28.16952056,0,0.00000000,8,7,87.50000000,22.46097831
nuscenes,scene-1094_030,yaw_deg,2.00000000,0,Pedestrian,9.05649421,7.99567894,0,0.00000000,42,19,45.23809524,59.32493344
nuscenes,scene-1094_030,yaw_deg,2.00000000,1,Bus,42.42741310,40.77797536,0,0.00000000,32,22,68.75000000,47.73786795
nuscenes,scene-1094_030,yaw_deg,2.00000000,2,Car,28.22670570,28.16952056,0,0.00000000,8,4,50.00000000,44.91292500
nuscenes,scene-1094_030,yaw_deg,3.00000000,0,Pedestrian,9.05649421,7.99567894,0,0.00000000,42,8,19.04761905,89.87705793
nuscenes,scene-1094_030,yaw_deg,3.00000000,1,Bus,42.42741310,40.77797536,0,0.00000000,32,17,53.12500000,71.29408848
nuscenes,scene-1094_030,yaw_deg,3.00000000,2,Car,28.22670570,28.16952056,0,0.00000000,8,1,12.50000000,67.36921304
nuscenes,scene-1094_031,yaw_deg,-3.00000000,0,Bus,34.20660117,32.16359741,0,0.00000000,47,39,82.97872340,76.15861392
nuscenes,scene-1094_031,yaw_deg,-3.00000000,1,Car,28.75016833,28.69092073,0,0.00000000,9,3,33.33333333,67.49620471
nuscenes,scene-1094_031,yaw_deg,-2.00000000,0,Bus,34.20660117,32.16359741,0,0.00000000,47,42,89.36170213,50.44152580
nuscenes,scene-1094_031,yaw_deg,-2.00000000,1,Car,28.75016833,28.69092073,0,0.00000000,9,5,55.55555556,44.95579801
nuscenes,scene-1094_031,yaw_deg,-1.00000000,0,Bus,34.20660117,32.16359741,0,0.00000000,47,45,95.74468085,25.06267435
nuscenes,scene-1094_031,yaw_deg,-1.00000000,1,Car,28.75016833,28.69092073,0,0.00000000,9,7,77.77777778,22.46176959
nuscenes,scene-1094_031,yaw_deg,-0.50000000,0,Bus,34.20660117,32.16359741,0,0.00000000,47,47,100.00000000,12.49315643
nuscenes,scene-1094_031,yaw_deg,-0.50000000,1,Car,28.75016833,28.69092073,0,0.00000000,9,9,100.00000000,11.22773136
nuscenes,scene-1094_031,yaw_deg,0.00000000,0,Bus,34.20660117,32.16359741,0,0.00000000,47,47,100.00000000,0.00000000
nuscenes,scene-1094_031,yaw_deg,0.00000000,1,Car,28.75016833,28.69092073,0,0.00000000,9,9,100.00000000,0.00000000
nuscenes,scene-1094_031,yaw_deg,0.50000000,0,Bus,34.20660117,32.16359741,0,0.00000000,47,46,97.87234043,12.41940745
nuscenes,scene-1094_031,yaw_deg,0.50000000,1,Car,28.75016833,28.69092073,0,0.00000000,9,8,88.88888889,11.22317716
nuscenes,scene-1094_031,yaw_deg,1.00000000,0,Bus,34.20660117,32.16359741,0,0.00000000,47,44,93.61702128,24.76762507
nuscenes,scene-1094_031,yaw_deg,1.00000000,1,Car,28.75016833,28.69092073,0,0.00000000,9,6,66.66666667,22.44354999
nuscenes,scene-1094_031,yaw_deg,2.00000000,0,Bus,34.20660117,32.16359741,0,0.00000000,47,35,74.46808511,49.26047407
nuscenes,scene-1094_031,yaw_deg,2.00000000,1,Car,28.75016833,28.69092073,0,0.00000000,9,3,33.33333333,44.88845873
nuscenes,scene-1094_031,yaw_deg,3.00000000,0,Bus,34.20660117,32.16359741,0,0.00000000,47,27,57.44680851,73.49803735
nuscenes,scene-1094_031,yaw_deg,3.00000000,1,Car,28.75016833,28.69092073,0,0.00000000,9,1,11.11111111,67.35792390
nuscenes,scene-1094_032,yaw_deg,-3.00000000,0,Bus,26.23380614,23.58567810,0,0.28496313,117,89,76.06837607,82.62688943
nuscenes,scene-1094_032,yaw_deg,-3.00000000,1,Car,29.26878440,29.22317221,0,0.00000000,7,1,14.28571429,67.50123260
nuscenes,scene-1094_032,yaw_deg,-2.00000000,0,Bus,26.23380614,23.58567810,0,0.28496313,117,100,85.47008547,55.22110978
nuscenes,scene-1094_032,yaw_deg,-2.00000000,1,Car,29.26878440,29.22317221,0,0.00000000,7,2,28.57142857,44.95228482
nuscenes,scene-1094_032,yaw_deg,-1.00000000,0,Bus,26.23380614,23.58567810,0,0.28496313,117,108,92.30769231,27.53887794
nuscenes,scene-1094_032,yaw_deg,-1.00000000,1,Car,29.26878440,29.22317221,0,0.00000000,7,5,71.42857143,22.45658763
nuscenes,scene-1094_032,yaw_deg,-0.50000000,0,Bus,26.23380614,23.58567810,0,0.28496313,117,108,92.30769231,13.71154089
nuscenes,scene-1094_032,yaw_deg,-0.50000000,1,Car,29.26878440,29.22317221,0,0.00000000,7,6,85.71428571,11.22428472
nuscenes,scene-1094_032,yaw_deg,0.00000000,0,Bus,26.23380614,23.58567810,0,0.28496313,117,108,92.30769231,0.00000000
nuscenes,scene-1094_032,yaw_deg,0.00000000,1,Car,29.26878440,29.22317221,0,0.00000000,7,7,100.00000000,0.00000000
nuscenes,scene-1094_032,yaw_deg,0.50000000,0,Bus,26.23380614,23.58567810,0,0.28496313,117,108,92.30769231,13.59929724
nuscenes,scene-1094_032,yaw_deg,0.50000000,1,Car,29.26878440,29.22317221,0,0.00000000,7,7,100.00000000,11.21801924
nuscenes,scene-1094_032,yaw_deg,1.00000000,0,Bus,26.23380614,23.58567810,0,0.28496313,117,105,89.74358974,27.08981103
nuscenes,scene-1094_032,yaw_deg,1.00000000,1,Car,29.26878440,29.22317221,0,0.00000000,7,6,85.71428571,22.43152182
nuscenes,scene-1094_032,yaw_deg,2.00000000,0,Bus,26.23380614,23.58567810,0,0.28496313,117,99,84.61538462,53.75789047
nuscenes,scene-1094_032,yaw_deg,2.00000000,1,Car,29.26878440,29.22317221,0,0.00000000,7,4,57.14285714,44.85291358
nuscenes,scene-1094_032,yaw_deg,3.00000000,0,Bus,26.23380614,23.58567810,0,0.28496313,117,95,81.19658120,80.03021585
nuscenes,scene-1094_032,yaw_deg,3.00000000,1,Car,29.26878440,29.22317221,0,0.00000000,7,1,14.28571429,67.28126105
nuscenes,scene-1094_033,yaw_deg,-3.00000000,0,Bus,18.84726759,14.96341098,0,0.84787415,338,38,11.24260355,88.14493624
nuscenes,scene-1094_033,yaw_deg,-3.00000000,1,Car,29.70596195,29.66525633,0,0.00000000,17,2,11.76470588,67.35324367
nuscenes,scene-1094_033,yaw_deg,-3.00000000,2,Pedestrian,19.30876800,18.39261851,2,0.00000000,6,0,0.00000000,72.72165551
nuscenes,scene-1094_033,yaw_deg,-2.00000000,0,Bus,18.84726759,14.96341098,0,0.84787415,338,47,13.90532544,58.58221150
nuscenes,scene-1094_033,yaw_deg,-2.00000000,1,Car,29.70596195,29.66525633,0,0.00000000,17,8,47.05882353,44.85744667
nuscenes,scene-1094_033,yaw_deg,-2.00000000,2,Pedestrian,19.30876800,18.39261851,2,0.00000000,6,0,0.00000000,48.71556934
nuscenes,scene-1094_033,yaw_deg,-1.00000000,0,Bus,18.84726759,14.96341098,0,0.84787415,338,61,18.04733728,29.20716975
nuscenes,scene-1094_033,yaw_deg,-1.00000000,1,Car,29.70596195,29.66525633,0,0.00000000,17,14,82.35294118,22.41318880
nuscenes,scene-1094_033,yaw_deg,-1.00000000,2,Pedestrian,19.30876800,18.39261851,2,0.00000000,6,5,83.33333333,24.48123485
nuscenes,scene-1094_033,yaw_deg,-0.50000000,0,Bus,18.84726759,14.96341098,0,0.84787415,338,69,20.41420118,14.62072636
nuscenes,scene-1094_033,yaw_deg,-0.50000000,1,Car,29.70596195,29.66525633,0,0.00000000,17,16,94.11764706,11.20368491
nuscenes,scene-1094_033,yaw_deg,-0.50000000,2,Pedestrian,19.30876800,18.39261851,2,0.00000000,6,6,100.00000000,12.27267203
nuscenes,scene-1094_033,yaw_deg,0.00000000,0,Bus,18.84726759,14.96341098,0,0.84787415,338,73,21.59763314,0.00000000
nuscenes,scene-1094_033,yaw_deg,0.00000000,1,Car,29.70596195,29.66525633,0,0.00000000,17,17,100.00000000,0.00000000
nuscenes,scene-1094_033,yaw_deg,0.00000000,2,Pedestrian,19.30876800,18.39261851,2,0.00000000,6,6,100.00000000,0.00000000
nuscenes,scene-1094_033,yaw_deg,0.50000000,0,Bus,18.84726759,14.96341098,0,0.84787415,338,83,24.55621302,14.49272827
nuscenes,scene-1094_033,yaw_deg,0.50000000,1,Car,29.70596195,29.66525633,0,0.00000000,17,17,100.00000000,11.19960887
nuscenes,scene-1094_033,yaw_deg,0.50000000,2,Pedestrian,19.30876800,18.39261851,2,0.00000000,6,6,100.00000000,12.33922142
nuscenes,scene-1094_033,yaw_deg,1.00000000,0,Bus,18.84726759,14.96341098,0,0.84787415,338,85,25.14792899,28.84984111
nuscenes,scene-1094_033,yaw_deg,1.00000000,1,Car,29.70596195,29.66525633,0,0.00000000,17,13,76.47058824,22.39515399
nuscenes,scene-1094_033,yaw_deg,1.00000000,2,Pedestrian,19.30876800,18.39261851,2,0.00000000,6,6,100.00000000,24.74747977
nuscenes,scene-1094_033,yaw_deg,2.00000000,0,Bus,18.84726759,14.96341098,0,0.84787415,338,90,26.62721893,57.17349592
nuscenes,scene-1094_033,yaw_deg,2.00000000,1,Car,29.70596195,29.66525633,0,0.00000000,17,7,41.17647059,44.79137735
nuscenes,scene-1094_033,yaw_deg,2.00000000,2,Pedestrian,19.30876800,18.39261851,2,0.00000000,6,0,0.00000000,49.78130711
nuscenes,scene-1094_033,yaw_deg,3.00000000,0,Bus,18.84726759,14.96341098,0,0.84787415,338,96,28.40236686,85.00239366
nuscenes,scene-1094_033,yaw_deg,3.00000000,1,Car,29.70596195,29.66525633,0,0.00000000,17,1,5.88235294,67.19503203
nuscenes,scene-1094_033,yaw_deg,3.00000000,2,Pedestrian,19.30876800,18.39261851,2,0.00000000,6,0,0.00000000,75.12241311
nuscenes,scene-1094_034,yaw_deg,-3.00000000,0,Car,30.01012601,29.96978863,0,0.00000000,7,0,0.00000000,67.34844025
nuscenes,scene-1094_034,yaw_deg,-3.00000000,1,Pedestrian,13.48299612,12.12570484,2,0.00000000,13,0,0.00000000,81.13515894
nuscenes,scene-1094_034,yaw_deg,-2.00000000,0,Car,30.01012601,29.96978863,0,0.00000000,7,3,42.85714286,44.85652374
nuscenes,scene-1094_034,yaw_deg,-2.00000000,1,Pedestrian,13.48299612,12.12570484,2,0.00000000,13,6,46.15384615,54.50677658
nuscenes,scene-1094_034,yaw_deg,-1.00000000,0,Car,30.01012601,29.96978863,0,0.00000000,7,6,85.71428571,22.41172565
nuscenes,scene-1094_034,yaw_deg,-1.00000000,1,Pedestrian,13.48299612,12.12570484,2,0.00000000,13,13,100.00000000,27.47069718
nuscenes,scene-1094_034,yaw_deg,-0.50000000,0,Car,30.01012601,29.96978863,0,0.00000000,7,7,100.00000000,11.20260303
nuscenes,scene-1094_034,yaw_deg,-0.50000000,1,Pedestrian,13.48299612,12.12570484,2,0.00000000,13,13,100.00000000,13.79141264
nuscenes,scene-1094_034,yaw_deg,0.00000000,0,Car,30.01012601,29.96978863,0,0.00000000,7,7,100.00000000,0.00000000
nuscenes,scene-1094_034,yaw_deg,0.00000000,1,Pedestrian,13.48299612,12.12570484,2,0.00000000,13,13,100.00000000,0.00000000
nuscenes,scene-1094_034,yaw_deg,0.50000000,0,Car,30.01012601,29.96978863,0,0.00000000,7,7,100.00000000,11.19782665
nuscenes,scene-1094_034,yaw_deg,0.50000000,1,Pedestrian,13.48299612,12.12570484,2,0.00000000,13,13,100.00000000,13.90712958
nuscenes,scene-1094_034,yaw_deg,1.00000000,0,Car,30.01012601,29.96978863,0,0.00000000,7,6,85.71428571,22.39261716
nuscenes,scene-1094_034,yaw_deg,1.00000000,1,Pedestrian,13.48299612,12.12570484,2,0.00000000,13,13,100.00000000,27.93366198
nuscenes,scene-1094_034,yaw_deg,2.00000000,0,Car,30.01012601,29.96978863,0,0.00000000,7,3,42.85714286,44.78327072
nuscenes,scene-1094_034,yaw_deg,2.00000000,1,Pedestrian,13.48299612,12.12570484,2,0.00000000,13,7,53.84615385,56.36018953
nuscenes,scene-1094_034,yaw_deg,3.00000000,0,Car,30.01012601,29.96978863,0,0.00000000,7,0,0.00000000,67.18154548
nuscenes,scene-1094_034,yaw_deg,3.00000000,1,Pedestrian,13.48299612,12.12570484,2,0.00000000,13,1,7.69230769,85.31117661
nuscenes,scene-1094_035,yaw_deg,-3.00000000,0,Car,30.01022876,29.97151665,0,0.00000000,8,0,0.00000000,67.31921628
nuscenes,scene-1094_035,yaw_deg,-2.00000000,0,Car,30.01022876,29.97151665,0,0.00000000,8,3,37.50000000,44.83793366
nuscenes,scene-1094_035,yaw_deg,-1.00000000,0,Car,30.01022876,29.97151665,0,0.00000000,8,6,75.00000000,22.40287083
nuscenes,scene-1094_035,yaw_deg,-0.50000000,0,Car,30.01022876,29.97151665,0,0.00000000,8,7,87.50000000,11.19828463
nuscenes,scene-1094_035,yaw_deg,0.00000000,0,Car,30.01022876,29.97151665,0,0.00000000,8,8,100.00000000,0.00000000
nuscenes,scene-1094_035,yaw_deg,0.50000000,0,Car,30.01022876,29.97151665,0,0.00000000,8,8,100.00000000,11.19372434
nuscenes,scene-1094_035,yaw_deg,1.00000000,0,Car,30.01022876,29.97151665,0,0.00000000,8,7,87.50000000,22.38462685
nuscenes,scene-1094_035,yaw_deg,2.00000000,0,Car,30.01022876,29.97151665,0,0.00000000,8,4,50.00000000,44.76951919
nuscenes,scene-1094_035,yaw_deg,3.00000000,0,Car,30.01022876,29.97151665,0,0.00000000,8,1,12.50000000,67.16223735
nuscenes,scene-1094_036,yaw_deg,-3.00000000,0,Car,30.03476312,30.00321773,0,0.00000000,17,1,5.88235294,67.20118184
nuscenes,scene-1094_036,yaw_deg,-2.00000000,0,Car,30.03476312,30.00321773,0,0.00000000,17,7,41.17647059,44.76328069
nuscenes,scene-1094_036,yaw_deg,-1.00000000,0,Car,30.03476312,30.00321773,0,0.00000000,17,13,76.47058824,22.36726264
nuscenes,scene-1094_036,yaw_deg,-0.50000000,0,Car,30.03476312,30.00321773,0,0.00000000,17,17,100.00000000,11.18193151
nuscenes,scene-1094_036,yaw_deg,0.00000000,0,Car,30.03476312,30.00321773,0,0.00000000,17,17,100.00000000,0.00000000
nuscenes,scene-1094_036,yaw_deg,0.50000000,0,Car,30.03476312,30.00321773,0,0.00000000,17,17,100.00000000,11.18068505
nuscenes,scene-1094_036,yaw_deg,1.00000000,0,Car,30.03476312,30.00321773,0,0.00000000,17,14,82.35294118,22.36160943
nuscenes,scene-1094_036,yaw_deg,2.00000000,0,Car,30.03476312,30.00321773,0,0.00000000,17,8,47.05882353,44.72659707
nuscenes,scene-1094_036,yaw_deg,3.00000000,0,Car,30.03476312,30.00321773,0,0.00000000,17,2,11.76470588,67.10242648
nuscenes,scene-1094_037,yaw_deg,-3.00000000,0,Car,30.03608325,30.00173377,0,0.00000000,7,0,0.00000000,67.20638665
nuscenes,scene-1094_037,yaw_deg,-3.00000000,2,Motorcycle,17.43121099,14.41543850,0,0.85507249,22,0,0.00000000,
nuscenes,scene-1094_037,yaw_deg,-3.00000000,4,Car,30.25095575,29.08552527,0,0.00000000,5,2,40.00000000,74.95422577
nuscenes,scene-1094_037,yaw_deg,-2.00000000,0,Car,30.03608325,30.00173377,0,0.00000000,7,2,28.57142857,44.77088354
nuscenes,scene-1094_037,yaw_deg,-2.00000000,2,Motorcycle,17.43121099,14.41543850,0,0.85507249,22,0,0.00000000,
nuscenes,scene-1094_037,yaw_deg,-2.00000000,4,Car,30.25095575,29.08552527,0,0.00000000,5,2,40.00000000,49.66500935
nuscenes,scene-1094_037,yaw_deg,-1.00000000,0,Car,30.03608325,30.00173377,0,0.00000000,7,5,71.42857143,22.37340459
nuscenes,scene-1094_037,yaw_deg,-1.00000000,2,Motorcycle,17.43121099,14.41543850,0,0.85507249,22,0,0.00000000,
nuscenes,scene-1094_037,yaw_deg,-1.00000000,4,Car,30.25095575,29.08552527,0,0.00000000,5,3,60.00000000,24.68723463
nuscenes,scene-1094_037,yaw_deg,-0.50000000,0,Car,30.03608325,30.00173377,0,0.00000000,7,7,100.00000000,11.18456214
nuscenes,scene-1094_037,yaw_deg,-0.50000000,2,Motorcycle,17.43121099,14.41543850,0,0.85507249,22,0,0.00000000,
nuscenes,scene-1094_037,yaw_deg,-0.50000000,4,Car,30.25095575,29.08552527,0,0.00000000,5,4,80.00000000,12.30857259
nuscenes,scene-1094_037,yaw_deg,0.00000000,0,Car,30.03608325,30.00173377,0,0.00000000,7,7,100.00000000,0.00000000
nuscenes,scene-1094_037,yaw_deg,0.00000000,2,Motorcycle,17.43121099,14.41543850,0,0.85507249,22,0,0.00000000,
nuscenes,scene-1094_037,yaw_deg,0.00000000,4,Car,30.25095575,29.08552527,0,0.00000000,5,5,100.00000000,0.00000000
nuscenes,scene-1094_037,yaw_deg,0.50000000,0,Car,30.03608325,30.00173377,0,0.00000000,7,7,100.00000000,11.18202301
nuscenes,scene-1094_037,yaw_deg,0.50000000,2,Motorcycle,17.43121099,14.41543850,0,0.85507249,22,1,4.54545455,
nuscenes,scene-1094_037,yaw_deg,0.50000000,4,Car,30.25095575,29.08552527,0,0.00000000,5,4,80.00000000,12.24096555
nuscenes,scene-1094_037,yaw_deg,1.00000000,0,Car,30.03608325,30.00173377,0,0.00000000,7,7,100.00000000,22.36494402
nuscenes,scene-1094_037,yaw_deg,1.00000000,2,Motorcycle,17.43121099,14.41543850,0,0.85507249,22,4,18.18181818,
nuscenes,scene-1094_037,yaw_deg,1.00000000,4,Car,30.25095575,29.08552527,0,0.00000000,5,4,80.00000000,24.41675856
nuscenes,scene-1094_037,yaw_deg,2.00000000,0,Car,30.03608325,30.00173377,0,0.00000000,7,4,57.14285714,44.73412890
nuscenes,scene-1094_037,yaw_deg,2.00000000,2,Motorcycle,17.43121099,14.41543850,0,0.85507249,22,6,27.27272727,
nuscenes,scene-1094_037,yaw_deg,2.00000000,4,Car,30.25095575,29.08552527,0,0.00000000,5,4,80.00000000,48.58233791
nuscenes,scene-1094_037,yaw_deg,3.00000000,0,Car,30.03608325,30.00173377,0,0.00000000,7,1,14.28571429,67.11458063
nuscenes,scene-1094_037,yaw_deg,3.00000000,2,Motorcycle,17.43121099,14.41543850,0,0.85507249,22,8,36.36363636,
nuscenes,scene-1094_037,yaw_deg,3.00000000,4,Car,30.25095575,29.08552527,0,0.00000000,5,3,60.00000000,72.51533333
nuscenes,scene-1094_038,yaw_deg,-3.00000000,0,Car,29.99339298,29.96401680,0,0.00000000,18,3,16.66666667,67.18894787
nuscenes,scene-1094_038,yaw_deg,-3.00000000,1,Pedestrian,26.35082477,25.76580841,1,0.00000000,5,0,0.00000000,69.41286567
nuscenes,scene-1094_038,yaw_deg,-3.00000000,3,Car,18.93808701,17.08002290,0,0.00000000,42,29,69.04761905,84.68549529
nuscenes,scene-1094_038,yaw_deg,-2.00000000,0,Car,29.99339298,29.96401680,0,0.00000000,18,8,44.44444444,44.76177040
nuscenes,scene-1094_038,yaw_deg,-2.00000000,1,Pedestrian,26.35082477,25.76580841,1,0.00000000,5,0,0.00000000,46.42289765
nuscenes,scene-1094_038,yaw_deg,-2.00000000,3,Car,18.93808701,17.08002290,0,0.00000000,42,34,80.95238095,56.28340378
nuscenes,scene-1094_038,yaw_deg,-1.00000000,0,Car,29.99339298,29.96401680,0,0.00000000,18,14,77.77777778,22.36946370
nuscenes,scene-1094_038,yaw_deg,-1.00000000,1,Pedestrian,26.35082477,25.76580841,1,0.00000000,5,2,40.00000000,23.29054677
nuscenes,scene-1094_038,yaw_deg,-1.00000000,3,Car,18.93808701,17.08002290,0,0.00000000,42,40,95.23809524,27.97929910
nuscenes,scene-1094_038,yaw_deg,-0.50000000,0,Car,29.99339298,29.96401680,0,0.00000000,18,18,100.00000000,11.18317164
nuscenes,scene-1094_038,yaw_deg,-0.50000000,1,Pedestrian,26.35082477,25.76580841,1,0.00000000,5,4,80.00000000,11.66605182
nuscenes,scene-1094_038,yaw_deg,-0.50000000,3,Car,18.93808701,17.08002290,0,0.00000000,42,42,100.00000000,13.92883959
nuscenes,scene-1094_038,yaw_deg,0.00000000,0,Car,29.99339298,29.96401680,0,0.00000000,18,18,100.00000000,0.00000000
nuscenes,scene-1094_038,yaw_deg,0.00000000,1,Pedestrian,26.35082477,25.76580841,1,0.00000000,5,5,100.00000000,0.00000000
nuscenes,scene-1094_038,yaw_deg,0.00000000,3,Car,18.93808701,17.08002290,0,0.00000000,42,42,100.00000000,0.00000000
nuscenes,scene-1094_038,yaw_deg,0.50000000,0,Car,29.99339298,29.96401680,0,0.00000000,18,15,83.33333333,11.18239369
nuscenes,scene-1094_038,yaw_deg,0.50000000,1,Pedestrian,26.35082477,25.76580841,1,0.00000000,5,3,60.00000000,11.70965037
nuscenes,scene-1094_038,yaw_deg,0.50000000,3,Car,18.93808701,17.08002290,0,0.00000000,42,42,100.00000000,13.81094066
nuscenes,scene-1094_038,yaw_deg,1.00000000,0,Car,29.99339298,29.96401680,0,0.00000000,18,14,77.77777778,22.36463084
nuscenes,scene-1094_038,yaw_deg,1.00000000,1,Pedestrian,26.35082477,25.76580841,1,0.00000000,5,1,20.00000000,23.46496980
nuscenes,scene-1094_038,yaw_deg,1.00000000,3,Car,18.93808701,17.08002290,0,0.00000000,42,41,97.61904762,27.50760446
nuscenes,scene-1094_038,yaw_deg,2.00000000,0,Car,29.99339298,29.96401680,0,0.00000000,18,8,44.44444444,44.73383223
nuscenes,scene-1094_038,yaw_deg,2.00000000,1,Pedestrian,26.35082477,25.76580841,1,0.00000000,5,0,0.00000000,47.12105111
nuscenes,scene-1094_038,yaw_deg,2.00000000,3,Car,18.93808701,17.08002290,0,0.00000000,42,38,90.47619048,54.57211953
nuscenes,scene-1094_038,yaw_deg,3.00000000,0,Car,29.99339298,29.96401680,0,0.00000000,18,2,11.11111111,67.11159718
nuscenes,scene-1094_038,yaw_deg,3.00000000,1,Pedestrian,26.35082477,25.76580841,1,0.00000000,5,0,0.00000000,70.98544370
nuscenes,scene-1094_038,yaw_deg,3.00000000,3,Car,18.93808701,17.08002290,0,0.00000000,42,30,71.42857143,81.22069545
nuscenes,scene-1094_039,yaw_deg,-3.00000000,0,Car,29.87767748,29.83641027,0,0.00000000,10,1,10.00000000,67.22528458
nuscenes,scene-1094_039,yaw_deg,-3.00000000,1,Pedestrian,19.67397481,18.83018669,0,0.00000000,11,0,0.00000000,72.14027236
nuscenes,scene-1094_039,yaw_deg,-3.00000000,2,Pedestrian,15.38288366,14.30764974,0,0.00000000,7,0,0.00000000,75.97012601
nuscenes,scene-1094_039,yaw_deg,-2.00000000,0,Car,29.87767748,29.83641027,0,0.00000000,10,4,40.00000000,44.78047973
nuscenes,scene-1094_039,yaw_deg,-2.00000000,1,Pedestrian,19.67397481,18.83018669,0,0.00000000,11,0,0.00000000,48.31612603
nuscenes,scene-1094_039,yaw_deg,-2.00000000,2,Pedestrian,15.38288366,14.30764974,0,0.00000000,7,0,0.00000000,50.95628711
nuscenes,scene-1094_039,yaw_deg,-1.00000000,0,Car,29.87767748,29.83641027,0,0.00000000,10,7,70.00000000,22.37396206
nuscenes,scene-1094_039,yaw_deg,-1.00000000,1,Pedestrian,19.67397481,18.83018669,0,0.00000000,11,6,54.54545455,24.27542408
nuscenes,scene-1094_039,yaw_deg,-1.00000000,2,Pedestrian,15.38288366,14.30764974,0,0.00000000,7,6,85.71428571,25.64014626
nuscenes,scene-1094_039,yaw_deg,-0.50000000,0,Car,29.87767748,29.83641027,0,0.00000000,10,9,90.00000000,11.18358649
nuscenes,scene-1094_039,yaw_deg,-0.50000000,1,Pedestrian,19.67397481,18.83018669,0,0.00000000,11,10,90.90909091,12.16821243
nuscenes,scene-1094_039,yaw_deg,-0.50000000,2,Pedestrian,15.38288366,14.30764974,0,0.00000000,7,7,100.00000000,12.86196712
nuscenes,scene-1094_039,yaw_deg,0.00000000,0,Car,29.87767748,29.83641027,0,0.00000000,10,10,100.00000000,0.00000000
nuscenes,scene-1094_039,yaw_deg,0.00000000,1,Pedestrian,19.67397481,18.83018669,0,0.00000000,11,11,100.00000000,0.00000000
nuscenes,scene-1094_039,yaw_deg,0.00000000,2,Pedestrian,15.38288366,14.30764974,0,0.00000000,7,7,100.00000000,0.00000000
nuscenes,scene-1094_039,yaw_deg,0.50000000,0,Car,29.87767748,29.83641027,0,0.00000000,10,9,90.00000000,11.18161766
nuscenes,scene-1094_039,yaw_deg,0.50000000,1,Pedestrian,19.67397481,18.83018669,0,0.00000000,11,11,100.00000000,12.23158616
nuscenes,scene-1094_039,yaw_deg,0.50000000,2,Pedestrian,15.38288366,14.30764974,0,0.00000000,7,7,100.00000000,12.94862001
nuscenes,scene-1094_039,yaw_deg,1.00000000,0,Car,29.87767748,29.83641027,0,0.00000000,10,8,80.00000000,22.36379275
nuscenes,scene-1094_039,yaw_deg,1.00000000,1,Pedestrian,19.67397481,18.83018669,0,0.00000000,11,7,63.63636364,24.52896356
nuscenes,scene-1094_039,yaw_deg,1.00000000,2,Pedestrian,15.38288366,14.30764974,0,0.00000000,7,7,100.00000000,25.98682373
nuscenes,scene-1094_039,yaw_deg,2.00000000,0,Car,29.87767748,29.83641027,0,0.00000000,10,5,50.00000000,44.73091717
nuscenes,scene-1094_039,yaw_deg,2.00000000,1,Pedestrian,19.67397481,18.83018669,0,0.00000000,11,0,0.00000000,49.33099721
nuscenes,scene-1094_039,yaw_deg,2.00000000,2,Pedestrian,15.38288366,14.30764974,0,0.00000000,7,0,0.00000000,52.34405272
nuscenes,scene-1094_039,yaw_deg,3.00000000,0,Car,29.87767748,29.83641027,0,0.00000000,10,2,20.00000000,67.10659810
nuscenes,scene-1094_039,yaw_deg,3.00000000,1,Pedestrian,19.67397481,18.83018669,0,0.00000000,11,0,0.00000000,74.42641166
nuscenes,scene-1094_039,yaw_deg,3.00000000,2,Pedestrian,15.38288366,14.30764974,0,0.00000000,7,0,0.00000000,79.09656474
